song_name,artist,video_id,video_url,start_time,end_time
アカシア,,NhGrb8nfxm8,https://youtu.be/NhGrb8nfxm8?t=808,00:13:28,00:17:45
"Hello, world!",,NhGrb8nfxm8,https://youtu.be/NhGrb8nfxm8?t=1087,00:18:07,00:22:17
SOUVENIR,,NhGrb8nfxm8,https://youtu.be/NhGrb8nfxm8?t=1347,00:22:27,00:26:48
クロノスタシス,,NhGrb8nfxm8,https://youtu.be/NhGrb8nfxm8?t=1625,00:27:05,00:32:41
strawberry,,NhGrb8nfxm8,https://youtu.be/NhGrb8nfxm8?t=1976,00:32:56,00:38:13
車輪の唄,,NhGrb8nfxm8,https://youtu.be/NhGrb8nfxm8?t=2717,00:45:17,00:49:34
天体観測,,NhGrb8nfxm8,https://youtu.be/NhGrb8nfxm8?t=3040,00:50:40,00:54:51
ray,,NhGrb8nfxm8,https://youtu.be/NhGrb8nfxm8?t=3334,00:55:34,01:00:30
Sleep Walking Orchestra,,2t1agIpQuWM,https://youtu.be/2t1agIpQuWM?t=1486,24:46,28:41
アンサー,,2t1agIpQuWM,https://youtu.be/2t1agIpQuWM?t=1778,29:38,34:33
なないろ,,2t1agIpQuWM,https://youtu.be/2t1agIpQuWM?t=2178,36:18,40:44
pinkie,,2t1agIpQuWM,https://youtu.be/2t1agIpQuWM?t=2485,41:25,45:50
記念撮影,,2t1agIpQuWM,https://youtu.be/2t1agIpQuWM?t=2854,47:34,52:41
邂逅,,2t1agIpQuWM,https://youtu.be/2t1agIpQuWM?t=3416,56:56,1:02:00
Strawberry,,2t1agIpQuWM,https://youtu.be/2t1agIpQuWM?t=3812,1:03:32,1:08:53
太陽,,2t1agIpQuWM,https://youtu.be/2t1agIpQuWM?t=4254,1:10:54,1:17:18
メーデー,,2t1agIpQuWM,https://youtu.be/2t1agIpQuWM?t=4750,1:19:10,1:24:20
レム,,2t1agIpQuWM,https://youtu.be/2t1agIpQuWM?t=5113,1:25:13,1:30:00
SOUVENIR,,2t1agIpQuWM,https://youtu.be/2t1agIpQuWM?t=5820,1:37:00,1:41:56
アカシア,,2t1agIpQuWM,https://youtu.be/2t1agIpQuWM?t=6148,1:42:28,1:46:19
Gravity,,2t1agIpQuWM,https://youtu.be/2t1agIpQuWM?t=6448,1:47:28,1:52:41
木漏れ日と一緒に,,2t1agIpQuWM,https://youtu.be/2t1agIpQuWM?t=6819,1:53:39,1:57:56
ray,,2t1agIpQuWM,https://youtu.be/2t1agIpQuWM?t=7251,2:00:51,2:05:43
窓の中から,,2t1agIpQuWM,https://youtu.be/2t1agIpQuWM?t=7650,2:07:30,2:14:41
en.01 you were here,,2t1agIpQuWM,https://youtu.be/2t1agIpQuWM?t=8419,2:20:19,2:25:39
en.02 ガラスのブルース,,2t1agIpQuWM,https://youtu.be/2t1agIpQuWM?t=8873,2:27:53,2:33:33
en.03 花の名,,2t1agIpQuWM,https://youtu.be/2t1agIpQuWM?t=9292,2:34:52,2:40:07
境界線,amazarashi,oPnoS1kgUjM,https://youtu.be/oPnoS1kgUjM?t=773,12:53,
ナイトメア,amazarashi,oPnoS1kgUjM,https://youtu.be/oPnoS1kgUjM?t=1240,20:40,
黎明期,amazarashi,oPnoS1kgUjM,https://youtu.be/oPnoS1kgUjM?t=1509,25:09,
痛覚,amazarashi,oPnoS1kgUjM,https://youtu.be/oPnoS1kgUjM?t=1834,30:34,
アダプテット,amazarashi,oPnoS1kgUjM,https://youtu.be/oPnoS1kgUjM?t=2180,36:20,
アンチノミー,amazarashi,oPnoS1kgUjM,https://youtu.be/oPnoS1kgUjM?t=2600,43:20,
配信が止まるトラブル発生,,oPnoS1kgUjM,https://youtu.be/oPnoS1kgUjM?t=2868,47:48,
少し巻き戻して再開,,oPnoS1kgUjM,https://youtu.be/oPnoS1kgUjM?t=2918,48:38,
ワンルーム叙事詩,amazarashi,oPnoS1kgUjM,https://youtu.be/oPnoS1kgUjM?t=3234,53:54,
ナモナキヒト,amazarashi,oPnoS1kgUjM,https://youtu.be/oPnoS1kgUjM?t=3604,1:00:04,
風に流離い,amazarashi,oPnoS1kgUjM,https://youtu.be/oPnoS1kgUjM?t=4014,1:06:54,
性善説,amazarashi,oPnoS1kgUjM,https://youtu.be/oPnoS1kgUjM?t=4350,1:12:30,
多数決,amazarashi,oPnoS1kgUjM,https://youtu.be/oPnoS1kgUjM?t=4789,1:19:49,
逃避行,amazarashi,oPnoS1kgUjM,https://youtu.be/oPnoS1kgUjM?t=5547,1:32:27,
美しき思い出,amazarashi,oPnoS1kgUjM,https://youtu.be/oPnoS1kgUjM?t=5823,1:37:03,
もう一度,amazarashi,oPnoS1kgUjM,https://youtu.be/oPnoS1kgUjM?t=6248,1:44:08,
とどめを刺して,amazarashi,oPnoS1kgUjM,https://youtu.be/oPnoS1kgUjM?t=6625,1:50:25,
空洞空洞,amazarashi,oPnoS1kgUjM,https://youtu.be/oPnoS1kgUjM?t=6998,1:56:38,
アンアライブ,amazarashi,oPnoS1kgUjM,https://youtu.be/oPnoS1kgUjM?t=7626,2:07:06,
1.0,amazarashi,oPnoS1kgUjM,https://youtu.be/oPnoS1kgUjM?t=7905,2:11:45,
スターライト,amazarashi,oPnoS1kgUjM,https://youtu.be/oPnoS1kgUjM?t=8265,2:17:45,
フィロソフィー,amazarashi,oPnoS1kgUjM,https://youtu.be/oPnoS1kgUjM?t=8575,2:22:55,
空に歌えば,amazarashi,oPnoS1kgUjM,https://youtu.be/oPnoS1kgUjM?t=8866,2:27:46,
季節は次々死んでいく,amazarashi,oPnoS1kgUjM,https://youtu.be/oPnoS1kgUjM?t=9142,2:32:22,
夏空,,pnxeFZFreFU,https://youtu.be/pnxeFZFreFU?t=1115,18:35,
クライマー,,pnxeFZFreFU,https://youtu.be/pnxeFZFreFU?t=1570,26:10,
サークルゲーム,,pnxeFZFreFU,https://youtu.be/pnxeFZFreFU?t=1787,29:47,
恋の寿命,,pnxeFZFreFU,https://youtu.be/pnxeFZFreFU?t=2128,35:28,
明日へ,,pnxeFZFreFU,https://youtu.be/pnxeFZFreFU?t=2446,40:46,
バナナフィッシュの浜辺と黒い虹,,pnxeFZFreFU,https://youtu.be/pnxeFZFreFU?t=2786,46:26,
ハローグッバイ,,pnxeFZFreFU,https://youtu.be/pnxeFZFreFU?t=3136,52:16,
四ツ葉さがしの旅人,,pnxeFZFreFU,https://youtu.be/pnxeFZFreFU?t=3428,57:08,
僕から君へ,,pnxeFZFreFU,https://youtu.be/pnxeFZFreFU?t=3725,1:02:05,
青い栞,,pnxeFZFreFU,https://youtu.be/pnxeFZFreFU?t=4343,1:12:23,
乗車権のイントロのライブアレンジ,,zmo2hLXfBNU,https://youtu.be/zmo2hLXfBNU?t=6529,1:48:49,
今後どんな「BUMP OF CHICKEN」縛りがいいと思う？,,zmo2hLXfBNU,https://youtu.be/zmo2hLXfBNU?t=9734,2:42:14,
ライブハウスは行けましたか？,,zmo2hLXfBNU,https://youtu.be/zmo2hLXfBNU?t=10621,2:57:01,
思い出した。この日チャマさんが投げたペットボトルの水か掛かった,,zmo2hLXfBNU,https://youtu.be/zmo2hLXfBNU?t=10814,3:00:14,
藤原さんの誕生日と「はじめてのチュウ」を歌ってくれた話,,zmo2hLXfBNU,https://youtu.be/zmo2hLXfBNU?t=11098,3:04:58,
"STADIUM TOUR 2016 ""BFLY"" のセトリ",,zmo2hLXfBNU,https://youtu.be/zmo2hLXfBNU?t=11280,3:08:00,
ダイヤモンド,,ISFNqCgF9X8,https://youtu.be/ISFNqCgF9X8?t=885,14:45,
天体観測,,ISFNqCgF9X8,https://youtu.be/ISFNqCgF9X8?t=1225,20:25,
ハルジオン,,ISFNqCgF9X8,https://youtu.be/ISFNqCgF9X8?t=1533,25:33,
sailing day,,ISFNqCgF9X8,https://youtu.be/ISFNqCgF9X8?t=1886,31:26,
ロストマン,,ISFNqCgF9X8,https://youtu.be/ISFNqCgF9X8?t=2155,35:55,
オンリーロンリーグローリー,,ISFNqCgF9X8,https://youtu.be/ISFNqCgF9X8?t=2524,42:04,
車輪の唄,,ISFNqCgF9X8,https://youtu.be/ISFNqCgF9X8?t=2822,47:02,
カルマ,,ISFNqCgF9X8,https://youtu.be/ISFNqCgF9X8?t=3142,52:22,
涙のふるさと,,ISFNqCgF9X8,https://youtu.be/ISFNqCgF9X8?t=3413,56:53,
メーデー,,ISFNqCgF9X8,https://youtu.be/ISFNqCgF9X8?t=3734,1:02:14,
R.I.P.,,ISFNqCgF9X8,https://youtu.be/ISFNqCgF9X8?t=4139,1:08:59,
firefly,,ISFNqCgF9X8,https://youtu.be/ISFNqCgF9X8?t=4526,1:15:26,
ファイター,,ISFNqCgF9X8,https://youtu.be/ISFNqCgF9X8?t=4875,1:21:15,
Aurora,,ISFNqCgF9X8,https://youtu.be/ISFNqCgF9X8?t=5303,1:28:23,
アカシア,,ISFNqCgF9X8,https://youtu.be/ISFNqCgF9X8?t=5669,1:34:29,
なないろ,,ISFNqCgF9X8,https://youtu.be/ISFNqCgF9X8?t=5981,1:39:41,
ギルド,,ISFNqCgF9X8,https://youtu.be/ISFNqCgF9X8?t=6308,1:45:08,
ゼロ,,ISFNqCgF9X8,https://youtu.be/ISFNqCgF9X8?t=6705,1:51:45,
悪魔の踊り方,,qKisy4gc13A,https://youtu.be/qKisy4gc13A?t=975,0:16:15,
PINK,,qKisy4gc13A,https://youtu.be/qKisy4gc13A?t=1250,0:20:50,
デッドウェイト,,qKisy4gc13A,https://youtu.be/qKisy4gc13A?t=1773,0:29:33,
rapport,,qKisy4gc13A,https://youtu.be/qKisy4gc13A?t=2007,0:33:27,
スカー,,qKisy4gc13A,https://youtu.be/qKisy4gc13A?t=2216,0:36:56,
ちはる,,qKisy4gc13A,https://youtu.be/qKisy4gc13A?t=2547,0:42:27,
デマゴーグ,,qKisy4gc13A,https://youtu.be/qKisy4gc13A?t=2865,0:47:45,
白無垢,,qKisy4gc13A,https://youtu.be/qKisy4gc13A?t=3218,0:53:38,
波に名前を付けること、僕らの呼吸に終わりがあること。,,qKisy4gc13A,https://youtu.be/qKisy4gc13A?t=3545,0:59:05,
ずうっといっしょ！,,qKisy4gc13A,https://youtu.be/qKisy4gc13A?t=3944,1:05:44,
人間みたいね,,qKisy4gc13A,https://youtu.be/qKisy4gc13A?t=4173,1:09:33,
ナイトルーティーン,,qKisy4gc13A,https://youtu.be/qKisy4gc13A?t=4545,1:15:45,
芥の部屋は錆色に沈む,,qKisy4gc13A,https://youtu.be/qKisy4gc13A?t=4875,1:21:15,
青のすみか,,qKisy4gc13A,https://youtu.be/qKisy4gc13A?t=6713,1:51:53,
EX. shorts動画公開録音,,qKisy4gc13A,https://youtu.be/qKisy4gc13A?t=5700,1:35:00,
八月、某、月明かり,,qIM8iww9zQQ,https://youtu.be/qIM8iww9zQQ?t=1240,00:20:40,
夕凪、某、花惑い,,qIM8iww9zQQ,https://youtu.be/qIM8iww9zQQ?t=1549,00:25:49,
詩書きとコーヒー,,qIM8iww9zQQ,https://youtu.be/qIM8iww9zQQ?t=1788,00:29:48,
春ひさぎ,,qIM8iww9zQQ,https://youtu.be/qIM8iww9zQQ?t=2083,00:34:43,
言って。,,qIM8iww9zQQ,https://youtu.be/qIM8iww9zQQ?t=2317,00:38:37,
ヒッチコック,,qIM8iww9zQQ,https://youtu.be/qIM8iww9zQQ?t=2560,00:42:40,
夜行,,qIM8iww9zQQ,https://youtu.be/qIM8iww9zQQ?t=2946,00:49:06,
五月は花緑青の窓辺から,,qIM8iww9zQQ,https://youtu.be/qIM8iww9zQQ?t=3175,00:52:55,
夜紛い,,qIM8iww9zQQ,https://youtu.be/qIM8iww9zQQ?t=3375,00:56:15,
春泥棒,,qIM8iww9zQQ,https://youtu.be/qIM8iww9zQQ?t=3642,01:00:42,
雨とカプチーノ,,qIM8iww9zQQ,https://youtu.be/qIM8iww9zQQ?t=3968,01:06:08,
雨晴るる,,qIM8iww9zQQ,https://youtu.be/qIM8iww9zQQ?t=4235,01:10:35,
ブレーメン,,qIM8iww9zQQ,https://youtu.be/qIM8iww9zQQ?t=4523,01:15:23,
斜陽,,qIM8iww9zQQ,https://youtu.be/qIM8iww9zQQ?t=4828,01:20:28,
花人局,,qIM8iww9zQQ,https://youtu.be/qIM8iww9zQQ?t=5055,01:24:15,
チノカテ,,qIM8iww9zQQ,https://youtu.be/qIM8iww9zQQ?t=5388,01:29:48,
ノーチラス,,qIM8iww9zQQ,https://youtu.be/qIM8iww9zQQ?t=5978,01:39:38,
花二亡霊,,qIM8iww9zQQ,https://youtu.be/qIM8iww9zQQ?t=6366,01:46:06,
靴の花火,,qIM8iww9zQQ,https://youtu.be/qIM8iww9zQQ?t=6632,01:50:32,
レプリカント,,qIM8iww9zQQ,https://youtu.be/qIM8iww9zQQ?t=7035,01:57:15,
爆弾魔,,qIM8iww9zQQ,https://youtu.be/qIM8iww9zQQ?t=7277,02:01:17,
心に穴が空いた,,qIM8iww9zQQ,https://youtu.be/qIM8iww9zQQ?t=7503,02:05:03,
思想犯,,qIM8iww9zQQ,https://youtu.be/qIM8iww9zQQ?t=7784,02:09:44,
だから僕は音楽を辞めた,,qIM8iww9zQQ,https://youtu.be/qIM8iww9zQQ?t=8049,02:14:09,
又三郎,,qIM8iww9zQQ,https://youtu.be/qIM8iww9zQQ?t=8305,02:18:25,
ただ君に晴れ,,qIM8iww9zQQ,https://youtu.be/qIM8iww9zQQ?t=8556,02:22:36,
盗作,,qIM8iww9zQQ,https://youtu.be/qIM8iww9zQQ?t=9115,02:31:55,
火星人,,qIM8iww9zQQ,https://youtu.be/qIM8iww9zQQ?t=9359,02:35:59,
晴る,,qIM8iww9zQQ,https://youtu.be/qIM8iww9zQQ?t=9618,02:40:18,
前前前世,,2DyAXgJtpJM,https://youtu.be/2DyAXgJtpJM?t=1368,00:22:48,00:27:01
DADA,,2DyAXgJtpJM,https://youtu.be/2DyAXgJtpJM?t=1652,00:27:32,00:31:23
五月の蝿,,2DyAXgJtpJM,https://youtu.be/2DyAXgJtpJM?t=2701,00:45:01,00:50:15
おしゃかしゃま,,2DyAXgJtpJM,https://youtu.be/2DyAXgJtpJM?t=3150,00:52:30,00:55:44
君と羊と青,,2DyAXgJtpJM,https://youtu.be/2DyAXgJtpJM?t=3351,00:55:51,00:58:58
会心の一撃,,2DyAXgJtpJM,https://youtu.be/2DyAXgJtpJM?t=3545,00:59:05,01:03:18
魔法鏡,,2DyAXgJtpJM,https://youtu.be/2DyAXgJtpJM?t=3805,01:03:25,01:06:50
最大公約数,,2DyAXgJtpJM,https://youtu.be/2DyAXgJtpJM?t=4526,01:15:26,01:19:38
セプテンバーさん,,2DyAXgJtpJM,https://youtu.be/2DyAXgJtpJM?t=4783,01:19:43,01:24:23
me me she,,2DyAXgJtpJM,https://youtu.be/2DyAXgJtpJM?t=5072,01:24:32,01:29:08
有心論,,2DyAXgJtpJM,https://youtu.be/2DyAXgJtpJM?t=5376,01:29:36,01:33:35
トレモロ,,2DyAXgJtpJM,https://youtu.be/2DyAXgJtpJM?t=5650,01:34:10,01:37:16
voyager,,BRYJKfmxHvY,https://youtu.be/BRYJKfmxHvY?t=723,00:12:03,00:13:29
メーデー,,BRYJKfmxHvY,https://youtu.be/BRYJKfmxHvY?t=843,00:14:03,00:18:38
才悩人応援歌,,BRYJKfmxHvY,https://youtu.be/BRYJKfmxHvY?t=1132,00:18:52,00:22:54
プラネタリウム,,BRYJKfmxHvY,https://youtu.be/BRYJKfmxHvY?t=1504,00:25:04,00:29:41
supernova,,BRYJKfmxHvY,https://youtu.be/BRYJKfmxHvY?t=1793,00:29:53,00:35:02
ハンマーソングと痛みの塔,,BRYJKfmxHvY,https://youtu.be/BRYJKfmxHvY?t=2138,00:35:38,00:39:42
時空かくれんぼ,,BRYJKfmxHvY,https://youtu.be/BRYJKfmxHvY?t=2420,00:40:20,00:45:21
かさぶたぶたぶ,,BRYJKfmxHvY,https://youtu.be/BRYJKfmxHvY?t=2740,00:45:40,00:49:35
花の名,,BRYJKfmxHvY,https://youtu.be/BRYJKfmxHvY?t=3119,00:51:59,00:57:07
ひとりごと,,BRYJKfmxHvY,https://youtu.be/BRYJKfmxHvY?t=3440,00:57:20,01:01:27
飴玉の唄,,BRYJKfmxHvY,https://youtu.be/BRYJKfmxHvY?t=3716,01:01:56,01:07:55
カルマ,,BRYJKfmxHvY,https://youtu.be/BRYJKfmxHvY?t=4096,01:08:16,01:11:29
arrows,,BRYJKfmxHvY,https://youtu.be/BRYJKfmxHvY?t=4524,01:15:24,01:21:35
涙のふるさと,,BRYJKfmxHvY,https://youtu.be/BRYJKfmxHvY?t=4907,01:21:47,01:26:26
flyby,,BRYJKfmxHvY,https://youtu.be/BRYJKfmxHvY?t=5195,01:26:35,01:28:09
東京賛歌,,BRYJKfmxHvY,https://youtu.be/BRYJKfmxHvY?t=5504,01:31:44,01:35:23
真っ赤な空を見ただろうか,,BRYJKfmxHvY,https://youtu.be/BRYJKfmxHvY?t=5751,01:35:51,01:39:41
銀河鉄道,,BRYJKfmxHvY,https://youtu.be/BRYJKfmxHvY?t=6079,01:41:19,01:47:57
プレゼント,,BRYJKfmxHvY,https://youtu.be/BRYJKfmxHvY?t=6490,01:48:10,01:52:51
オンリー ロンリー グローリー,,BRYJKfmxHvY,https://youtu.be/BRYJKfmxHvY?t=7444,02:04:04,02:08:17
乗車権,,BRYJKfmxHvY,https://youtu.be/BRYJKfmxHvY?t=7723,02:08:43,02:11:30
ギルド,,BRYJKfmxHvY,https://youtu.be/BRYJKfmxHvY?t=7954,02:12:34,02:17:43
embrace,,BRYJKfmxHvY,https://youtu.be/BRYJKfmxHvY?t=8277,02:17:57,02:23:24
sailing day,,BRYJKfmxHvY,https://youtu.be/BRYJKfmxHvY?t=8624,02:23:44,02:27:22
同じドアをくぐれたら,,BRYJKfmxHvY,https://youtu.be/BRYJKfmxHvY?t=9019,02:30:19,02:35:03
車輪の唄,,BRYJKfmxHvY,https://youtu.be/BRYJKfmxHvY?t=9319,02:35:19,02:39:48
スノースマイル,,BRYJKfmxHvY,https://youtu.be/BRYJKfmxHvY?t=9602,02:40:02,02:45:40
レム,,BRYJKfmxHvY,https://youtu.be/BRYJKfmxHvY?t=10008,02:46:48,02:50:43
fire sign,,BRYJKfmxHvY,https://youtu.be/BRYJKfmxHvY?t=10527,02:55:27,02:59:48
太陽,,BRYJKfmxHvY,https://youtu.be/BRYJKfmxHvY?t=10876,03:01:16,03:07:08
ロストマン,,BRYJKfmxHvY,https://youtu.be/BRYJKfmxHvY?t=11250,03:07:30,03:12:37
夢の飼い主,,BRYJKfmxHvY,https://youtu.be/BRYJKfmxHvY?t=11871,03:17:51,03:22:21
睡眠時間,,BRYJKfmxHvY,https://youtu.be/BRYJKfmxHvY?t=12166,03:22:46,03:26:48
ホリデイ,,BRYJKfmxHvY,https://youtu.be/BRYJKfmxHvY?t=12424,03:27:04,03:30:25
Stage of the ground,,BRYJKfmxHvY,https://youtu.be/BRYJKfmxHvY?t=13368,03:42:48,03:47:16
天体観測,,BRYJKfmxHvY,https://youtu.be/BRYJKfmxHvY?t=13666,03:47:46,03:51:35
Title of mine,,BRYJKfmxHvY,https://youtu.be/BRYJKfmxHvY?t=14036,03:53:56,03:58:40
キャッチボール,,BRYJKfmxHvY,https://youtu.be/BRYJKfmxHvY?t=14337,03:58:57,04:02:14
ハルジオン,,BRYJKfmxHvY,https://youtu.be/BRYJKfmxHvY?t=14547,04:02:27,04:06:39
ベンチとコーヒー,,BRYJKfmxHvY,https://youtu.be/BRYJKfmxHvY?t=14863,04:07:43,04:12:59
メロディーフラッグ,,BRYJKfmxHvY,https://youtu.be/BRYJKfmxHvY?t=15197,04:13:17,04:18:49
ベル,,BRYJKfmxHvY,https://youtu.be/BRYJKfmxHvY?t=15727,04:22:07,04:26:29
ダイヤモンド,,BRYJKfmxHvY,https://youtu.be/BRYJKfmxHvY?t=16013,04:26:53,04:31:38
ダンデライオン,,BRYJKfmxHvY,https://youtu.be/BRYJKfmxHvY?t=16334,04:32:14,04:35:01
彼女と星の椅子,,BRYJKfmxHvY,https://youtu.be/BRYJKfmxHvY?t=17123,04:45:23,04:48:44
バイバイサンキュー,,BRYJKfmxHvY,https://youtu.be/BRYJKfmxHvY?t=17334,04:48:54,04:53:06
ラフメイカー,,BRYJKfmxHvY,https://youtu.be/BRYJKfmxHvY?t=17598,04:53:18,04:56:49
Opening,,BRYJKfmxHvY,https://youtu.be/BRYJKfmxHvY?t=18581,05:09:41,05:10:45
グングニル,,BRYJKfmxHvY,https://youtu.be/BRYJKfmxHvY?t=18655,05:10:55,05:14:48
ベストピクチャー,,BRYJKfmxHvY,https://youtu.be/BRYJKfmxHvY?t=18898,05:14:58,05:19:25
続くだらない唄,,BRYJKfmxHvY,https://youtu.be/BRYJKfmxHvY?t=19177,05:19:37,05:24:27
LAMP,,BRYJKfmxHvY,https://youtu.be/BRYJKfmxHvY?t=19477,05:24:37,05:28:50
リリィ,,BRYJKfmxHvY,https://youtu.be/BRYJKfmxHvY?t=19985,05:33:05,05:37:49
Ever lasting lie,,BRYJKfmxHvY,https://youtu.be/BRYJKfmxHvY?t=20324,05:38:44,05:44:27
グロリアスレボリューション,,BRYJKfmxHvY,https://youtu.be/BRYJKfmxHvY?t=20678,05:44:38,05:47:26
ガラスのブルース,,BRYJKfmxHvY,https://youtu.be/BRYJKfmxHvY?t=21566,05:59:26,06:04:49
くだらない唄,,BRYJKfmxHvY,https://youtu.be/BRYJKfmxHvY?t=21903,06:05:03,06:08:24
アルエ,,BRYJKfmxHvY,https://youtu.be/BRYJKfmxHvY?t=22114,06:08:34,06:12:11
リトルブレイバー,,BRYJKfmxHvY,https://youtu.be/BRYJKfmxHvY?t=22348,06:12:28,06:16:58
ノーヒットノーラン,,BRYJKfmxHvY,https://youtu.be/BRYJKfmxHvY?t=22635,06:17:15,06:20:54
とっておきの唄,,BRYJKfmxHvY,https://youtu.be/BRYJKfmxHvY?t=22921,06:22:01,06:26:23
ナイフ,,BRYJKfmxHvY,https://youtu.be/BRYJKfmxHvY?t=23197,06:26:37,06:31:31
バトルクライ,,BRYJKfmxHvY,https://youtu.be/BRYJKfmxHvY?t=23695,06:34:55,06:39:00
BUMP OF CHICKENのテーマ,,BRYJKfmxHvY,https://youtu.be/BRYJKfmxHvY?t=23970,06:39:30,06:42:20
Sleep Walking Orchestra,,HlkqUKPevk4,https://youtu.be/HlkqUKPevk4?t=699,00:11:39,00:15:13
なないろ,,HlkqUKPevk4,https://youtu.be/HlkqUKPevk4?t=928,00:15:28,00:19:40
Gravity,,HlkqUKPevk4,https://youtu.be/HlkqUKPevk4?t=1192,00:19:52,00:24:56
SOUVENIR,,HlkqUKPevk4,https://youtu.be/HlkqUKPevk4?t=1520,00:25:20,00:29:27
Small world,,HlkqUKPevk4,https://youtu.be/HlkqUKPevk4?t=1778,00:29:38,00:34:56
クロノスタシス,,HlkqUKPevk4,https://youtu.be/HlkqUKPevk4?t=2240,00:37:20,00:42:33
Flare,,HlkqUKPevk4,https://youtu.be/HlkqUKPevk4?t=2569,00:42:49,00:47:47
邂逅,,HlkqUKPevk4,https://youtu.be/HlkqUKPevk4?t=2907,00:48:27,00:53:20
青の朔日,,HlkqUKPevk4,https://youtu.be/HlkqUKPevk4?t=3220,00:53:40,00:58:50
strawberry,,HlkqUKPevk4,https://youtu.be/HlkqUKPevk4?t=3541,00:59:01,01:04:17
窓の中から,,HlkqUKPevk4,https://youtu.be/HlkqUKPevk4?t=4661,01:17:41,01:24:19
木漏れ日と一緒に,,HlkqUKPevk4,https://youtu.be/HlkqUKPevk4?t=5078,01:24:38,01:28:40
アカシア,,HlkqUKPevk4,https://youtu.be/HlkqUKPevk4?t=5335,01:28:55,01:32:47
月虹,,HlkqUKPevk4,https://youtu.be/HlkqUKPevk4?t=5605,01:33:25,01:37:35
Aurora,,HlkqUKPevk4,https://youtu.be/HlkqUKPevk4?t=5878,01:37:58,01:42:17
記念撮影,,HlkqUKPevk4,https://youtu.be/HlkqUKPevk4?t=6283,01:44:43,01:48:50
ジャングルジム,,HlkqUKPevk4,https://youtu.be/HlkqUKPevk4?t=6544,01:49:04,01:55:08
リボン,,HlkqUKPevk4,https://youtu.be/HlkqUKPevk4?t=6922,01:55:22,01:59:50
シリウス,,HlkqUKPevk4,https://youtu.be/HlkqUKPevk4?t=7336,02:02:16,02:06:10
アリア,,HlkqUKPevk4,https://youtu.be/HlkqUKPevk4?t=7595,02:06:35,02:11:54
話がしたいよ,,HlkqUKPevk4,https://youtu.be/HlkqUKPevk4?t=8517,02:21:57,02:26:14
アンサー,,HlkqUKPevk4,https://youtu.be/HlkqUKPevk4?t=8795,02:26:35,02:31:03
望遠のマーチ,,HlkqUKPevk4,https://youtu.be/HlkqUKPevk4?t=9075,02:31:15,02:35:20
Spica,,HlkqUKPevk4,https://youtu.be/HlkqUKPevk4?t=9344,02:35:44,02:40:06
新世界,,HlkqUKPevk4,https://youtu.be/HlkqUKPevk4?t=9623,02:40:23,02:44:04
流れ星の正体,,HlkqUKPevk4,https://youtu.be/HlkqUKPevk4?t=10200,02:50:00,02:54:52
GO,,HlkqUKPevk4,https://youtu.be/HlkqUKPevk4?t=10513,02:55:13,02:59:57
"Hello,world!",,HlkqUKPevk4,https://youtu.be/HlkqUKPevk4?t=10807,03:00:07,03:04:19
Butterfly,,HlkqUKPevk4,https://youtu.be/HlkqUKPevk4?t=11093,03:04:53,03:09:26
流星群,,HlkqUKPevk4,https://youtu.be/HlkqUKPevk4?t=11427,03:10:27,03:15:55
宝石になった日,,HlkqUKPevk4,https://youtu.be/HlkqUKPevk4?t=11767,03:16:07,03:20:49
コロニー,,HlkqUKPevk4,https://youtu.be/HlkqUKPevk4?t=12072,03:21:12,03:26:39
パレード,,HlkqUKPevk4,https://youtu.be/HlkqUKPevk4?t=12742,03:32:22,03:35:48
大我慢大会,,HlkqUKPevk4,https://youtu.be/HlkqUKPevk4?t=12973,03:36:13,03:40:21
孤独の合唱,,HlkqUKPevk4,https://youtu.be/HlkqUKPevk4?t=13274,03:41:14,03:45:26
You were here,,HlkqUKPevk4,https://youtu.be/HlkqUKPevk4?t=13658,03:47:38,03:52:34
ファイター,,HlkqUKPevk4,https://youtu.be/HlkqUKPevk4?t=13969,03:52:49,03:58:35
虹を待つ人,,HlkqUKPevk4,https://youtu.be/HlkqUKPevk4?t=14408,04:00:08,04:03:39
ray,,HlkqUKPevk4,https://youtu.be/HlkqUKPevk4?t=14629,04:03:49,04:08:20
サザンクロス,,HlkqUKPevk4,https://youtu.be/HlkqUKPevk4?t=14959,04:09:19,04:12:54
ラストワン,,HlkqUKPevk4,https://youtu.be/HlkqUKPevk4?t=15799,04:23:19,04:27:23
morning glow,,HlkqUKPevk4,https://youtu.be/HlkqUKPevk4?t=16062,04:27:42,04:31:35
ゼロ,,HlkqUKPevk4,https://youtu.be/HlkqUKPevk4?t=16313,04:31:53,04:38:08
トーチ,,HlkqUKPevk4,https://youtu.be/HlkqUKPevk4?t=16718,04:38:38,04:42:30
Smile,,HlkqUKPevk4,https://youtu.be/HlkqUKPevk4?t=16986,04:43:06,04:47:26
firefly,,HlkqUKPevk4,https://youtu.be/HlkqUKPevk4?t=17413,04:50:13,04:55:06
white note,,HlkqUKPevk4,https://youtu.be/HlkqUKPevk4?t=17733,04:55:33,04:58:29
友達の唄,,HlkqUKPevk4,https://youtu.be/HlkqUKPevk4?t=17948,04:59:08,05:04:01
(please) forgive,,HlkqUKPevk4,https://youtu.be/HlkqUKPevk4?t=18259,05:04:19,05:08:48
グッドラック,,HlkqUKPevk4,https://youtu.be/HlkqUKPevk4?t=18557,05:09:17,05:14:59
ほんとのほんと,,HlkqUKPevk4,https://youtu.be/HlkqUKPevk4?t=19247,05:20:47,05:25:02
ディアマン,,HlkqUKPevk4,https://youtu.be/HlkqUKPevk4?t=19515,05:25:15,05:31:47
歩く幽霊,,HlkqUKPevk4,https://youtu.be/HlkqUKPevk4?t=19962,05:32:42,05:35:52
三ツ星カルテット,,HlkqUKPevk4,https://youtu.be/HlkqUKPevk4?t=20914,05:48:34,05:50:25
R.I.P.,,HlkqUKPevk4,https://youtu.be/HlkqUKPevk4?t=21037,05:50:37,05:55:45
ウェザーリポート,,HlkqUKPevk4,https://youtu.be/HlkqUKPevk4?t=21409,05:56:49,06:00:07
分別奮闘記,,HlkqUKPevk4,https://youtu.be/HlkqUKPevk4?t=21636,06:00:36,06:03:39
モーターサイクル,,HlkqUKPevk4,https://youtu.be/HlkqUKPevk4?t=21864,06:04:24,06:08:03
透明飛行船,,HlkqUKPevk4,https://youtu.be/HlkqUKPevk4?t=22134,06:08:54,06:12:33
魔法の料理 君から君へ,,HlkqUKPevk4,https://youtu.be/HlkqUKPevk4?t=22511,06:15:11,06:20:42
HAPPY,,HlkqUKPevk4,https://youtu.be/HlkqUKPevk4?t=22857,06:20:57,06:26:38
66号線,,HlkqUKPevk4,https://youtu.be/HlkqUKPevk4?t=23560,06:32:40,06:36:55
セントエルモの火,,HlkqUKPevk4,https://youtu.be/HlkqUKPevk4?t=23848,06:37:28,06:41:49
angel fall,,HlkqUKPevk4,https://youtu.be/HlkqUKPevk4?t=24169,06:42:49,06:47:50
宇宙飛行士への手紙,,HlkqUKPevk4,https://youtu.be/HlkqUKPevk4?t=24507,06:48:27,06:53:30
イノセント,,HlkqUKPevk4,https://youtu.be/HlkqUKPevk4?t=25310,07:01:50,07:05:00
beautiful glider,,HlkqUKPevk4,https://youtu.be/HlkqUKPevk4?t=25514,07:05:14,07:08:39
good friends,,HlkqUKPevk4,https://youtu.be/HlkqUKPevk4?t=25735,07:08:55,07:11:44
キャラバン,,HlkqUKPevk4,https://youtu.be/HlkqUKPevk4?t=25941,07:12:21,07:16:20
pinkie,,HlkqUKPevk4,https://youtu.be/HlkqUKPevk4?t=26230,07:17:10,07:21:09
Merry Christmas,,HlkqUKPevk4,https://youtu.be/HlkqUKPevk4?t=26504,07:21:44,07:27:16
逃避行,Touhikou,KnYyMnHPcPc,https://youtu.be/KnYyMnHPcPc?t=570,9:30,
ジュブナイル,Juvenile (初披露),KnYyMnHPcPc,https://youtu.be/KnYyMnHPcPc?t=1033,17:13,
境界線,boundary Line (初披露),KnYyMnHPcPc,https://youtu.be/KnYyMnHPcPc?t=1514,25:14,
季節は次々死んでいく,,KnYyMnHPcPc,https://youtu.be/KnYyMnHPcPc?t=1937,32:17,
ナモナキヒト,Namonaki Hito (初披露),KnYyMnHPcPc,https://youtu.be/KnYyMnHPcPc?t=2474,41:14,
ワンルーム叙事詩,One Room Jojishi (初披露),KnYyMnHPcPc,https://youtu.be/KnYyMnHPcPc?t=2927,48:47,
フィロソフィー,Philosophy (初披露),KnYyMnHPcPc,https://youtu.be/KnYyMnHPcPc?t=3362,56:02,
僕が死のうと思ったのは,,KnYyMnHPcPc,https://youtu.be/KnYyMnHPcPc?t=3866,1:04:26,
さよならごっこ,Sayonara Gokko (初披露),KnYyMnHPcPc,https://youtu.be/KnYyMnHPcPc?t=4286,1:11:26,
風に流離い,Kaze ni Sasurai (初披露),KnYyMnHPcPc,https://youtu.be/KnYyMnHPcPc?t=4636,1:17:16,
とどめを刺して,Todome wo Sashite (初披露),KnYyMnHPcPc,https://youtu.be/KnYyMnHPcPc?t=5027,1:23:47,
空洞空洞,Kuudou Kuudou (初披露),KnYyMnHPcPc,https://youtu.be/KnYyMnHPcPc?t=5451,1:30:51,
性善説,Seizensetsu (初披露),KnYyMnHPcPc,https://youtu.be/KnYyMnHPcPc?t=5827,1:37:07,
爆弾の作り方,Bakudan no Tsukurikata (初披露),KnYyMnHPcPc,https://youtu.be/KnYyMnHPcPc?t=6484,1:48:04,
スターライト,Star Light (初披露),KnYyMnHPcPc,https://youtu.be/KnYyMnHPcPc?t=6958,1:55:58,
空に歌えば,Sora ni Utaeba (初披露),KnYyMnHPcPc,https://youtu.be/KnYyMnHPcPc?t=7333,2:02:13,
オープニング、明日22時から5万人耐久弾き語り、昼の弦交換配信で出た話題(ASMR)、今寒い、みんなか自分が眠くなるまで睡眠導入、 (あくび),,ZKQZXVh5MmE,https://youtu.be/ZKQZXVh5MmE?t=532,8:52,
#1 たばこ,コレサワ,ZKQZXVh5MmE,https://youtu.be/ZKQZXVh5MmE?t=588,9:48,16:01
#2 丸の内サディスティック,椎名林檎,ZKQZXVh5MmE,https://youtu.be/ZKQZXVh5MmE?t=1025,17:05,20:33
#3 はなびら,back number,ZKQZXVh5MmE,https://youtu.be/ZKQZXVh5MmE?t=1369,22:49,27:28
#4 真赤,My Hair is Bad,ZKQZXVh5MmE,https://youtu.be/ZKQZXVh5MmE?t=1790,29:50,33:30
#5 この夜を止めてよ,JUJU,ZKQZXVh5MmE,https://youtu.be/ZKQZXVh5MmE?t=2378,39:38,44:31
#6 bathroom,ユアネス,ZKQZXVh5MmE,https://youtu.be/ZKQZXVh5MmE?t=2800,46:40,50:04
take1,,ZKQZXVh5MmE,https://youtu.be/ZKQZXVh5MmE?t=3455,57:35,
#7 HANABI,いきものがかり (take2),ZKQZXVh5MmE,https://youtu.be/ZKQZXVh5MmE?t=3538,58:58,1:03:24
#8 気まぐれロマンティック,いきものがかり,ZKQZXVh5MmE,https://youtu.be/ZKQZXVh5MmE?t=3856,1:04:16,1:08:52
#9 ブルーバード,いきものがかり,ZKQZXVh5MmE,https://youtu.be/ZKQZXVh5MmE?t=4312,1:11:52,1:15:49
#11 ナモナキヒト,amazarashi,ZKQZXVh5MmE,https://youtu.be/ZKQZXVh5MmE?t=5720,1:35:20,1:40:56
#12 逃避行,amazarashi,ZKQZXVh5MmE,https://youtu.be/ZKQZXVh5MmE?t=6325,1:45:25,1:49:23
喋っていい？(言語化開始)、音楽しかできることがない、,,ZKQZXVh5MmE,https://youtu.be/ZKQZXVh5MmE?t=6710,1:51:50,
数字を気にしてしまう、数字に左右されない自分でありたい,,ZKQZXVh5MmE,https://youtu.be/ZKQZXVh5MmE?t=7173,1:59:33,
好きなことだけで生活は難しい、音楽を辞めようと考えたこともある(思い直してる),,ZKQZXVh5MmE,https://youtu.be/ZKQZXVh5MmE?t=7574,2:06:14,
先輩登場、今幸せ、音楽で生活できるといいね (言語化終了),,ZKQZXVh5MmE,https://youtu.be/ZKQZXVh5MmE?t=7685,2:08:05,
#13 fire sign,BUMP OF CHICKEN,ZKQZXVh5MmE,https://youtu.be/ZKQZXVh5MmE?t=7893,2:11:33,2:16:19
#14 embrace,BUMP OF CHICKEN,ZKQZXVh5MmE,https://youtu.be/ZKQZXVh5MmE?t=8244,2:17:24,2:23:15
#15 オッドアイ,さユり,ZKQZXVh5MmE,https://youtu.be/ZKQZXVh5MmE?t=8660,2:24:20,2:29:13
#16 ミカヅキ,さユり,ZKQZXVh5MmE,https://youtu.be/ZKQZXVh5MmE?t=9008,2:30:08,2:34:36
#17 トレモロ,RADWIMPS,ZKQZXVh5MmE,https://youtu.be/ZKQZXVh5MmE?t=9345,2:35:45,2:39:01
#18 セプテンバーさん,RADWIMPS,ZKQZXVh5MmE,https://youtu.be/ZKQZXVh5MmE?t=9606,2:40:06,2:44:50
(あくび),,ZKQZXVh5MmE,https://youtu.be/ZKQZXVh5MmE?t=9942,2:45:42,
#19 秒針を噛む,ずっと真夜中でいいのに。,ZKQZXVh5MmE,https://youtu.be/ZKQZXVh5MmE?t=9953,2:45:53,2:50:08
#20 僕から君へ,Galileo Galilei,ZKQZXVh5MmE,https://youtu.be/ZKQZXVh5MmE?t=10247,2:50:47,2:54:57
#21 さよならはエモーション,サカナクション,ZKQZXVh5MmE,https://youtu.be/ZKQZXVh5MmE?t=10519,2:55:19,2:59:13
#22 怪獣,サカナクション,ZKQZXVh5MmE,https://youtu.be/ZKQZXVh5MmE?t=10814,3:00:14,3:04:34
#23 青のすみか,キタニタツヤ,ZKQZXVh5MmE,https://youtu.be/ZKQZXVh5MmE?t=11158,3:05:58,3:09:38
#24 ロミオとシンデレラ,doriko,ZKQZXVh5MmE,https://youtu.be/ZKQZXVh5MmE?t=11432,3:10:32,3:15:45
#25 千本桜,黒うさP,ZKQZXVh5MmE,https://youtu.be/ZKQZXVh5MmE?t=11784,3:16:24,3:20:14
#26 ムーンライト伝説,DALI,ZKQZXVh5MmE,https://youtu.be/ZKQZXVh5MmE?t=12408,3:26:48,3:30:01
#27 雨とカプチーノ,ヨルシカ,ZKQZXVh5MmE,https://youtu.be/ZKQZXVh5MmE?t=12682,3:31:22,3:35:35
#28 夜行,ヨルシカ,ZKQZXVh5MmE,https://youtu.be/ZKQZXVh5MmE?t=13062,3:37:42,3:41:15
#29 花人局,ヨルシカ,ZKQZXVh5MmE,https://youtu.be/ZKQZXVh5MmE?t=13454,3:44:14,3:49:42
#30 オリオンをなぞる,UNISON SQUARE GARDEN,ZKQZXVh5MmE,https://youtu.be/ZKQZXVh5MmE?t=13876,3:51:16,3:56:01
#31 シュガーソングとビターステップ,UNISON SQUARE GARDEN ( 49750人達成),ZKQZXVh5MmE,https://youtu.be/ZKQZXVh5MmE?t=14200,3:56:40,4:00:34
49750人達成ありがとう⇒ 1人減ったので続行を宣言⇒すぐに再達成⇒次でラスト,,ZKQZXVh5MmE,https://youtu.be/ZKQZXVh5MmE?t=14477,4:01:17,
#32 水平線,back number,ZKQZXVh5MmE,https://youtu.be/ZKQZXVh5MmE?t=14578,4:02:58,4:07:01
久々の長時間配信、明日の5万人耐久は21時からカラオケ配信、感想はエゴサする,,ZKQZXVh5MmE,https://youtu.be/ZKQZXVh5MmE?t=14831,4:07:11,
お疲れさまでした。「悲しくならないか」での咳払いが演出と気付いて凄いなって鳥肌立ちました (),,Jk1AaBW0SOU,https://youtu.be/Jk1AaBW0SOU?t=10405,2:53:25,
楽しくやっていこう、 ゲームとか朗読とか新しいことはしばらく保留、ショート動画録音は週1やりたい,,Jk1AaBW0SOU,https://youtu.be/Jk1AaBW0SOU?t=712,11:52,13:01
冒頭の雑談パートおわり(じゃない)、二胡、創作、音楽理論は修めてない、 ギターに目覚めて,,Jk1AaBW0SOU,https://youtu.be/Jk1AaBW0SOU?t=1345,22:25,25:51
みなさんには眠ってもらう,,Jk1AaBW0SOU,https://youtu.be/Jk1AaBW0SOU?t=1600,26:40,
#1 Wherever you are,ONE OK ROCK,Jk1AaBW0SOU,https://youtu.be/Jk1AaBW0SOU?t=1665,27:45,32:47
#2 からくりピエロ,40mP,Jk1AaBW0SOU,https://youtu.be/Jk1AaBW0SOU?t=2066,34:26,38:45
#3 ハナミズキ,一青窈,Jk1AaBW0SOU,https://youtu.be/Jk1AaBW0SOU?t=2537,42:17,47:55
#4 忘れられないの,サカナクション,Jk1AaBW0SOU,https://youtu.be/Jk1AaBW0SOU?t=3089,51:29,55:35
#5 楓,スピッツ,Jk1AaBW0SOU,https://youtu.be/Jk1AaBW0SOU?t=3405,56:45,1:02:38
#6 チェリー,スピッツ,Jk1AaBW0SOU,https://youtu.be/Jk1AaBW0SOU?t=3797,1:03:17,1:08:12
ネムクナッテキタ、 (かわいい)、セルフ睡眠導入,,Jk1AaBW0SOU,https://youtu.be/Jk1AaBW0SOU?t=4140,1:09:00,
#7 アカシア,BUMP OF CHICKEN,Jk1AaBW0SOU,https://youtu.be/Jk1AaBW0SOU?t=4270,1:11:10,1:15:33
(かわいい),,Jk1AaBW0SOU,https://youtu.be/Jk1AaBW0SOU?t=4663,1:17:43,
#8 靴の花火,ヨルシカ,Jk1AaBW0SOU,https://youtu.be/Jk1AaBW0SOU?t=4721,1:18:41,1:23:58
#9 Calc.,ジミーサムP,Jk1AaBW0SOU,https://youtu.be/Jk1AaBW0SOU?t=5071,1:24:31,1:28:15
活動4ヵ月半で動画が342本ある、 実は眼鏡/コンタクト使用者、眼鏡が壊れそう,,Jk1AaBW0SOU,https://youtu.be/Jk1AaBW0SOU?t=5550,1:32:30,
#10 旅立ちの日に (合唱曲),作曲 坂本浩美,Jk1AaBW0SOU,https://youtu.be/Jk1AaBW0SOU?t=5810,1:36:50,1:40:35
#11 千の風になって,秋川雅史,Jk1AaBW0SOU,https://youtu.be/Jk1AaBW0SOU?t=6288,1:44:48,1:48:30
#12 unravel,TK from 凛として時雨,Jk1AaBW0SOU,https://youtu.be/Jk1AaBW0SOU?t=6579,1:49:39,1:54:20
デスボイスの練習してる、 (選曲中) ただいま考え中,,Jk1AaBW0SOU,https://youtu.be/Jk1AaBW0SOU?t=7101,1:58:21,1:59:16
#13 心拍数♯0822,蝶々P,Jk1AaBW0SOU,https://youtu.be/Jk1AaBW0SOU?t=7215,2:00:15,2:04:51
#14 水平線,back number,Jk1AaBW0SOU,https://youtu.be/Jk1AaBW0SOU?t=7592,2:06:32,2:10:46
#15 雨晴るる,ヨルシカ,Jk1AaBW0SOU,https://youtu.be/Jk1AaBW0SOU?t=7918,2:11:58,2:15:50
ミンナナカナカネナイネ？、 (かわいい)、 原キーで弾いてみる,,Jk1AaBW0SOU,https://youtu.be/Jk1AaBW0SOU?t=8180,2:16:20,2:17:00
#16 晴る,ヨルシカ,Jk1AaBW0SOU,https://youtu.be/Jk1AaBW0SOU?t=8231,2:17:11,2:22:05
#17 トリノコシティ,40mP,Jk1AaBW0SOU,https://youtu.be/Jk1AaBW0SOU?t=8690,2:24:50,2:27:56
48800人達成、 WAになって踊ろう、オリ曲を届けたい,,Jk1AaBW0SOU,https://youtu.be/Jk1AaBW0SOU?t=9068,2:31:08,
#18 Break through,ミナミイズミ,Jk1AaBW0SOU,https://youtu.be/Jk1AaBW0SOU?t=9220,2:33:40,2:37:42
先日の女性ボーカル縛りでオリ曲11曲歌った話、 5年前に作った曲を初披露する、 思い出しタイム,,Jk1AaBW0SOU,https://youtu.be/Jk1AaBW0SOU?t=9700,2:41:40,2:42:37
#19 燃えてゆく,ミナミイズミ,Jk1AaBW0SOU,https://youtu.be/Jk1AaBW0SOU?t=9861,2:44:21,2:47:40
宮沢賢治「よだかの星」がテーマの歌、昔から青色が好き、 もう1曲やっていい？(イイヨー)、 Break through のお兄ちゃん,,Jk1AaBW0SOU,https://youtu.be/Jk1AaBW0SOU?t=10170,2:49:30,2:51:00
#20 悲しくならないか,ミナミイズミ,Jk1AaBW0SOU,https://youtu.be/Jk1AaBW0SOU?t=10312,2:51:52,2:56:18
活動テーマを予知していたかのような歌、 オリ曲発掘したら歌いたくなった、,,Jk1AaBW0SOU,https://youtu.be/Jk1AaBW0SOU?t=10596,2:56:36,2:59:28
猟奇的なキスを私にして,ゲスの極み乙女。,fJAY9jz0Zr0,https://youtu.be/fJAY9jz0Zr0?t=1043,17:23,
アイネクライネ,米津玄師,fJAY9jz0Zr0,https://youtu.be/fJAY9jz0Zr0?t=1347,22:27,
BABY STEP,LAMP IN TARREN,fJAY9jz0Zr0,https://youtu.be/fJAY9jz0Zr0?t=2161,36:01,
トレモロ,RADWIMPS,fJAY9jz0Zr0,https://youtu.be/fJAY9jz0Zr0?t=2616,43:36,
青の朔日,BUMP OF CHICKEN,fJAY9jz0Zr0,https://youtu.be/fJAY9jz0Zr0?t=3154,52:34,
アカシア,BUMP OF CHICKEN,fJAY9jz0Zr0,https://youtu.be/fJAY9jz0Zr0?t=3589,59:49,
季節は次々死んでいく,amazarashi,fJAY9jz0Zr0,https://youtu.be/fJAY9jz0Zr0?t=3936,1:05:36,
unravel,TK from 凛として時雨,fJAY9jz0Zr0,https://youtu.be/fJAY9jz0Zr0?t=4460,1:14:20,
もう一度,amazarashi,fJAY9jz0Zr0,https://youtu.be/fJAY9jz0Zr0?t=4947,1:22:27,
若者のすべて,フジファブリック,fJAY9jz0Zr0,https://youtu.be/fJAY9jz0Zr0?t=5680,1:34:40,
怪獣,サカナクション,fJAY9jz0Zr0,https://youtu.be/fJAY9jz0Zr0?t=6049,1:40:49,
#1 タッチ,岩崎良美,EoG2N8awjTc,https://youtu.be/EoG2N8awjTc?t=994,16:34,19:29
#2 残酷な天使のテーゼ,高橋洋子,EoG2N8awjTc,https://youtu.be/EoG2N8awjTc?t=1210,20:10,24:05
#3 ただ君に晴れ,ヨルシカ,EoG2N8awjTc,https://youtu.be/EoG2N8awjTc?t=1642,27:22,30:45
#4 八月、某、月明かり,ヨルシカ,EoG2N8awjTc,https://youtu.be/EoG2N8awjTc?t=1889,31:29,36:12
#5 晴る,ヨルシカ,EoG2N8awjTc,https://youtu.be/EoG2N8awjTc?t=2250,37:30,42:03
#6 だから僕は音楽を辞めた,ヨルシカ,EoG2N8awjTc,https://youtu.be/EoG2N8awjTc?t=2580,43:00,47:15
#7 愛を伝えたいだとか,あいみょん,EoG2N8awjTc,https://youtu.be/EoG2N8awjTc?t=2900,48:20,52:04
リクエスト - 貴方解剖純愛歌 死ね,あいみょん (サビだけ),EoG2N8awjTc,https://youtu.be/EoG2N8awjTc?t=3153,52:33,53:32
#8 マリーゴールド,あいみょん,EoG2N8awjTc,https://youtu.be/EoG2N8awjTc?t=3229,53:49,58:56
#9 コイスルオトメ,いきものがかり,EoG2N8awjTc,https://youtu.be/EoG2N8awjTc?t=3613,1:00:13,1:05:39
#10 ブルーバード,いきものがかり,EoG2N8awjTc,https://youtu.be/EoG2N8awjTc?t=4026,1:07:06,1:10:34
#11 気まぐれロマンティック,いきものがかり,EoG2N8awjTc,https://youtu.be/EoG2N8awjTc?t=4288,1:11:28,1:15:27
#12 フライングゲット,AKB48,EoG2N8awjTc,https://youtu.be/EoG2N8awjTc?t=4633,1:17:13,1:21:13
#13 ポニーテールとシュシュ,AKB48,EoG2N8awjTc,https://youtu.be/EoG2N8awjTc?t=5016,1:23:36,1:27:43
#14 CHE.R.RY,Yui,EoG2N8awjTc,https://youtu.be/EoG2N8awjTc?t=5356,1:29:16,1:32:46
#15 again,Yui,EoG2N8awjTc,https://youtu.be/EoG2N8awjTc?t=5591,1:33:11,1:37:17
#16 チョコレイトディスコ,Perfume,EoG2N8awjTc,https://youtu.be/EoG2N8awjTc?t=5972,1:39:32,1:42:39
#17 丸の内サディスティック,椎名林檎,EoG2N8awjTc,https://youtu.be/EoG2N8awjTc?t=6240,1:44:00,1:47:26
#18 Dear...,西野カナ,EoG2N8awjTc,https://youtu.be/EoG2N8awjTc?t=6558,1:49:18,1:55:03
#19 Best Friend,西野カナ,EoG2N8awjTc,https://youtu.be/EoG2N8awjTc?t=7362,2:02:42,2:08:16
#20 ぐるぐる,ミナミイズミ,EoG2N8awjTc,https://youtu.be/EoG2N8awjTc?t=8026,2:13:46,2:16:38
#21 アイロニー,ミナミイズミ,EoG2N8awjTc,https://youtu.be/EoG2N8awjTc?t=8288,2:18:08,2:21:14
#22 良かった,ミナミイズミ,EoG2N8awjTc,https://youtu.be/EoG2N8awjTc?t=8866,2:27:46,2:33:07
#23 美しくならないで,ミナミイズミ,EoG2N8awjTc,https://youtu.be/EoG2N8awjTc?t=9475,2:37:55,2:42:37
#24 コントラスト,ミナミイズミ,EoG2N8awjTc,https://youtu.be/EoG2N8awjTc?t=10385,2:53:05,2:58:07
#25 明けない夜は無いとしたら,ミナミイズミ,EoG2N8awjTc,https://youtu.be/EoG2N8awjTc?t=11101,3:05:01,3:09:14
#26 この暗闇を抜け出すまでは,ミナミイズミ,EoG2N8awjTc,https://youtu.be/EoG2N8awjTc?t=11750,3:15:50,3:19:22
#27 明日を歌う今日の唄,ミナミイズミ,EoG2N8awjTc,https://youtu.be/EoG2N8awjTc?t=12420,3:27:00,3:30:55
#28 もう一度ぼくは,ミナミイズミ,EoG2N8awjTc,https://youtu.be/EoG2N8awjTc?t=13055,3:37:35,3:41:35
何者にもなれないって悪いことかな,ミナミイズミ (サビのみ),EoG2N8awjTc,https://youtu.be/EoG2N8awjTc?t=13484,3:44:44,3:45:32
いい子ちゃん,ミナミイズミ (歌詞朗読),EoG2N8awjTc,https://youtu.be/EoG2N8awjTc?t=13785,3:49:45,3:53:08
#29 チワワになりたい,ミナミイズミ,EoG2N8awjTc,https://youtu.be/EoG2N8awjTc?t=14182,3:56:22,4:00:02
#30 Break through,ミナミイズミ,EoG2N8awjTc,https://youtu.be/EoG2N8awjTc?t=14675,4:04:35,4:08:00
モザイクロール,DECO*27,IXFwt4NO6mw,https://youtu.be/IXFwt4NO6mw?t=1149,19:09,22:18
弱虫モンブラン,DECO*27,IXFwt4NO6mw,https://youtu.be/IXFwt4NO6mw?t=1800,30:00,34:20
小夜子,みきとP,IXFwt4NO6mw,https://youtu.be/IXFwt4NO6mw?t=2091,34:51,39:27
ヨンジュウナナ,みきとP,IXFwt4NO6mw,https://youtu.be/IXFwt4NO6mw?t=2418,40:18,45:16
サリシノハラ,みきとP,IXFwt4NO6mw,https://youtu.be/IXFwt4NO6mw?t=2742,45:42,50:16
弾き語り大好き、 #6 take1⇒ギター調整、 #6 take2⇒再調整、 (かわいい),,IXFwt4NO6mw,https://youtu.be/IXFwt4NO6mw?t=3170,52:50,55:04
からくりピエロ,40mP (take3),IXFwt4NO6mw,https://youtu.be/IXFwt4NO6mw?t=3406,56:46,1:01:03
シリョクケンサ,40mP,IXFwt4NO6mw,https://youtu.be/IXFwt4NO6mw?t=3712,1:01:52,1:06:20
トリノコシティ,40mP,IXFwt4NO6mw,https://youtu.be/IXFwt4NO6mw?t=4045,1:07:25,1:10:38
夜明けと蛍,ナブナ,IXFwt4NO6mw,https://youtu.be/IXFwt4NO6mw?t=4360,1:12:40,1:17:45
ハロ／ハワユ,ナノウ,IXFwt4NO6mw,https://youtu.be/IXFwt4NO6mw?t=4705,1:18:25,1:23:46
アイロニ,すこっぷ,IXFwt4NO6mw,https://youtu.be/IXFwt4NO6mw?t=5195,1:26:35,1:31:11
ダブルラリアット,アゴアニキP,IXFwt4NO6mw,https://youtu.be/IXFwt4NO6mw?t=5545,1:32:25,1:36:25
替え歌,,IXFwt4NO6mw,https://youtu.be/IXFwt4NO6mw?t=5847,1:37:27,
千本桜,黒うさP,IXFwt4NO6mw,https://youtu.be/IXFwt4NO6mw?t=5858,1:37:38,1:41:05
ロストワンの号哭,Neru,IXFwt4NO6mw,https://youtu.be/IXFwt4NO6mw?t=6114,1:41:54,1:45:29
東京テディベア,Neru,IXFwt4NO6mw,https://youtu.be/IXFwt4NO6mw?t=6467,1:47:47,1:51:07
夜咄ディセイブ,じん,IXFwt4NO6mw,https://youtu.be/IXFwt4NO6mw?t=6695,1:51:35,1:54:50
マトリョシカ,ハチ,IXFwt4NO6mw,https://youtu.be/IXFwt4NO6mw?t=6946,1:55:46,1:59:09
ドーナツホール,ハチ,IXFwt4NO6mw,https://youtu.be/IXFwt4NO6mw?t=7179,1:59:39,2:03:11
ルカルカ★ナイトフィーバー,samfree,IXFwt4NO6mw,https://youtu.be/IXFwt4NO6mw?t=7452,2:04:12,2:08:32
ロミオとシンデレラ,doriko,IXFwt4NO6mw,https://youtu.be/IXFwt4NO6mw?t=7794,2:09:54,2:14:50
天ノ弱,164,IXFwt4NO6mw,https://youtu.be/IXFwt4NO6mw?t=8155,2:15:55,2:19:10
ローリンガール,wowaka,IXFwt4NO6mw,https://youtu.be/IXFwt4NO6mw?t=8390,2:19:50,2:22:55
裏表ラバーズ,wowaka,IXFwt4NO6mw,https://youtu.be/IXFwt4NO6mw?t=8633,2:23:53,2:27:06
吉原ラメント,亜紗,IXFwt4NO6mw,https://youtu.be/IXFwt4NO6mw?t=8944,2:29:04,2:32:52
サマータイムレコード,じん,IXFwt4NO6mw,https://youtu.be/IXFwt4NO6mw?t=9278,2:34:38,2:38:25
ハッピーシンセサイザ,Easy Pop,IXFwt4NO6mw,https://youtu.be/IXFwt4NO6mw?t=9586,2:39:46,2:43:58
Calc.,ジミーサムP,IXFwt4NO6mw,https://youtu.be/IXFwt4NO6mw?t=9885,2:44:45,2:48:03
久しぶりにたくさん弾いた、やっぱり弾き語りが好き、明日帰省する、風邪には気を付けよう、,,IXFwt4NO6mw,https://youtu.be/IXFwt4NO6mw?t=10110,2:48:30,
メランコリーキッチン,ハチ,DuWS2lO8tG8,https://youtu.be/DuWS2lO8tG8?t=528,8:48,
魔法の料理 君から君へ,BUMP OF CHICKEN,DuWS2lO8tG8,https://youtu.be/DuWS2lO8tG8?t=865,14:25,
思想犯,ヨルシカ,DuWS2lO8tG8,https://youtu.be/DuWS2lO8tG8?t=1370,22:50,
晴る,ヨルシカ,DuWS2lO8tG8,https://youtu.be/DuWS2lO8tG8?t=1854,30:54,
だから僕は音楽を辞めた,ヨルシカ,DuWS2lO8tG8,https://youtu.be/DuWS2lO8tG8?t=2235,37:15,
Calc.,ジミーサムP,DuWS2lO8tG8,https://youtu.be/DuWS2lO8tG8?t=3471,57:51,
航海の唄,さユり,DuWS2lO8tG8,https://youtu.be/DuWS2lO8tG8?t=4251,1:10:51,
気まぐれロマンティック,いきものがかり,DuWS2lO8tG8,https://youtu.be/DuWS2lO8tG8?t=4573,1:16:13,
unravel,TK from 凛として時雨,DuWS2lO8tG8,https://youtu.be/DuWS2lO8tG8?t=5061,1:24:21,
ぐるぐる,ミナミイズミ,DuWS2lO8tG8,https://youtu.be/DuWS2lO8tG8?t=5424,1:30:24,
unravel,TK from 凛として時雨,1HHWmpgZDIY,https://youtu.be/1HHWmpgZDIY?t=844,14:04,18:52
季節は次々死んでいく,amazarashi,1HHWmpgZDIY,https://youtu.be/1HHWmpgZDIY?t=1221,20:21,27:02
新しいミナミイズミ、実質みんな初見、 イズミ構文「歌える曲なら歌えるかも、歌えない曲は歌えない」、電気消して真っ暗で歌おう,,1HHWmpgZDIY,https://youtu.be/1HHWmpgZDIY?t=1728,28:48,
星間飛行,ランカリー,1HHWmpgZDIY,https://youtu.be/1HHWmpgZDIY?t=2188,36:28,40:42
幻の命,SEKAI NO OWAR,1HHWmpgZDIY,https://youtu.be/1HHWmpgZDIY?t=2547,42:27,47:04
羞恥心,羞恥心 (ワンコーラス),1HHWmpgZDIY,https://youtu.be/1HHWmpgZDIY?t=3058,50:58,52:36
有心論,RADWIMPS,1HHWmpgZDIY,https://youtu.be/1HHWmpgZDIY?t=3212,53:32,58:22
me me she,RADWIMPS,1HHWmpgZDIY,https://youtu.be/1HHWmpgZDIY?t=3586,59:46,1:05:26
みんな起きてる？寝た？夢の中からコメントしてる？今日は叩き起こさんから。寝ながら聴いて,,1HHWmpgZDIY,https://youtu.be/1HHWmpgZDIY?t=4062,1:07:42,
雨とカプチーノ,ヨルシカ,1HHWmpgZDIY,https://youtu.be/1HHWmpgZDIY?t=4092,1:08:12,1:12:27
花に亡霊,ヨルシカ,1HHWmpgZDIY,https://youtu.be/1HHWmpgZDIY?t=4424,1:13:44,1:17:34
自分が眠たくなってきた、あくびでよく顎が外れるという話、特技はBUMPの逆イントロドンと卵を片手で割ること (メロディー),,1HHWmpgZDIY,https://youtu.be/1HHWmpgZDIY?t=5006,1:23:26,
embrace,BUMP OF CHICKEN,1HHWmpgZDIY,https://youtu.be/1HHWmpgZDIY?t=5211,1:26:51,1:33:21
プレゼント,BUMP OF CHICKEN,1HHWmpgZDIY,https://youtu.be/1HHWmpgZDIY?t=5696,1:34:56,1:39:57
レム,BUMP OF CHICKEN,1HHWmpgZDIY,https://youtu.be/1HHWmpgZDIY?t=6085,1:41:25,1:45:50
今私が音楽続けられてるのはBUMPのおかげ、 BUMPにありがとうって言って,,1HHWmpgZDIY,https://youtu.be/1HHWmpgZDIY?t=6422,1:47:02,
天体観測,BUMP OF CHIKEN,1HHWmpgZDIY,https://youtu.be/1HHWmpgZDIY?t=6571,1:49:31,1:53:56
Secret base〜君がくれたもの,ZONE,1HHWmpgZDIY,https://youtu.be/1HHWmpgZDIY?t=6989,1:56:29,2:01:42
泣かないで からの羞恥心(ﾃﾞｼﾞｬﾌﾞ)、 ﾒﾝﾏ ﾐﾂｶｯﾁｬｯﾀ、眠くなってきたので次ラスト、オリ曲やっていい？イイヨー、オリ曲をもっといろんな人に届けたい,,1HHWmpgZDIY,https://youtu.be/1HHWmpgZDIY?t=7379,2:02:59,
結晶,ミナミイズミ,1HHWmpgZDIY,https://youtu.be/1HHWmpgZDIY?t=7665,2:07:45,2:11:57
ファンレターを実は受け付けてる、手紙めっちゃほしい、 結晶、 ぐるぐるどっか ん!、 手紙 拝啓 十五の君へ 、,,1HHWmpgZDIY,https://youtu.be/1HHWmpgZDIY?t=8777,2:26:17,2:27:54
貰った手紙は全部保管してる、チキンラーメンのひよこ、 数え歌、 サイレントギター弾くときニコルのクッションを抱えている、,,1HHWmpgZDIY,https://youtu.be/1HHWmpgZDIY?t=9329,2:35:29,2:37:43
BUMPありがとうって言って(2回目)、BUMPはアバラの痛みにも効く、 ベル、自分が作った音楽で誰かに良い影響を与えたい、 ﾐﾝﾅﾉｺﾄｼｯﾃﾝﾀﾞｶﾗ、圧やめない、,,1HHWmpgZDIY,https://youtu.be/1HHWmpgZDIY?t=9530,2:38:50,2:40:48
トレモロ,RADWIMPS,Xb6m25bDFqA,https://youtu.be/Xb6m25bDFqA?t=638,10:38,14:10
タッチ,岩崎良美,Xb6m25bDFqA,https://youtu.be/Xb6m25bDFqA?t=1234,20:34,23:34
チェリー,スピッツ,Xb6m25bDFqA,https://youtu.be/Xb6m25bDFqA?t=1937,32:17,36:49
怪獣,サカナクション,Xb6m25bDFqA,https://youtu.be/Xb6m25bDFqA?t=3202,53:22,57:38
アイデンティティ,サカナクション,Xb6m25bDFqA,https://youtu.be/Xb6m25bDFqA?t=3477,57:57,1:02:34
なないろ,BUMP OF CHICKEN,Xb6m25bDFqA,https://youtu.be/Xb6m25bDFqA?t=3853,1:04:13,1:08:28
アカシア,BUMP OF CHICKEN,Xb6m25bDFqA,https://youtu.be/Xb6m25bDFqA?t=4162,1:09:22,1:13:22
スターライト,amazarashi,Xb6m25bDFqA,https://youtu.be/Xb6m25bDFqA?t=4571,1:16:11,1:20:56
amazarashiのライブまた申し込んだよ、ライブ大好き、配信大好き、体が弾き語りを求めている、SDさんのおかげでレコーディングが楽しい、褒められすぎると疑心暗鬼になる、今夜の睡眠導入はちゃんと寝かせるから、人との距離感、ミナミイズミは大型犬、 過去に作った曲を昇華させたい、出会いはモチベになる,,Xb6m25bDFqA,https://youtu.be/Xb6m25bDFqA?t=5748,1:35:48,
CHE.R.RY,Yui,Xb6m25bDFqA,https://youtu.be/Xb6m25bDFqA?t=6101,1:41:41,1:45:29
秒針を噛む,ずっと真夜中でいいのに。,tXCZzJKrK1U,https://youtu.be/tXCZzJKrK1U?t=596,9:56,
車輪の唄,BUMP OF CHICKEN,tXCZzJKrK1U,https://youtu.be/tXCZzJKrK1U?t=968,16:08,
ナイフ,BUMP OF CHICKEN,tXCZzJKrK1U,https://youtu.be/tXCZzJKrK1U?t=1568,26:08,
季節は次々死んでいく,amazarashi,tXCZzJKrK1U,https://youtu.be/tXCZzJKrK1U?t=3045,50:45,
スターライト,amazarashi,tXCZzJKrK1U,https://youtu.be/tXCZzJKrK1U?t=4341,1:12:21,
空に歌えば,amazarashi,tXCZzJKrK1U,https://youtu.be/tXCZzJKrK1U?t=4792,1:19:52,
ハッピーシンセサイザ,EasyPop,1B-DdOF0h0w,https://youtu.be/1B-DdOF0h0w?t=376,00:06:16,
宝石になった日,BUMP OF CHICKEN,1B-DdOF0h0w,https://youtu.be/1B-DdOF0h0w?t=832,00:13:52,
怪獣,サカナクション,1B-DdOF0h0w,https://youtu.be/1B-DdOF0h0w?t=1455,00:24:15,
忘れられないの,サカナクション,1B-DdOF0h0w,https://youtu.be/1B-DdOF0h0w?t=1752,00:29:12,
世界に一つだけの花,SMAP,1B-DdOF0h0w,https://youtu.be/1B-DdOF0h0w?t=2206,00:36:46,
ただ君に晴れ,ヨルシカ,1B-DdOF0h0w,https://youtu.be/1B-DdOF0h0w?t=2647,00:44:07,
晴る,ヨルシカ,1B-DdOF0h0w,https://youtu.be/1B-DdOF0h0w?t=2911,00:48:31,
雨とカプチーノ,ヨルシカ,1B-DdOF0h0w,https://youtu.be/1B-DdOF0h0w?t=3351,00:55:51,
美しい鰭,スピッツ,1B-DdOF0h0w,https://youtu.be/1B-DdOF0h0w?t=3969,01:06:09,
シュガーソングとビターステップ,UNISON SQUARE GARDEN,1B-DdOF0h0w,https://youtu.be/1B-DdOF0h0w?t=4855,01:20:55,
なないろ,BUMP OF CHICKEN,1B-DdOF0h0w,https://youtu.be/1B-DdOF0h0w?t=5211,01:26:51,
気まぐれロマンティック,いきものがかり,1B-DdOF0h0w,https://youtu.be/1B-DdOF0h0w?t=5587,01:33:07,
ブルーバード,いきものがかり,hbYTW2Shn8M,https://youtu.be/hbYTW2Shn8M?t=705,00:11:45,
Diver,NICO Touches the Walls,hbYTW2Shn8M,https://youtu.be/hbYTW2Shn8M?t=1144,00:19:04,
青のすみか,キタニタツヤ,hbYTW2Shn8M,https://youtu.be/hbYTW2Shn8M?t=1433,00:23:53,
unravel,TK from 凛として時雨,hbYTW2Shn8M,https://youtu.be/hbYTW2Shn8M?t=1698,00:28:18,
ムーンライト伝説,DALI,hbYTW2Shn8M,https://youtu.be/hbYTW2Shn8M?t=2064,00:34:24,
君の知らない物語,supercell,hbYTW2Shn8M,https://youtu.be/hbYTW2Shn8M?t=2303,00:38:23,
恋愛サーキュレーション,千石撫子,hbYTW2Shn8M,https://youtu.be/hbYTW2Shn8M?t=2702,00:45:02,
ふわふわ時間,放課後ティータイム,hbYTW2Shn8M,https://youtu.be/hbYTW2Shn8M?t=3021,00:50:21,
星間飛行,ランカリー,hbYTW2Shn8M,https://youtu.be/hbYTW2Shn8M?t=3390,00:56:30,
ノーザンクロス,シェリルノーム,hbYTW2Shn8M,https://youtu.be/hbYTW2Shn8M?t=3652,01:00:52,
紅蓮華,LiSA,hbYTW2Shn8M,https://youtu.be/hbYTW2Shn8M?t=3927,01:05:27,
God knows...,涼宮ハルヒ,hbYTW2Shn8M,https://youtu.be/hbYTW2Shn8M?t=4215,01:10:15,
サムライハート,SPYAIR,hbYTW2Shn8M,https://youtu.be/hbYTW2Shn8M?t=4599,01:16:39,
怪獣,サカナクション,hbYTW2Shn8M,https://youtu.be/hbYTW2Shn8M?t=4971,01:22:51,
again,YUI,hbYTW2Shn8M,https://youtu.be/hbYTW2Shn8M?t=5258,01:27:38,
めざせポケモンマスター,松本梨香,hbYTW2Shn8M,https://youtu.be/hbYTW2Shn8M?t=5522,01:32:02,
残酷な天使のテーゼ,高橋洋子,hbYTW2Shn8M,https://youtu.be/hbYTW2Shn8M?t=5801,01:36:41,
リライト,ASIAN KUNG-FU GENERATION,hbYTW2Shn8M,https://youtu.be/hbYTW2Shn8M?t=6229,01:43:49,
晴る,ヨルシカ,hbYTW2Shn8M,https://youtu.be/hbYTW2Shn8M?t=6511,01:48:31,
斜陽,ヨルシカ,hbYTW2Shn8M,https://youtu.be/hbYTW2Shn8M?t=6854,01:54:14,
火星人,ヨルシカ,hbYTW2Shn8M,https://youtu.be/hbYTW2Shn8M?t=7111,01:58:31,
空に歌えば,amazarashi,hbYTW2Shn8M,https://youtu.be/hbYTW2Shn8M?t=7415,02:03:35,
航海の唄,さユり,hbYTW2Shn8M,https://youtu.be/hbYTW2Shn8M?t=7728,02:08:48,
Shout Baby,緑黄色社会,hbYTW2Shn8M,https://youtu.be/hbYTW2Shn8M?t=8102,02:15:02,
夢をかなえてドラえもん,mao,hbYTW2Shn8M,https://youtu.be/hbYTW2Shn8M?t=8410,02:20:10,
シュガーソングとビターステップ,UNISON SQUARE GARDEN,hbYTW2Shn8M,https://youtu.be/hbYTW2Shn8M?t=8697,02:24:57,
オリオンをなぞる,UNISON SQUARE GARDEN,hbYTW2Shn8M,https://youtu.be/hbYTW2Shn8M?t=8949,02:29:09,
タッチ,岩崎良美,hbYTW2Shn8M,https://youtu.be/hbYTW2Shn8M?t=9252,02:34:12,
瞬間センチメンタル,SCANDAL,hbYTW2Shn8M,https://youtu.be/hbYTW2Shn8M?t=9475,02:37:55,
ウィーアー！,きただにひろし,hbYTW2Shn8M,https://youtu.be/hbYTW2Shn8M?t=9798,02:43:18,
ココロのちず,BOYSTYLE,hbYTW2Shn8M,https://youtu.be/hbYTW2Shn8M?t=10091,02:48:11,
Believe,Folder5,hbYTW2Shn8M,https://youtu.be/hbYTW2Shn8M?t=10517,02:55:17,
sailing day,BUMP OF CHICKEN,hbYTW2Shn8M,https://youtu.be/hbYTW2Shn8M?t=10881,03:01:21,
チェリー,スピッツ,cKsSnnauSb8,https://youtu.be/cKsSnnauSb8?t=556,00:09:16,
丸の内サディスティック,椎名林檎,cKsSnnauSb8,https://youtu.be/cKsSnnauSb8?t=1057,00:17:37,
なないろ,BUMP OF CHICKEN,cKsSnnauSb8,https://youtu.be/cKsSnnauSb8?t=1458,00:24:18,
アカシア,BUMP OF CHICKEN,cKsSnnauSb8,https://youtu.be/cKsSnnauSb8?t=2863,00:47:43,
sailing day,BUMP OF CHICKEN,cKsSnnauSb8,https://youtu.be/cKsSnnauSb8?t=3184,00:53:04,
千本桜,黒うさP feat.初音ミク,cKsSnnauSb8,https://youtu.be/cKsSnnauSb8?t=3547,00:59:07,
ロミオとシンデレラ,doriko,cKsSnnauSb8,https://youtu.be/cKsSnnauSb8?t=3891,01:04:51,
unravel,TK from 凛として時雨,cKsSnnauSb8,https://youtu.be/cKsSnnauSb8?t=4339,01:12:19,
シルエット,kana-boon,cKsSnnauSb8,https://youtu.be/cKsSnnauSb8?t=4826,01:20:26,
-. JANE DOE(サビだけ口ずさむ),,cKsSnnauSb8,https://youtu.be/cKsSnnauSb8?t=5455,01:30:55,
青のすみか,キタニタツヤ,cKsSnnauSb8,https://youtu.be/cKsSnnauSb8?t=5546,01:32:26,
ずうっといっしょ！/ キタニタツヤ,,cKsSnnauSb8,https://youtu.be/cKsSnnauSb8?t=5831,01:37:11,
again,Yui,cKsSnnauSb8,https://youtu.be/cKsSnnauSb8?t=6101,01:41:41,
CHE.R.RY,Yui,cKsSnnauSb8,https://youtu.be/cKsSnnauSb8?t=6414,01:46:54,
君はロックを聞かない,あいみょん,cKsSnnauSb8,https://youtu.be/cKsSnnauSb8?t=6864,01:54:24,
欲望に満ちた青年団,ONE OK ROCK,uoYi0ljk7-A,https://youtu.be/uoYi0ljk7-A?t=1638,00:27:18,
愛迷エレジー,DECO*27,uoYi0ljk7-A,https://youtu.be/uoYi0ljk7-A?t=1891,00:31:31,
雨とカプチーノ,ヨルシカ,uoYi0ljk7-A,https://youtu.be/uoYi0ljk7-A?t=2126,00:35:26,
斜陽,ヨルシカ,uoYi0ljk7-A,https://youtu.be/uoYi0ljk7-A?t=2459,00:40:59,
晴る,ヨルシカ,uoYi0ljk7-A,https://youtu.be/uoYi0ljk7-A?t=2725,00:45:25,
丸の内サディスティック,椎名林檎,uoYi0ljk7-A,https://youtu.be/uoYi0ljk7-A?t=3805,01:03:25,
マリーゴールド,あいみょん,uoYi0ljk7-A,https://youtu.be/uoYi0ljk7-A?t=4055,01:07:35,
チェリー,スピッツ,uoYi0ljk7-A,https://youtu.be/uoYi0ljk7-A?t=4462,01:14:22,
美しい鰭,スピッツ,uoYi0ljk7-A,https://youtu.be/uoYi0ljk7-A?t=4754,01:19:14,
若者のすべて,フジファブリック,uoYi0ljk7-A,https://youtu.be/uoYi0ljk7-A?t=5006,01:23:26,
今宵の月のように,エレファントカシマシ,uoYi0ljk7-A,https://youtu.be/uoYi0ljk7-A?t=5437,01:30:37,
ロビンソン,スピッツ,uoYi0ljk7-A,https://youtu.be/uoYi0ljk7-A?t=5742,01:35:42,
わたがし,back number,uoYi0ljk7-A,https://youtu.be/uoYi0ljk7-A?t=6545,01:49:05,
千本桜,黒うさP feat.初音ミク,uoYi0ljk7-A,https://youtu.be/uoYi0ljk7-A?t=6900,01:55:00,
天ノ弱,164 feat. GUMI,uoYi0ljk7-A,https://youtu.be/uoYi0ljk7-A?t=7160,01:59:20,
ドーナツホール,米津玄師,uoYi0ljk7-A,https://youtu.be/uoYi0ljk7-A?t=7404,02:03:24,
ロミオとシンデレラ,doriko,uoYi0ljk7-A,https://youtu.be/uoYi0ljk7-A?t=7679,02:07:59,
ロストワンの号哭,Neru feat.鏡音リン,uoYi0ljk7-A,https://youtu.be/uoYi0ljk7-A?t=8110,02:15:10,
サマータイムレコード,じん,uoYi0ljk7-A,https://youtu.be/uoYi0ljk7-A?t=8373,02:19:33,
夜咄ディセイブ,じん,uoYi0ljk7-A,https://youtu.be/uoYi0ljk7-A?t=8657,02:24:17,
インフェルノ,Mrs. GREEN APPLE,uoYi0ljk7-A,https://youtu.be/uoYi0ljk7-A?t=8941,02:29:01,
アイネクライネ,米津玄師,uoYi0ljk7-A,https://youtu.be/uoYi0ljk7-A?t=9249,02:34:09,
Lemon,米津玄師,uoYi0ljk7-A,https://youtu.be/uoYi0ljk7-A?t=9603,02:40:03,
ムーンライト伝説,DALI,uoYi0ljk7-A,https://youtu.be/uoYi0ljk7-A?t=10435,02:53:55,
アンパンマンのマーチ,ドリーミング,uoYi0ljk7-A,https://youtu.be/uoYi0ljk7-A?t=10682,02:58:02,
God knows...,涼宮ハルヒ(C.V.平野綾),uoYi0ljk7-A,https://youtu.be/uoYi0ljk7-A?t=10901,03:01:41,
ミカヅキ,さユり,uoYi0ljk7-A,https://youtu.be/uoYi0ljk7-A?t=11211,03:06:51,
花の塔,さユり,uoYi0ljk7-A,https://youtu.be/uoYi0ljk7-A?t=11498,03:11:38,
シルエット,kana-boon,uoYi0ljk7-A,https://youtu.be/uoYi0ljk7-A?t=12013,03:20:13,
シュガーソングとビターステップ,UNISON SQUARE GARDEN,uoYi0ljk7-A,https://youtu.be/uoYi0ljk7-A?t=12315,03:25:15,
オリオンをなぞる,UNISON SQUARE GARDEN,uoYi0ljk7-A,https://youtu.be/uoYi0ljk7-A?t=12551,03:29:11,
リライト,ASIAN KUNG-FU GENERATION,uoYi0ljk7-A,https://youtu.be/uoYi0ljk7-A?t=12888,03:34:48,
daze,じん,uoYi0ljk7-A,https://youtu.be/uoYi0ljk7-A?t=13241,03:40:41,
ブルーバード,いきものがかり,uoYi0ljk7-A,https://youtu.be/uoYi0ljk7-A?t=13567,03:46:07,
季節は次々死んでいく,Amazarashi,uoYi0ljk7-A,https://youtu.be/uoYi0ljk7-A?t=13819,03:50:19,
空に歌えば,Amazarashi,uoYi0ljk7-A,https://youtu.be/uoYi0ljk7-A?t=14209,03:56:49,
結晶,ミナミイズミ,uoYi0ljk7-A,https://youtu.be/uoYi0ljk7-A?t=14569,04:02:49,
"Ch.登録45,000人おめでとうございます！",,uoYi0ljk7-A,https://youtu.be/uoYi0ljk7-A?t=14231,3:57:11,
ビンクスの酒,麦わらの一味,XoB6JwaXaXQ,https://youtu.be/XoB6JwaXaXQ?t=1418,23:38,
怒りをくれよ,GLIM SPANKY,XoB6JwaXaXQ,https://youtu.be/XoB6JwaXaXQ?t=2080,34:40,
新時代,Ado,XoB6JwaXaXQ,https://youtu.be/XoB6JwaXaXQ?t=2330,38:50,
ウィーアー！,きただにひろし,XoB6JwaXaXQ,https://youtu.be/XoB6JwaXaXQ?t=2907,48:27,
Believe,Folder5,XoB6JwaXaXQ,https://youtu.be/XoB6JwaXaXQ?t=3154,52:34,
ココロのちず,BOYSTYLE,XoB6JwaXaXQ,https://youtu.be/XoB6JwaXaXQ?t=3461,57:41,
BRAND NEW WORLD,D-51,XoB6JwaXaXQ,https://youtu.be/XoB6JwaXaXQ?t=3743,1:02:23,
sailing day,BUMP OF CHICKEN,XoB6JwaXaXQ,https://youtu.be/XoB6JwaXaXQ?t=4013,1:06:53,
One day,The ROOTLESS,XoB6JwaXaXQ,https://youtu.be/XoB6JwaXaXQ?t=4528,1:15:28,
memories,大槻マキ,XoB6JwaXaXQ,https://youtu.be/XoB6JwaXaXQ?t=4800,1:20:00,
世界に一つだけの花,SMAP,GrGhp-P27mQ,https://youtu.be/GrGhp-P27mQ?t=1756,00:29:16,
長い間,Kiroro,GrGhp-P27mQ,https://youtu.be/GrGhp-P27mQ?t=2136,00:35:36,
ノーチラス,ヨルシカ,GrGhp-P27mQ,https://youtu.be/GrGhp-P27mQ?t=2936,00:48:56,
さよならエレジー,菅田将暉,GrGhp-P27mQ,https://youtu.be/GrGhp-P27mQ?t=3985,01:06:25,
天体観測,BUMP OF CHICKEN,GrGhp-P27mQ,https://youtu.be/GrGhp-P27mQ?t=4351,01:12:31,
Butterfly,BUMP OF CHICKEN,GrGhp-P27mQ,https://youtu.be/GrGhp-P27mQ?t=4997,01:23:17,
Flare,BUMP OF CHICKEN,GrGhp-P27mQ,https://youtu.be/GrGhp-P27mQ?t=5359,01:29:19,
Break through,ミナミイズミ,GrGhp-P27mQ,https://youtu.be/GrGhp-P27mQ?t=6668,01:51:08,
Flareと重なる話,,GrGhp-P27mQ,https://youtu.be/GrGhp-P27mQ?t=5998,01:39:58,
大声ダイヤモンド,AKB48,bY4un1F4MSQ,https://youtu.be/bY4un1F4MSQ?t=1254,20:54,
ロスタイムメモリー,じん,bY4un1F4MSQ,https://youtu.be/bY4un1F4MSQ?t=2277,37:57,
二十九、三十,クリープハイプ,bY4un1F4MSQ,https://youtu.be/bY4un1F4MSQ?t=2845,47:25,
夜咄ディセイブ,じん,bY4un1F4MSQ,https://youtu.be/bY4un1F4MSQ?t=3144,52:24,
- IRIS OUT,,bY4un1F4MSQ,https://youtu.be/bY4un1F4MSQ?t=3424,57:04,57:23
まちがいさがし,菅田将暉,bY4un1F4MSQ,https://youtu.be/bY4un1F4MSQ?t=3622,1:00:22,
天体観測,BUMP OF CHICKEN,bY4un1F4MSQ,https://youtu.be/bY4un1F4MSQ?t=3967,1:06:07,
embrace,BUMP OF CHICKEN,bY4un1F4MSQ,https://youtu.be/bY4un1F4MSQ?t=4589,1:16:29,
トレモロ,RADWIMPS,bY4un1F4MSQ,https://youtu.be/bY4un1F4MSQ?t=5135,1:25:35,
花に亡霊,ヨルシカ,Aacs2df4isg,https://youtu.be/Aacs2df4isg?t=703,11:43,
斜陽,ヨルシカ,Aacs2df4isg,https://youtu.be/Aacs2df4isg?t=1658,27:38,
からくりピエロ,40mP,Aacs2df4isg,https://youtu.be/Aacs2df4isg?t=2003,33:23,
ヨンジュウナナ,みきとP,Aacs2df4isg,https://youtu.be/Aacs2df4isg?t=2394,39:54,
サリシノハラ,みきとP,Aacs2df4isg,https://youtu.be/Aacs2df4isg?t=2824,47:04,
千本桜,黒うさP,Aacs2df4isg,https://youtu.be/Aacs2df4isg?t=3219,53:39,
幸せ,back number,Aacs2df4isg,https://youtu.be/Aacs2df4isg?t=3684,1:01:24,
水平線,back number,Aacs2df4isg,https://youtu.be/Aacs2df4isg?t=4180,1:09:40,
怪獣の花唄,Vaundy,Aacs2df4isg,https://youtu.be/Aacs2df4isg?t=4541,1:15:41,
アイデンティティ,サカナクション,Aacs2df4isg,https://youtu.be/Aacs2df4isg?t=4825,1:20:25,
怪獣,サカナクション,Aacs2df4isg,https://youtu.be/Aacs2df4isg?t=5203,1:26:43,
トレモロ,RADWIMPS,Aacs2df4isg,https://youtu.be/Aacs2df4isg?t=5648,1:34:08,
タッチ,岩崎良美,Aacs2df4isg,https://youtu.be/Aacs2df4isg?t=6070,1:41:10,
God knows…,涼宮ハルヒ(CV.平野綾),Aacs2df4isg,https://youtu.be/Aacs2df4isg?t=6286,1:44:46,
ブルーバード,いきものがかり,Aacs2df4isg,https://youtu.be/Aacs2df4isg?t=7193,1:59:53,
くせのうた,星野源,w1xVWGdySPk,https://youtu.be/w1xVWGdySPk?t=664,00:11:04,
Calc.,ジミーサムP,w1xVWGdySPk,https://youtu.be/w1xVWGdySPk?t=1327,00:22:07,
歩く,ヨルシカ,w1xVWGdySPk,https://youtu.be/w1xVWGdySPk?t=1744,00:29:04,
だから僕は音楽を辞めた,ヨルシカ,w1xVWGdySPk,https://youtu.be/w1xVWGdySPk?t=2027,00:33:47,
God knows...,涼宮ハルヒ,w1xVWGdySPk,https://youtu.be/w1xVWGdySPk?t=2506,00:41:46,
季節は次々死んでいく,amazarashi,w1xVWGdySPk,https://youtu.be/w1xVWGdySPk?t=2934,00:48:54,
トレモロ,RADWIMPS,w1xVWGdySPk,https://youtu.be/w1xVWGdySPk?t=3407,00:56:47,
fire sign,BUMP OF CHICKEN,w1xVWGdySPk,https://youtu.be/w1xVWGdySPk?t=3785,01:03:05,
ロミオとシンデレラ,doriko,w1xVWGdySPk,https://youtu.be/w1xVWGdySPk?t=4152,01:09:12,
ダブルラリアット,アゴアニキP,w1xVWGdySPk,https://youtu.be/w1xVWGdySPk?t=4591,01:16:31,
Lemon,米津玄師,w1xVWGdySPk,https://youtu.be/w1xVWGdySPk?t=4950,01:22:30,
ロビンソン,スピッツ,w1xVWGdySPk,https://youtu.be/w1xVWGdySPk?t=5364,01:29:24,
小夜子,みきとＰ,GZMKRBkW4PE,https://youtu.be/GZMKRBkW4PE?t=678,11:18,
プロミスザスター,BiSH,GZMKRBkW4PE,https://youtu.be/GZMKRBkW4PE?t=1040,17:20,
真っ赤な空を見ただろうか,BUMP OF CHICKEN,GZMKRBkW4PE,https://youtu.be/GZMKRBkW4PE?t=1624,27:04,
若者のすべて,フジファブリック,GZMKRBkW4PE,https://youtu.be/GZMKRBkW4PE?t=2764,46:04,
アイロニー,ミナミイズミ,GZMKRBkW4PE,https://youtu.be/GZMKRBkW4PE?t=4643,1:17:23,
again,Yui,oRXxaSre1rU,https://youtu.be/oRXxaSre1rU?t=1694,00:28:14,
それは小さな光のような,さユり,oRXxaSre1rU,https://youtu.be/oRXxaSre1rU?t=2339,00:38:59,
ミカヅキ,さユり,oRXxaSre1rU,https://youtu.be/oRXxaSre1rU?t=2676,00:44:36,
サムライハート,SPYAIR,oRXxaSre1rU,https://youtu.be/oRXxaSre1rU?t=3330,00:55:30,
ブルーバード,いきものがかり,oRXxaSre1rU,https://youtu.be/oRXxaSre1rU?t=3548,00:59:08,
残酷な天使のテーゼ,高橋洋子,oRXxaSre1rU,https://youtu.be/oRXxaSre1rU?t=3953,01:05:53,
季節は次々死んでいく,Amazarashi,oRXxaSre1rU,https://youtu.be/oRXxaSre1rU?t=4294,01:11:34,
オリオンをなぞる,UNISON SQUARE GARDEN,oRXxaSre1rU,https://youtu.be/oRXxaSre1rU?t=6120,01:42:00,
シュガーソングとビターステップ,UNISON SQUARE GARDEN,oRXxaSre1rU,https://youtu.be/oRXxaSre1rU?t=6420,01:47:00,
"Hello, world!",BUMP OF CHICKEN,oRXxaSre1rU,https://youtu.be/oRXxaSre1rU?t=6854,01:54:14,
月虹,BUMP OF CHICKEN,oRXxaSre1rU,https://youtu.be/oRXxaSre1rU?t=7469,02:04:29,
アンパンマンのマーチ,ドリーミング,oRXxaSre1rU,https://youtu.be/oRXxaSre1rU?t=8643,02:24:03,
シルエット,kana-boon,oRXxaSre1rU,https://youtu.be/oRXxaSre1rU?t=8973,02:29:33,
God knows...,涼宮ハルヒ(C.V.平野綾),oRXxaSre1rU,https://youtu.be/oRXxaSre1rU?t=9431,02:37:11,
めざせポケモンマスター,松本梨香,oRXxaSre1rU,https://youtu.be/oRXxaSre1rU?t=9702,02:41:42,
Rising Hope,LiSA(初披露かもしれない),oRXxaSre1rU,https://youtu.be/oRXxaSre1rU?t=10159,02:49:19,
ウィーアー！,きただに ひろし,oRXxaSre1rU,https://youtu.be/oRXxaSre1rU?t=10576,02:56:16,
星間飛行,ランカリー＝中島愛,oRXxaSre1rU,https://youtu.be/oRXxaSre1rU?t=11003,03:03:23,
ノーザンクロス,シェリルノーム starring May'n,oRXxaSre1rU,https://youtu.be/oRXxaSre1rU?t=11275,03:07:55,
タッチ,岩崎 良美,oRXxaSre1rU,https://youtu.be/oRXxaSre1rU?t=11588,03:13:08,
コメントに関するお願い,,oRXxaSre1rU,https://youtu.be/oRXxaSre1rU?t=5544,01:32:24,
"Hello, world!のライブアレンジからBUMP語り",,oRXxaSre1rU,https://youtu.be/oRXxaSre1rU?t=7122,01:58:42,
オリオンをなぞる,UNISON SQUARE GARDEN,1AgQLDIr718,https://youtu.be/1AgQLDIr718?t=431,7:11,
なないろ,BUMP OF CHICKEN,1AgQLDIr718,https://youtu.be/1AgQLDIr718?t=903,15:03,
言って。,ヨルシカ,1AgQLDIr718,https://youtu.be/1AgQLDIr718?t=1304,21:44,
ふわふわ時間,放課後ティータイム,1AgQLDIr718,https://youtu.be/1AgQLDIr718?t=1613,26:53,
sailing day,BUMP OF CHICKEN,1AgQLDIr718,https://youtu.be/1AgQLDIr718?t=1994,33:14,
航海の唄,さユり,1AgQLDIr718,https://youtu.be/1AgQLDIr718?t=2367,39:27,
サウダージ,ポルノグラフィティ,1AgQLDIr718,https://youtu.be/1AgQLDIr718?t=2831,47:11,
トレモロ,RADWIMPS,1AgQLDIr718,https://youtu.be/1AgQLDIr718?t=3168,52:48,
カルマ,BUMP OF CHICKEN,1AgQLDIr718,https://youtu.be/1AgQLDIr718?t=3432,57:12,
新宝島,サカナクション,1AgQLDIr718,https://youtu.be/1AgQLDIr718?t=3780,1:03:00,
忘れられないの,サカナクション,1AgQLDIr718,https://youtu.be/1AgQLDIr718?t=4053,1:07:33,
怪獣,サカナクション,1AgQLDIr718,https://youtu.be/1AgQLDIr718?t=4595,1:16:35,
星間飛行,ランカリー＝中島愛,3kfAwI36HW8,https://youtu.be/3kfAwI36HW8?t=968,16:08,
夜紛い,ヨルシカ,3kfAwI36HW8,https://youtu.be/3kfAwI36HW8?t=1475,24:35,
弱虫モンブラン,DECO*27,3kfAwI36HW8,https://youtu.be/3kfAwI36HW8?t=2100,35:00,
愛迷エレジー,DECO*27,3kfAwI36HW8,https://youtu.be/3kfAwI36HW8?t=2473,41:13,
Wherever you are,ONE OK ROCK,3kfAwI36HW8,https://youtu.be/3kfAwI36HW8?t=2784,46:24,
欲望に満ちた青年団,ONE OK ROCK,3kfAwI36HW8,https://youtu.be/3kfAwI36HW8?t=3244,54:04,
ワールドランプシェード,buzzG,3kfAwI36HW8,https://youtu.be/3kfAwI36HW8?t=3617,1:00:17,
インフェルノ,Mrs. GREEN APPLE,3kfAwI36HW8,https://youtu.be/3kfAwI36HW8?t=4080,1:08:00,
愛を伝えたいだとか,あいみょん,3kfAwI36HW8,https://youtu.be/3kfAwI36HW8?t=4381,1:13:01,
アカシア,BUMP OF CHICKEN,3kfAwI36HW8,https://youtu.be/3kfAwI36HW8?t=4941,1:22:21,
めざせポケモンマスター,松本梨香,3kfAwI36HW8,https://youtu.be/3kfAwI36HW8?t=5299,1:28:19,
天体観測,BUMP OF CHICKEN,3kfAwI36HW8,https://youtu.be/3kfAwI36HW8?t=5622,1:33:42,
(take 2 ) ray,BUMP OF CHICKEN,3kfAwI36HW8,https://youtu.be/3kfAwI36HW8?t=5957,1:39:17,1:40:05
結晶,ミナミイズミ,3kfAwI36HW8,https://youtu.be/3kfAwI36HW8?t=6510,1:48:30,
ロビンソン,スピッツ,3kfAwI36HW8,https://youtu.be/3kfAwI36HW8?t=6886,1:54:46,
若者のすべて,フジファブリック,3kfAwI36HW8,https://youtu.be/3kfAwI36HW8?t=7301,2:01:41,
アイネクライネ,米津玄師,3kfAwI36HW8,https://youtu.be/3kfAwI36HW8?t=7720,2:08:40,
Lemon,米津玄師,3kfAwI36HW8,https://youtu.be/3kfAwI36HW8?t=8065,2:14:25,
幸せ,back number,3kfAwI36HW8,https://youtu.be/3kfAwI36HW8?t=8500,2:21:40,
Break through,ミナミイズミ,3kfAwI36HW8,https://youtu.be/3kfAwI36HW8?t=9693,2:41:33,
(take 2. ) God knows…,涼宮ハルヒ(CV.平野綾),8bDL-I0kWqc,https://youtu.be/8bDL-I0kWqc?t=439,7:19,8:15
サマータイムレコード,じん,8bDL-I0kWqc,https://youtu.be/8bDL-I0kWqc?t=867,14:27,
夜咄ディセイブ,じん,8bDL-I0kWqc,https://youtu.be/8bDL-I0kWqc?t=1144,19:04,
Catch the Moment,LiSA,8bDL-I0kWqc,https://youtu.be/8bDL-I0kWqc?t=1447,24:07,
ノーザンクロス,シェリルノーム starring May’n,8bDL-I0kWqc,https://youtu.be/8bDL-I0kWqc?t=1808,30:08,
スターライト,amazarashi,8bDL-I0kWqc,https://youtu.be/8bDL-I0kWqc?t=2145,35:45,
季節は次々死んでいく,amazarashi,8bDL-I0kWqc,https://youtu.be/8bDL-I0kWqc?t=2477,41:17,
水平線,back number,8bDL-I0kWqc,https://youtu.be/8bDL-I0kWqc?t=3075,51:15,
高嶺の花子さん,back number,8bDL-I0kWqc,https://youtu.be/8bDL-I0kWqc?t=3347,55:47,
マリーゴールド,あいみょん,8bDL-I0kWqc,https://youtu.be/8bDL-I0kWqc?t=3795,1:03:15,
夏色,ゆず,8bDL-I0kWqc,https://youtu.be/8bDL-I0kWqc?t=4120,1:08:40,
おやすみ泣き声、さよなら歌姫,クリープハイプ,8bDL-I0kWqc,https://youtu.be/8bDL-I0kWqc?t=4442,1:14:02,
メランコリーキッチン,米津玄師,8bDL-I0kWqc,https://youtu.be/8bDL-I0kWqc?t=4951,1:22:31,
タッチ,岩崎良美,8bDL-I0kWqc,https://youtu.be/8bDL-I0kWqc?t=5280,1:28:00,
花に亡霊,ヨルシカ,8bDL-I0kWqc,https://youtu.be/8bDL-I0kWqc?t=5540,1:32:20,
晴る,ヨルシカ,8bDL-I0kWqc,https://youtu.be/8bDL-I0kWqc?t=5834,1:37:14,
雨とカプチーノ,ヨルシカ,8bDL-I0kWqc,https://youtu.be/8bDL-I0kWqc?t=6182,1:43:02,
残酷な天使のテーゼ,高橋洋子,8bDL-I0kWqc,https://youtu.be/8bDL-I0kWqc?t=6543,1:49:03,
シルエット,KANA-BOON,8bDL-I0kWqc,https://youtu.be/8bDL-I0kWqc?t=7001,1:56:41,
ブルーバード,いきものがかり,8bDL-I0kWqc,https://youtu.be/8bDL-I0kWqc?t=7356,2:02:36,
気まぐれロマンティック,いきものがかり,8bDL-I0kWqc,https://youtu.be/8bDL-I0kWqc?t=7694,2:08:14,
花の塔,さユり,8bDL-I0kWqc,https://youtu.be/8bDL-I0kWqc?t=8045,2:14:05,
ムーンライト伝説,DALI,8bDL-I0kWqc,https://youtu.be/8bDL-I0kWqc?t=8405,2:20:05,
ホリデイ,BUMP OF CHICKEN,1sOnXlfpW5M,https://youtu.be/1sOnXlfpW5M?t=691,00:11:31,
車輪の唄,BUMP OF CHICKEN,1sOnXlfpW5M,https://youtu.be/1sOnXlfpW5M?t=1336,00:22:16,
シュガーソングとビターステップ,UNISON SQUARE GARDEN,1sOnXlfpW5M,https://youtu.be/1sOnXlfpW5M?t=1894,00:31:34,
コイスルオトメ,いきものがかり,1sOnXlfpW5M,https://youtu.be/1sOnXlfpW5M?t=3630,01:00:30,
今宵の月のように,エレファントカシマシ,1sOnXlfpW5M,https://youtu.be/1sOnXlfpW5M?t=4194,01:09:54,
トレモロ,RADWIMPS,1sOnXlfpW5M,https://youtu.be/1sOnXlfpW5M?t=4507,01:15:07,
ダイヤモンド,BUMP OF CHICKEN,1sOnXlfpW5M,https://youtu.be/1sOnXlfpW5M?t=4876,01:21:16,
何回言うけど「睡眠って大事」,,1sOnXlfpW5M,https://youtu.be/1sOnXlfpW5M?t=417,00:06:57,
誕生日前夜オリ曲ライブ,,1sOnXlfpW5M,https://youtu.be/1sOnXlfpW5M?t=547,00:09:07,
ウォーミングアップ基礎練習,,1sOnXlfpW5M,https://youtu.be/1sOnXlfpW5M?t=936,00:15:36,
七海うららさんコメントの登場,,1sOnXlfpW5M,https://youtu.be/1sOnXlfpW5M?t=1650,00:27:30,
うららさんの髪の毛の色になりたい,,1sOnXlfpW5M,https://youtu.be/1sOnXlfpW5M?t=1835,00:30:35,
恋の間奏の「タランタンタランタラン。。。」がとっても良い,,1sOnXlfpW5M,https://youtu.be/1sOnXlfpW5M?t=2607,00:43:27,
チェリー,スピッツ,LmiCmtttwWU,https://youtu.be/LmiCmtttwWU?t=384,00:06:24,
君はロックを聞かない,あいみょん,LmiCmtttwWU,https://youtu.be/LmiCmtttwWU?t=784,00:13:04,
ハロ／ハワユ,ナノウ,LmiCmtttwWU,https://youtu.be/LmiCmtttwWU?t=1738,00:28:58,
彼女と星の椅子,BUMP OF CHICKEN,LmiCmtttwWU,https://youtu.be/LmiCmtttwWU?t=2148,00:35:48,
ベンチとコーヒー,BUMP OF CHICKEN,LmiCmtttwWU,https://youtu.be/LmiCmtttwWU?t=2522,00:42:02,
アカシア,BUMP OF CHICKEN,LmiCmtttwWU,https://youtu.be/LmiCmtttwWU?t=2993,00:49:53,
Spica,BUMP OF CHICKEN,LmiCmtttwWU,https://youtu.be/LmiCmtttwWU?t=3447,00:57:27,
サウダージ,ポルノグラフィティ,LmiCmtttwWU,https://youtu.be/LmiCmtttwWU?t=4061,01:07:41,
怪獣の花唄,Vaundy,LmiCmtttwWU,https://youtu.be/LmiCmtttwWU?t=4332,01:12:12,
前前前世,RADWIMPS,LmiCmtttwWU,https://youtu.be/LmiCmtttwWU?t=4658,01:17:38,
ふわふわ時間,放課後ティータイム,LmiCmtttwWU,https://youtu.be/LmiCmtttwWU?t=4984,01:23:04,
シルエット,kana-boon,LmiCmtttwWU,https://youtu.be/LmiCmtttwWU?t=5303,01:28:23,
FLY HIGH!!,BURNOUT SYNDROMES,LmiCmtttwWU,https://youtu.be/LmiCmtttwWU?t=5642,01:34:02,
美しい鰭,スピッツ,LmiCmtttwWU,https://youtu.be/LmiCmtttwWU?t=6002,01:40:02,
高嶺の花子さん,Back number,LmiCmtttwWU,https://youtu.be/LmiCmtttwWU?t=6339,01:45:39,
なないろ,BUMP OF CHICKEN,LmiCmtttwWU,https://youtu.be/LmiCmtttwWU?t=6671,01:51:11,
今日ぐっすり眠れた理由,,LmiCmtttwWU,https://youtu.be/LmiCmtttwWU?t=1531,00:25:31,
今日はチャマさんの誕生日,,LmiCmtttwWU,https://youtu.be/LmiCmtttwWU?t=1693,00:28:13,
今宵の月のように,エレファントカシマシ,xeJpCAJ0Jnc,https://youtu.be/xeJpCAJ0Jnc?t=905,00:15:05,
丸の内サディスティック,椎名林檎,xeJpCAJ0Jnc,https://youtu.be/xeJpCAJ0Jnc?t=1283,00:21:23,
雨とカプチーノ,ヨルシカ,xeJpCAJ0Jnc,https://youtu.be/xeJpCAJ0Jnc?t=1882,00:31:22,
斜陽,ヨルシカ,xeJpCAJ0Jnc,https://youtu.be/xeJpCAJ0Jnc?t=2207,00:36:47,
風を食む,ヨルシカ,xeJpCAJ0Jnc,https://youtu.be/xeJpCAJ0Jnc?t=2576,00:42:56,
からくりピエロ,40mP,xeJpCAJ0Jnc,https://youtu.be/xeJpCAJ0Jnc?t=3288,00:54:48,
トリノコシティ,40mP,xeJpCAJ0Jnc,https://youtu.be/xeJpCAJ0Jnc?t=3832,01:03:52,
シリョクケンサ,40mP feat.GUMI,xeJpCAJ0Jnc,https://youtu.be/xeJpCAJ0Jnc?t=4391,01:13:11,
怪獣,サカナクション,xeJpCAJ0Jnc,https://youtu.be/xeJpCAJ0Jnc?t=4848,01:20:48,
忘れられないの,サカナクション,xeJpCAJ0Jnc,https://youtu.be/xeJpCAJ0Jnc?t=5269,01:27:49,
ロミオとシンデレラ,doriko,xeJpCAJ0Jnc,https://youtu.be/xeJpCAJ0Jnc?t=5639,01:33:59,
CHE.R.RY,Yui,xeJpCAJ0Jnc,https://youtu.be/xeJpCAJ0Jnc?t=6157,01:42:37,
again,Yui,xeJpCAJ0Jnc,https://youtu.be/xeJpCAJ0Jnc?t=6404,01:46:44,
ミカヅキ,さユり,xeJpCAJ0Jnc,https://youtu.be/xeJpCAJ0Jnc?t=6720,01:52:00,
花の塔,さユり,xeJpCAJ0Jnc,https://youtu.be/xeJpCAJ0Jnc?t=7039,01:57:19,
平行線,さユり,xeJpCAJ0Jnc,https://youtu.be/xeJpCAJ0Jnc?t=7387,02:03:07,
アンパンマンのマーチ,ドリーミング,xeJpCAJ0Jnc,https://youtu.be/xeJpCAJ0Jnc?t=7875,02:11:15,
さくらんぼ,大塚愛,xeJpCAJ0Jnc,https://youtu.be/xeJpCAJ0Jnc?t=8180,02:16:20,
残酷な天使のテーゼ,高橋洋子,xeJpCAJ0Jnc,https://youtu.be/xeJpCAJ0Jnc?t=8512,02:21:52,
今日はジル先輩とお散歩してきた,,xeJpCAJ0Jnc,https://youtu.be/xeJpCAJ0Jnc?t=433,00:07:13,
３日前５曲はで配信終わった日　先輩からケアされた話,,xeJpCAJ0Jnc,https://youtu.be/xeJpCAJ0Jnc?t=494,00:08:14,
無原唱レコードのみんなに支えられまくり,,xeJpCAJ0Jnc,https://youtu.be/xeJpCAJ0Jnc?t=637,00:10:37,
打合せでディレクターさんに昨日の配信の感想を聞いたら「うん、まあ」,,xeJpCAJ0Jnc,https://youtu.be/xeJpCAJ0Jnc?t=709,00:11:49,
レコーディングはいっつも楽しい　サウンドディレクターは褒め上手,,xeJpCAJ0Jnc,https://youtu.be/xeJpCAJ0Jnc?t=1516,00:25:16,
ギターを始めてみたいけど何がいいですか？,,xeJpCAJ0Jnc,https://youtu.be/xeJpCAJ0Jnc?t=3683,01:01:23,
ジルさんが「ジャングルジムあるんだけど」,,xeJpCAJ0Jnc,https://youtu.be/xeJpCAJ0Jnc?t=4149,01:09:09,
「ジャカジャカ弾き語りスタイル」は少なからずさユりさんの影響ある,,xeJpCAJ0Jnc,https://youtu.be/xeJpCAJ0Jnc?t=7721,02:08:41,
何回も言うけど今週末誕生日前夜祭オリ曲だけ歌う！,,xeJpCAJ0Jnc,https://youtu.be/xeJpCAJ0Jnc?t=8796,02:26:36,
愛を伝えたいだとか,あいみょん,QbWeaWBNiCA,https://youtu.be/QbWeaWBNiCA?t=713,00:11:53,
美しい鰭,スピッツ,QbWeaWBNiCA,https://youtu.be/QbWeaWBNiCA?t=1167,00:19:27,
チェリー,スピッツ,QbWeaWBNiCA,https://youtu.be/QbWeaWBNiCA?t=1388,00:23:08,
夏色,ゆず,QbWeaWBNiCA,https://youtu.be/QbWeaWBNiCA?t=1832,00:30:32,
瞬間センチメンタル,SCANDAL,QbWeaWBNiCA,https://youtu.be/QbWeaWBNiCA?t=2102,00:35:02,
なないろ,BUMP OF CHICKEN,QbWeaWBNiCA,https://youtu.be/QbWeaWBNiCA?t=2443,00:40:43,
欲望に満ちた青年団,ONE OK ROCK,QbWeaWBNiCA,https://youtu.be/QbWeaWBNiCA?t=3178,00:52:58,
ただ君に晴れ,ヨルシカ,QbWeaWBNiCA,https://youtu.be/QbWeaWBNiCA?t=3474,00:57:54,
地獄でなぜ悪い,星野源,QbWeaWBNiCA,https://youtu.be/QbWeaWBNiCA?t=3774,01:02:54,
世界に一つだけの花,SMAP,QbWeaWBNiCA,https://youtu.be/QbWeaWBNiCA?t=4511,01:15:11,
タッチ,岩崎 良美,QbWeaWBNiCA,https://youtu.be/QbWeaWBNiCA?t=4817,01:20:17,
ロビンソン,スピッツ,QbWeaWBNiCA,https://youtu.be/QbWeaWBNiCA?t=5132,01:25:32,
vivi,米津玄師,QbWeaWBNiCA,https://youtu.be/QbWeaWBNiCA?t=5499,01:31:39,
メランコリーキッチン,米津玄師,QbWeaWBNiCA,https://youtu.be/QbWeaWBNiCA?t=5833,01:37:13,
シュガーソングとビターステップ,UNISON SQUARE GARDEN,QbWeaWBNiCA,https://youtu.be/QbWeaWBNiCA?t=6235,01:43:55,
オリオンをなぞる,UNISON SQUARE GARDEN,QbWeaWBNiCA,https://youtu.be/QbWeaWBNiCA?t=6526,01:48:46,
気まぐれロマンティック,いきものがかり,QbWeaWBNiCA,https://youtu.be/QbWeaWBNiCA?t=6958,01:55:58,
CH登録41000人達成　おめでとうございます！,,QbWeaWBNiCA,https://youtu.be/QbWeaWBNiCA?t=7164,1:59:24,
若者のすべて,フジファブリック,lbWA9l9sHlc,https://youtu.be/lbWA9l9sHlc?t=1519,00:25:19,
セプテンバーさん,RADWIMPS,lbWA9l9sHlc,https://youtu.be/lbWA9l9sHlc?t=1902,00:31:42,
話がしたいよ,BUMP OF CHICKEN,lbWA9l9sHlc,https://youtu.be/lbWA9l9sHlc?t=2234,00:37:14,
最後の雨,中西保志,lbWA9l9sHlc,https://youtu.be/lbWA9l9sHlc?t=2551,00:42:31,
雨とカプチーノ,ヨルシカ,lbWA9l9sHlc,https://youtu.be/lbWA9l9sHlc?t=2864,00:47:44,
雨晴るる,ヨルシカ,lbWA9l9sHlc,https://youtu.be/lbWA9l9sHlc?t=3173,00:52:53,
ドーナツホール,米津玄師,lbWA9l9sHlc,https://youtu.be/lbWA9l9sHlc?t=3552,00:59:12,
わたがし,back number,lbWA9l9sHlc,https://youtu.be/lbWA9l9sHlc?t=3801,01:03:21,
飴玉の唄,BUMP OF CHICKEN,lbWA9l9sHlc,https://youtu.be/lbWA9l9sHlc?t=4092,01:08:12,
strawberry,BUMP OF CHICKEN,lbWA9l9sHlc,https://youtu.be/lbWA9l9sHlc?t=4499,01:14:59,
Lemon,米津玄師,lbWA9l9sHlc,https://youtu.be/lbWA9l9sHlc?t=4939,01:22:19,
CHE.R.RY,Yui,lbWA9l9sHlc,https://youtu.be/lbWA9l9sHlc?t=5259,01:27:39,
ひまわりの約束,秦基博,lbWA9l9sHlc,https://youtu.be/lbWA9l9sHlc?t=5522,01:32:02,
ハルジオン,BUMP OF CHICKEN,lbWA9l9sHlc,https://youtu.be/lbWA9l9sHlc?t=5834,01:37:14,
マリーゴールド,あいみょん,lbWA9l9sHlc,https://youtu.be/lbWA9l9sHlc?t=6190,01:43:10,
赤いスイートピー,松田聖子,lbWA9l9sHlc,https://youtu.be/lbWA9l9sHlc?t=6540,01:49:00,
真っ赤な空を見ただろうか,BUMP OF CHICKEN,lbWA9l9sHlc,https://youtu.be/lbWA9l9sHlc?t=6777,01:52:57,
真赤,My Hair is Bad,lbWA9l9sHlc,https://youtu.be/lbWA9l9sHlc?t=7093,01:58:13,
青いベンチ,サスケ,lbWA9l9sHlc,https://youtu.be/lbWA9l9sHlc?t=7334,02:02:14,
青のすみか,キタニタツヤ,lbWA9l9sHlc,https://youtu.be/lbWA9l9sHlc?t=7631,02:07:11,
青い栞,Galileo Galilei,lbWA9l9sHlc,https://youtu.be/lbWA9l9sHlc?t=7893,02:11:33,
にじいろ,絢香,lbWA9l9sHlc,https://youtu.be/lbWA9l9sHlc?t=8287,02:18:07,
バナナフィッシュの浜辺と黒い虹,Galileo Galilei,lbWA9l9sHlc,https://youtu.be/lbWA9l9sHlc?t=8569,02:22:49,
虹を待つ人,BUMP OF CHICKEN,lbWA9l9sHlc,https://youtu.be/lbWA9l9sHlc?t=8920,02:28:40,
サザンクロス,BUMP OF CHICKEN,lbWA9l9sHlc,https://youtu.be/lbWA9l9sHlc?t=9220,02:33:40,
トレモロ,RADWIMPS,lbWA9l9sHlc,https://youtu.be/lbWA9l9sHlc?t=9467,02:37:47,
流星,コブクロ,lbWA9l9sHlc,https://youtu.be/lbWA9l9sHlc?t=9750,02:42:30,
スターライト,Amazarashi,lbWA9l9sHlc,https://youtu.be/lbWA9l9sHlc?t=10170,02:49:30,
光と影,ハナレグミ,lbWA9l9sHlc,https://youtu.be/lbWA9l9sHlc?t=10550,02:55:50,
光と闇,さユり(初披露),lbWA9l9sHlc,https://youtu.be/lbWA9l9sHlc?t=10950,03:02:30,
アイロニー,ミナミイズミ,lbWA9l9sHlc,https://youtu.be/lbWA9l9sHlc?t=11323,03:08:43,
結晶,ミナミイズミ,lbWA9l9sHlc,https://youtu.be/lbWA9l9sHlc?t=11610,03:13:30,
Break through,ミナミイズミ,lbWA9l9sHlc,https://youtu.be/lbWA9l9sHlc?t=11921,03:18:41,
ドリフの早口ことば,ザドリフターズ,rbqxK0Qyv2w,https://youtu.be/rbqxK0Qyv2w?t=877,14:37,
社会の窓,クリープハイプ,rbqxK0Qyv2w,https://youtu.be/rbqxK0Qyv2w?t=1569,26:09,
裏表ラバーズ,wowaka,rbqxK0Qyv2w,https://youtu.be/rbqxK0Qyv2w?t=1829,30:29,
ワールズエンドダンスホール,wowaka,rbqxK0Qyv2w,https://youtu.be/rbqxK0Qyv2w?t=2085,34:45,
ハイゲイン,ヒトリエ,rbqxK0Qyv2w,https://youtu.be/rbqxK0Qyv2w?t=2305,38:25,
有心論,RADWIMPS,rbqxK0Qyv2w,https://youtu.be/rbqxK0Qyv2w?t=3438,57:18,
おしゃかしゃま,RADWIMPS,rbqxK0Qyv2w,https://youtu.be/rbqxK0Qyv2w?t=3725,1:02:05,
君と羊と青,RADWIMPS,rbqxK0Qyv2w,https://youtu.be/rbqxK0Qyv2w?t=3931,1:05:31,
サウダージ,ポルノグラフィティ,rbqxK0Qyv2w,https://youtu.be/rbqxK0Qyv2w?t=4123,1:08:43,
脳漿炸裂ガール,れるりり,rbqxK0Qyv2w,https://youtu.be/rbqxK0Qyv2w?t=4369,1:12:49,
ロストワンの号哭,Neru,rbqxK0Qyv2w,https://youtu.be/rbqxK0Qyv2w?t=4611,1:16:51,
エンヴィキャットウォーク,トーマ,rbqxK0Qyv2w,https://youtu.be/rbqxK0Qyv2w?t=4865,1:21:05,
六兆年と一夜物語,kemu,rbqxK0Qyv2w,https://youtu.be/rbqxK0Qyv2w?t=5117,1:25:17,
夜咄ディセイブ,じん,rbqxK0Qyv2w,https://youtu.be/rbqxK0Qyv2w?t=5354,1:29:14,
シュガーソングとビターステップ,UNISON SQUARE GARDEN,rbqxK0Qyv2w,https://youtu.be/rbqxK0Qyv2w?t=5786,1:36:26,
ウィーアー！,きただにひろし,rbqxK0Qyv2w,https://youtu.be/rbqxK0Qyv2w?t=6076,1:41:16,
残酷な天使のテーゼ,高橋洋子,rbqxK0Qyv2w,https://youtu.be/rbqxK0Qyv2w?t=6309,1:45:09,
高嶺の花子さん,back number,rbqxK0Qyv2w,https://youtu.be/rbqxK0Qyv2w?t=6606,1:50:06,
ふわふわ時間,放課後ティータイム,rbqxK0Qyv2w,https://youtu.be/rbqxK0Qyv2w?t=6924,1:55:24,
千本桜,黒うさP,rbqxK0Qyv2w,https://youtu.be/rbqxK0Qyv2w?t=7176,1:59:36,
ロミオとシンデレラ,doriko,rbqxK0Qyv2w,https://youtu.be/rbqxK0Qyv2w?t=7472,2:04:32,
Just Be Friends,Dixie Flatline,rbqxK0Qyv2w,https://youtu.be/rbqxK0Qyv2w?t=7806,2:10:06,
東京テディベア,Neru,rbqxK0Qyv2w,https://youtu.be/rbqxK0Qyv2w?t=8174,2:16:14,
怪獣,サカナクション,rbqxK0Qyv2w,https://youtu.be/rbqxK0Qyv2w?t=8412,2:20:12,
新宝島,サカナクション,rbqxK0Qyv2w,https://youtu.be/rbqxK0Qyv2w?t=8682,2:24:42,
晴る,ヨルシカ,rbqxK0Qyv2w,https://youtu.be/rbqxK0Qyv2w?t=8978,2:29:38,
火星人,ヨルシカ,rbqxK0Qyv2w,https://youtu.be/rbqxK0Qyv2w?t=9336,2:35:36,
ただ君に晴れ,ヨルシカ,rbqxK0Qyv2w,https://youtu.be/rbqxK0Qyv2w?t=9613,2:40:13,
(t2 ) 言って。,ヨルシカ,rbqxK0Qyv2w,https://youtu.be/rbqxK0Qyv2w?t=9900,2:45:00,2:45:40
マリーゴールド,あいみょん,rbqxK0Qyv2w,https://youtu.be/rbqxK0Qyv2w?t=10481,2:54:41,
2AM BUMP OF CHICKEN festival,,rbqxK0Qyv2w,https://youtu.be/rbqxK0Qyv2w?t=10832,3:00:32,
天体観測,BUMP OF CHICKEN,rbqxK0Qyv2w,https://youtu.be/rbqxK0Qyv2w?t=10849,3:00:49,
アカシア,BUMP OF CHICKEN,rbqxK0Qyv2w,https://youtu.be/rbqxK0Qyv2w?t=11319,3:08:39,
ラフメイカー,BUMP OF CHICKEN,rbqxK0Qyv2w,https://youtu.be/rbqxK0Qyv2w?t=11631,3:13:51,
カルマ,BUMP OF CHICKEN,rbqxK0Qyv2w,https://youtu.be/rbqxK0Qyv2w?t=11930,3:18:50,
車輪の唄,BUMP OF CHICKEN,rbqxK0Qyv2w,https://youtu.be/rbqxK0Qyv2w?t=12267,3:24:27,
HAPPY,BUMP OF CHICKEN,rbqxK0Qyv2w,https://youtu.be/rbqxK0Qyv2w?t=12590,3:29:50,
embrace,BUMP OF CHICKEN,rbqxK0Qyv2w,https://youtu.be/rbqxK0Qyv2w?t=13080,3:38:00,
ray,BUMP OF CHICKEN,rbqxK0Qyv2w,https://youtu.be/rbqxK0Qyv2w?t=13484,3:44:44,
ダンデライオン,BUMP OF CHICKEN,rbqxK0Qyv2w,https://youtu.be/rbqxK0Qyv2w?t=13801,3:50:01,
なないろ,BUMP OF CHICKEN,rbqxK0Qyv2w,https://youtu.be/rbqxK0Qyv2w?t=14083,3:54:43,
"改めてうれしい40,000人",,A_oW9Fz4K3k,https://youtu.be/A_oW9Fz4K3k?t=535,00:08:55,
ウォーミングアップ基礎練習,,A_oW9Fz4K3k,https://youtu.be/A_oW9Fz4K3k?t=657,00:10:57,
「年下の男の子」は上白石萌音のカバーをよく聴いていた,,A_oW9Fz4K3k,https://youtu.be/A_oW9Fz4K3k?t=1900,00:31:40,
1曲目のプレゼントはお母さんのカラオケで知った、,,A_oW9Fz4K3k,https://youtu.be/A_oW9Fz4K3k?t=2010,00:33:30,
いつものようにセルフアンコール,,A_oW9Fz4K3k,https://youtu.be/A_oW9Fz4K3k?t=5054,01:24:14,
10万人目標！？,,A_oW9Fz4K3k,https://youtu.be/A_oW9Fz4K3k?t=5631,01:33:51,
「Landmarks」3rd RELEASE 2025 10　同期3人のオリ曲,,A_oW9Fz4K3k,https://youtu.be/A_oW9Fz4K3k?t=5771,01:36:11,
無原唱レコードカフェ in JAM Akihabara,,A_oW9Fz4K3k,https://youtu.be/A_oW9Fz4K3k?t=6215,1:43:35,
プレゼント,JITTERIN’JINN,A_oW9Fz4K3k,https://youtu.be/A_oW9Fz4K3k?t=1292,00:21:32,
年下の男の子,キャンディーズ,A_oW9Fz4K3k,https://youtu.be/A_oW9Fz4K3k?t=1676,00:27:56,
永遠はきらい,上白石萌音,A_oW9Fz4K3k,https://youtu.be/A_oW9Fz4K3k?t=2058,00:34:18,
チョコレイトディスコ,Perfume,A_oW9Fz4K3k,https://youtu.be/A_oW9Fz4K3k?t=2864,00:47:44,
恋愛レボリューション21,モーニング娘。,A_oW9Fz4K3k,https://youtu.be/A_oW9Fz4K3k?t=4727,01:18:47,
雨とカプチーノ,ヨルシカ,146CpIqqhTQ,https://youtu.be/146CpIqqhTQ?t=975,00:16:15,
丸の内サディスティック,椎名林檎,146CpIqqhTQ,https://youtu.be/146CpIqqhTQ?t=1425,00:23:45,
ロビンソン,スピッツ,146CpIqqhTQ,https://youtu.be/146CpIqqhTQ?t=1666,00:27:46,
水平線,Back number,146CpIqqhTQ,https://youtu.be/146CpIqqhTQ?t=2013,00:33:33,
セプテンバーさん,RADWIMPS,146CpIqqhTQ,https://youtu.be/146CpIqqhTQ?t=2459,00:40:59,
夏色,ゆず,146CpIqqhTQ,https://youtu.be/146CpIqqhTQ?t=2835,00:47:15,
アイネクライネ,米津玄師,146CpIqqhTQ,https://youtu.be/146CpIqqhTQ?t=3154,00:52:34,
サムライハート,SPYAIR,146CpIqqhTQ,https://youtu.be/146CpIqqhTQ?t=3717,01:01:57,
Calc.,ジミーサムP,146CpIqqhTQ,https://youtu.be/146CpIqqhTQ?t=3989,01:06:29,
怪獣,サカナクション,146CpIqqhTQ,https://youtu.be/146CpIqqhTQ?t=4378,01:12:58,
アイデンティティ,サカナクション,146CpIqqhTQ,https://youtu.be/146CpIqqhTQ?t=4766,01:19:26,
オリオンをなぞる,UNISON SQUARE GARDEN,146CpIqqhTQ,https://youtu.be/146CpIqqhTQ?t=5097,01:24:57,
ヒッチコック,ヨルシカ,146CpIqqhTQ,https://youtu.be/146CpIqqhTQ?t=5398,01:29:58,
晴る,ヨルシカ,146CpIqqhTQ,https://youtu.be/146CpIqqhTQ?t=5673,01:34:33,
ただ君に晴れ,ヨルシカ,146CpIqqhTQ,https://youtu.be/146CpIqqhTQ?t=6038,01:40:38,
だから僕は音楽を辞めた,ヨルシカ,146CpIqqhTQ,https://youtu.be/146CpIqqhTQ?t=6378,01:46:18,
ロミオとシンデレラ,doriko,146CpIqqhTQ,https://youtu.be/146CpIqqhTQ?t=6723,01:52:03,
有心論,RADWIMPS,146CpIqqhTQ,https://youtu.be/146CpIqqhTQ?t=7066,01:57:46,
トレモロ,RADWIMPS,146CpIqqhTQ,https://youtu.be/146CpIqqhTQ?t=7368,02:02:48,
車輪の唄,BUMP OF CHICKEN,146CpIqqhTQ,https://youtu.be/146CpIqqhTQ?t=8017,02:13:37,
アカシア,BUMP OF CHICKEN,146CpIqqhTQ,https://youtu.be/146CpIqqhTQ?t=8338,02:18:58,
天体観測,BUMP OF CHICKEN,146CpIqqhTQ,https://youtu.be/146CpIqqhTQ?t=8614,02:23:34,
Break through,ミナミイズミ,146CpIqqhTQ,https://youtu.be/146CpIqqhTQ?t=9006,02:30:06,
登録者40000人達成　おめでとうございます！,,146CpIqqhTQ,https://youtu.be/146CpIqqhTQ?t=8626,02:23:46,
高嶺の花子さん,Back number,OpuJsPLdI7c,https://youtu.be/OpuJsPLdI7c?t=1228,00:20:28,
Catch the Moment,LiSA,OpuJsPLdI7c,https://youtu.be/OpuJsPLdI7c?t=1617,00:26:57,
紅蓮華,LiSA,OpuJsPLdI7c,https://youtu.be/OpuJsPLdI7c?t=1921,00:32:01,
ノーザンクロス,シェリルノーム starring May'n,OpuJsPLdI7c,https://youtu.be/OpuJsPLdI7c?t=2303,00:38:23,
again,Yui,OpuJsPLdI7c,https://youtu.be/OpuJsPLdI7c?t=2570,00:42:50,
千本桜,黒うさP feat.初音ミク,OpuJsPLdI7c,https://youtu.be/OpuJsPLdI7c?t=2890,00:48:10,
季節は次々死んでいく,Amazarashi,OpuJsPLdI7c,https://youtu.be/OpuJsPLdI7c?t=3144,00:52:24,
空に歌えば,Amazarashi,OpuJsPLdI7c,https://youtu.be/OpuJsPLdI7c?t=3508,00:58:28,
スターライト,Amazarashi,OpuJsPLdI7c,https://youtu.be/OpuJsPLdI7c?t=3796,01:03:16,
ローリンガール,wowaka,OpuJsPLdI7c,https://youtu.be/OpuJsPLdI7c?t=4106,01:08:26,
愛迷エレジー,DECO*27,OpuJsPLdI7c,https://youtu.be/OpuJsPLdI7c?t=4367,01:12:47,
爆弾魔,ヨルシカ,OpuJsPLdI7c,https://youtu.be/OpuJsPLdI7c?t=4622,01:17:02,
八月、某、月明かり,ヨルシカ,OpuJsPLdI7c,https://youtu.be/OpuJsPLdI7c?t=4876,01:21:16,
アイデンティティ,サカナクション,OpuJsPLdI7c,https://youtu.be/OpuJsPLdI7c?t=5206,01:26:46,
夜咄ディセイブ,じん,OpuJsPLdI7c,https://youtu.be/OpuJsPLdI7c?t=5525,01:32:05,
東京テディベア,Neru,OpuJsPLdI7c,https://youtu.be/OpuJsPLdI7c?t=5804,01:36:44,
フライングゲット,AKB48,OpuJsPLdI7c,https://youtu.be/OpuJsPLdI7c?t=6043,01:40:43,
天体観測,BUMP OF CHICKEN,OpuJsPLdI7c,https://youtu.be/OpuJsPLdI7c?t=6341,01:45:41,
アカシア,BUMP OF CHICKEN,OpuJsPLdI7c,https://youtu.be/OpuJsPLdI7c?t=6818,01:53:38,
カルマ,BUMP OF CHICKEN,OpuJsPLdI7c,https://youtu.be/OpuJsPLdI7c?t=7091,01:58:11,
欲望に満ちた青年団,ONE OK ROCK,2UHvo5D5nYo,https://youtu.be/2UHvo5D5nYo?t=826,00:13:46,
雨晴るる,ヨルシカ,2UHvo5D5nYo,https://youtu.be/2UHvo5D5nYo?t=1126,00:18:46,
夜明けと蛍,n-buna,2UHvo5D5nYo,https://youtu.be/2UHvo5D5nYo?t=1520,00:25:20,
アイネクライネ,米津玄師,2UHvo5D5nYo,https://youtu.be/2UHvo5D5nYo?t=1836,00:30:36,
夏空,Galileo Galilei,2UHvo5D5nYo,https://youtu.be/2UHvo5D5nYo?t=2215,00:36:55,
大声ダイヤモンド,AKB48,2UHvo5D5nYo,https://youtu.be/2UHvo5D5nYo?t=2577,00:42:57,
気まぐれロマンティック,いきものがかり,2UHvo5D5nYo,https://youtu.be/2UHvo5D5nYo?t=2894,00:48:14,
晴る,ヨルシカ,2UHvo5D5nYo,https://youtu.be/2UHvo5D5nYo?t=3267,00:54:27,
花に嵐,米津玄師,2UHvo5D5nYo,https://youtu.be/2UHvo5D5nYo?t=3618,01:00:18,
ピースサイン,米津玄師,2UHvo5D5nYo,https://youtu.be/2UHvo5D5nYo?t=3957,01:05:57,
アンパンマンのマーチ,,ZqXExRQaTxM,https://youtu.be/ZqXExRQaTxM?t=986,16:26,
シルエット,KANA-BOON,ZqXExRQaTxM,https://youtu.be/ZqXExRQaTxM?t=1242,20:42,
インフェルノ,Mrs. GREEN APPLE,ZqXExRQaTxM,https://youtu.be/ZqXExRQaTxM?t=1654,27:34,
オリオンをなぞる,UNISON SQUARE GARDEN,ZqXExRQaTxM,https://youtu.be/ZqXExRQaTxM?t=1887,31:27,
季節は次々死んでいく,amazarashi,ZqXExRQaTxM,https://youtu.be/ZqXExRQaTxM?t=2240,37:20,
残酷な天使のテーゼ,高橋洋子,ZqXExRQaTxM,https://youtu.be/ZqXExRQaTxM?t=3044,50:44,
God knows…,涼宮ハルヒ(CV.平野綾),ZqXExRQaTxM,https://youtu.be/ZqXExRQaTxM?t=3340,55:40,
ブルーバード,いきものがかり,ZqXExRQaTxM,https://youtu.be/ZqXExRQaTxM?t=3720,1:02:00,
めざせポケモンマスター,松本梨香,ZqXExRQaTxM,https://youtu.be/ZqXExRQaTxM?t=4159,1:09:19,
sailing day,BUMP OF CHICKEN,ZqXExRQaTxM,https://youtu.be/ZqXExRQaTxM?t=4683,1:18:03,
月虹,BUMP OF CHICKEN,ZqXExRQaTxM,https://youtu.be/ZqXExRQaTxM?t=5131,1:25:31,
マリーゴールド,あいみょん,0NdIroW6EO8,https://youtu.be/0NdIroW6EO8?t=731,12:11,
斜陽,ヨルシカ,0NdIroW6EO8,https://youtu.be/0NdIroW6EO8?t=1108,18:28,
真っ赤な空を見ただろうか,BUMP OF CHICKEN,0NdIroW6EO8,https://youtu.be/0NdIroW6EO8?t=1358,22:38,
ドーナツホール,ハチ,0NdIroW6EO8,https://youtu.be/0NdIroW6EO8?t=2196,36:36,
チェリー,スピッツ,0NdIroW6EO8,https://youtu.be/0NdIroW6EO8?t=2446,40:46,
火星人,ヨルシカ,0NdIroW6EO8,https://youtu.be/0NdIroW6EO8?t=2736,45:36,
水平線,back number,0NdIroW6EO8,https://youtu.be/0NdIroW6EO8?t=3007,50:07,
高嶺の花子さん,back number,0NdIroW6EO8,https://youtu.be/0NdIroW6EO8?t=3316,55:16,
星間飛行,ランカリー＝中島愛,0NdIroW6EO8,https://youtu.be/0NdIroW6EO8?t=3662,1:01:02,
タッチ,岩崎良美,0NdIroW6EO8,https://youtu.be/0NdIroW6EO8?t=3988,1:06:28,
青のすみか,キタニタツヤ,0NdIroW6EO8,https://youtu.be/0NdIroW6EO8?t=4562,1:16:02,
夏空,Galileo Galilei,0NdIroW6EO8,https://youtu.be/0NdIroW6EO8?t=4804,1:20:04,
美しい鰭,スピッツ,0NdIroW6EO8,https://youtu.be/0NdIroW6EO8?t=5172,1:26:12,
again,YUI,0NdIroW6EO8,https://youtu.be/0NdIroW6EO8?t=5434,1:30:34,
雨とカプチーノ,ヨルシカ,0NdIroW6EO8,https://youtu.be/0NdIroW6EO8?t=5716,1:35:16,
トレモロ,RADWIMPS,0NdIroW6EO8,https://youtu.be/0NdIroW6EO8?t=6017,1:40:17,
弱虫モンブラン,DECO*27,0NdIroW6EO8,https://youtu.be/0NdIroW6EO8?t=6327,1:45:27,
怪獣,サカナクション,0NdIroW6EO8,https://youtu.be/0NdIroW6EO8?t=6620,1:50:20,
KissHug,aiko,0NdIroW6EO8,https://youtu.be/0NdIroW6EO8?t=6928,1:55:28,
車輪の唄,BUMP OF CHICKEN,0NdIroW6EO8,https://youtu.be/0NdIroW6EO8?t=7310,2:01:50,
怪獣の花唄,Vaundy,0NdIroW6EO8,https://youtu.be/0NdIroW6EO8?t=7605,2:06:45,
1弦を６本セット買いました,,oN6YPLl8Y84,https://youtu.be/oN6YPLl8Y84?t=300,5:00,
izumeet楽しかった→同期編やりたい,,oN6YPLl8Y84,https://youtu.be/oN6YPLl8Y84?t=548,9:08,
ウォーミングアップ基礎練習,,oN6YPLl8Y84,https://youtu.be/oN6YPLl8Y84?t=731,12:11,
メーメントヴァニタス、コメントに登場,,oN6YPLl8Y84,https://youtu.be/oN6YPLl8Y84?t=1048,17:28,
10月にizumeet同期編やります！,,oN6YPLl8Y84,https://youtu.be/oN6YPLl8Y84?t=1292,21:32,
美緒奈さんからLINE,,oN6YPLl8Y84,https://youtu.be/oN6YPLl8Y84?t=2738,45:38,
響声破笛丸の案件待ってます,,oN6YPLl8Y84,https://youtu.be/oN6YPLl8Y84?t=7074,1:57:54,
izumeet楽しかった→人に会いたい,,oN6YPLl8Y84,https://youtu.be/oN6YPLl8Y84?t=7485,2:04:45,
実はお酒飲んだ→You ara here,,oN6YPLl8Y84,https://youtu.be/oN6YPLl8Y84?t=7712,2:08:32,
みんなは寂しい時どうしてんの？,,oN6YPLl8Y84,https://youtu.be/oN6YPLl8Y84?t=7787,2:09:47,
ずっと人と一緒におんのは嫌やけど、でも、一人は寂しい,,oN6YPLl8Y84,https://youtu.be/oN6YPLl8Y84?t=8061,2:14:21,
自分から誘えないタイプ,,oN6YPLl8Y84,https://youtu.be/oN6YPLl8Y84?t=8303,2:18:23,
事務所の人と絶対仲良くなろうと思って自分から行動した,,oN6YPLl8Y84,https://youtu.be/oN6YPLl8Y84?t=8370,2:19:30,
お世辞言われたくないから、お世辞言わないのかも,,oN6YPLl8Y84,https://youtu.be/oN6YPLl8Y84?t=8730,2:25:30,
買って使ってない機材どんどん増えて、,,oN6YPLl8Y84,https://youtu.be/oN6YPLl8Y84?t=9088,2:31:28,
お母さんからLIME,,oN6YPLl8Y84,https://youtu.be/oN6YPLl8Y84?t=9794,2:43:14,
少女レイ,みきとP,oN6YPLl8Y84,https://youtu.be/oN6YPLl8Y84?t=3465,57:45,
脳漿炸裂ガール,れるりり,oN6YPLl8Y84,https://youtu.be/oN6YPLl8Y84?t=4732,1:18:52,
微笑みの爆弾（幽遊白書）,馬渡松子,dUkM_uE7dMo,https://youtu.be/dUkM_uE7dMo?t=1398,23:18,
セントエルモの火,皇美緒奈,dUkM_uE7dMo,https://youtu.be/dUkM_uE7dMo?t=2024,33:44,
CHE.R.RY,YUI,dUkM_uE7dMo,https://youtu.be/dUkM_uE7dMo?t=3015,50:15,
水色ファンファーレ,白河しらせ,dUkM_uE7dMo,https://youtu.be/dUkM_uE7dMo?t=3358,55:58,
ロビンソン,スピッツ,dUkM_uE7dMo,https://youtu.be/dUkM_uE7dMo?t=3801,01:03:21,
極彩的ミラージュ,蜜乃木ジル,dUkM_uE7dMo,https://youtu.be/dUkM_uE7dMo?t=4294,01:11:34,
ブルーバード（ナルト）,いきものがかり,dUkM_uE7dMo,https://youtu.be/dUkM_uE7dMo?t=4896,01:21:36,
Awaken Now,松永依織,dUkM_uE7dMo,https://youtu.be/dUkM_uE7dMo?t=5814,01:36:54,
ウォーミングアップ基礎練習,,Bl8o-p8ZkfQ,https://youtu.be/Bl8o-p8ZkfQ?t=481,8:01,
見守りコメント、今食べたいものいいね,,Bl8o-p8ZkfQ,https://youtu.be/Bl8o-p8ZkfQ?t=846,14:06,
事務所の先輩の3Dお披露目ライブめっちゃよかった,,Bl8o-p8ZkfQ,https://youtu.be/Bl8o-p8ZkfQ?t=1242,20:42,
みんなん聞いて「10月13日㈷ミナミイズミ誕生日」,,Bl8o-p8ZkfQ,https://youtu.be/Bl8o-p8ZkfQ?t=1368,22:48,
明日は歌で殴り合いになるかも,,Bl8o-p8ZkfQ,https://youtu.be/Bl8o-p8ZkfQ?t=2827,47:07,
節約において大事なことは固定費を削ること,,Bl8o-p8ZkfQ,https://youtu.be/Bl8o-p8ZkfQ?t=2885,48:05,
防音室はレンタルしてよかった,,Bl8o-p8ZkfQ,https://youtu.be/Bl8o-p8ZkfQ?t=3034,50:34,
みなさんにお知らせがあります　「１弦切れました」,,Bl8o-p8ZkfQ,https://youtu.be/Bl8o-p8ZkfQ?t=3516,58:36,
弦交換なう,,Bl8o-p8ZkfQ,https://youtu.be/Bl8o-p8ZkfQ?t=3618,1:00:18,
39000人達成,,Bl8o-p8ZkfQ,https://youtu.be/Bl8o-p8ZkfQ?t=4951,1:22:31,
39000人達成おめでとう！ありがとう！,,Bl8o-p8ZkfQ,https://youtu.be/Bl8o-p8ZkfQ?t=5182,1:26:22,
今日の名言「ミナミイズミ伸びたい」,,Bl8o-p8ZkfQ,https://youtu.be/Bl8o-p8ZkfQ?t=3136,52:16,
ホリデイ,BUMP OF CHICKEN,cOkNFDhO7HE,https://youtu.be/cOkNFDhO7HE?t=421,7:01,
かさぶたぶたぶ,BUMP OF CHICKEN,cOkNFDhO7HE,https://youtu.be/cOkNFDhO7HE?t=856,14:16,
アカシア,BUMP OF CHICKEN,cOkNFDhO7HE,https://youtu.be/cOkNFDhO7HE?t=1333,22:13,
サザンクロス,BUMP OF CHICKEN,cOkNFDhO7HE,https://youtu.be/cOkNFDhO7HE?t=1718,28:38,
Stage of the ground,BUMP OF CHICKEN,cOkNFDhO7HE,https://youtu.be/cOkNFDhO7HE?t=2013,33:33,
トーチ,BUMP OF CHICKEN,cOkNFDhO7HE,https://youtu.be/cOkNFDhO7HE?t=2417,40:17,
あいうぉんとぅびーはぴー！,ミナミイズミ,cOkNFDhO7HE,https://youtu.be/cOkNFDhO7HE?t=2979,49:39,
望遠のマーチ,BUMP OF CHICKEN,cOkNFDhO7HE,https://youtu.be/cOkNFDhO7HE?t=3355,55:55,
ダンデライオン,BUMP OF CHICKEN,cOkNFDhO7HE,https://youtu.be/cOkNFDhO7HE?t=3693,1:01:33,
アルエ,BUMP OF CHICKEN,cOkNFDhO7HE,https://youtu.be/cOkNFDhO7HE?t=3934,1:05:34,
孤独の合唱,BUMP OF CHICKEN,cOkNFDhO7HE,https://youtu.be/cOkNFDhO7HE?t=4242,1:10:42,
morning glow,BUMP OF CHICKEN,cOkNFDhO7HE,https://youtu.be/cOkNFDhO7HE?t=4592,1:16:32,
歩く幽霊,BUMP OF CHICKEN,cOkNFDhO7HE,https://youtu.be/cOkNFDhO7HE?t=4923,1:22:03,
アンサー,BUMP OF CHICKEN,cOkNFDhO7HE,https://youtu.be/cOkNFDhO7HE?t=5198,1:26:38,
ガラスのブルース,BUMP OF CHICKEN,cOkNFDhO7HE,https://youtu.be/cOkNFDhO7HE?t=5536,1:32:16,
月虹,BUMP OF CHICKEN,cOkNFDhO7HE,https://youtu.be/cOkNFDhO7HE?t=5949,1:39:09,
なないろ,BUMP OF CHICKEN,cOkNFDhO7HE,https://youtu.be/cOkNFDhO7HE?t=6315,1:45:15,
寝るのもったいなくなって,,cOkNFDhO7HE,https://youtu.be/cOkNFDhO7HE?t=171,2:51,
深夜テンションでマイク買った,,cOkNFDhO7HE,https://youtu.be/cOkNFDhO7HE?t=745,12:25,
願い事は言っていかないと叶わへんから,,cOkNFDhO7HE,https://youtu.be/cOkNFDhO7HE?t=1652,27:32,
この世の中にある一番いい「ジャーン」はサザンクロス,,cOkNFDhO7HE,https://youtu.be/cOkNFDhO7HE?t=1943,32:23,
ライブ2曲目アンサーでめっちゃ刺さって泣いた,,cOkNFDhO7HE,https://youtu.be/cOkNFDhO7HE?t=5465,1:31:05,
ミナミイズミが6時をお知らせいたします,,cOkNFDhO7HE,https://youtu.be/cOkNFDhO7HE?t=6228,1:43:48,
月曜日か、一週間頑張っていきましょう！,,cOkNFDhO7HE,https://youtu.be/cOkNFDhO7HE?t=6645,1:50:45,
セプテンバーさん,RADWIMPS,DYQ4cT4rYz8,https://youtu.be/DYQ4cT4rYz8?t=1080,18:00,
有心論,RADWIMPS,DYQ4cT4rYz8,https://youtu.be/DYQ4cT4rYz8?t=1475,24:35,
まちがいさがし,菅田将暉,DYQ4cT4rYz8,https://youtu.be/DYQ4cT4rYz8?t=2107,35:07,
桜のあと,UNISON SQUARE GARDEN,DYQ4cT4rYz8,https://youtu.be/DYQ4cT4rYz8?t=2383,39:43,
harmonized finale,UNISON SQUARE GARDEN,DYQ4cT4rYz8,https://youtu.be/DYQ4cT4rYz8?t=2722,45:22,
水平線,Back number,DYQ4cT4rYz8,https://youtu.be/DYQ4cT4rYz8?t=4041,1:07:21,
スーパースターになったら,Back number,DYQ4cT4rYz8,https://youtu.be/DYQ4cT4rYz8?t=4315,1:11:55,
おやすみ泣き声、さよなら歌姫,クリープハイプ,DYQ4cT4rYz8,https://youtu.be/DYQ4cT4rYz8?t=4672,1:17:52,
NE-TAXI,クリープハイプ(初披露),DYQ4cT4rYz8,https://youtu.be/DYQ4cT4rYz8?t=4957,1:22:37,
PINK,キタニタツヤ,DYQ4cT4rYz8,https://youtu.be/DYQ4cT4rYz8?t=5184,1:26:24,
青のすみか,キタニタツヤ,DYQ4cT4rYz8,https://youtu.be/DYQ4cT4rYz8?t=5404,1:30:04,
ピースサイン,米津玄師,DYQ4cT4rYz8,https://youtu.be/DYQ4cT4rYz8?t=5647,1:34:07,
アイネクライネ,米津玄師,DYQ4cT4rYz8,https://youtu.be/DYQ4cT4rYz8?t=5921,1:38:41,
怪獣,サカナクション,DYQ4cT4rYz8,https://youtu.be/DYQ4cT4rYz8?t=6321,1:45:21,
さよならエモーション,サカナクション,DYQ4cT4rYz8,https://youtu.be/DYQ4cT4rYz8?t=6677,1:51:17,
カルマ,BUMP OF CHICKEN,DYQ4cT4rYz8,https://youtu.be/DYQ4cT4rYz8?t=6943,1:55:43,
車輪の唄,BUMP OF CHICKEN,DYQ4cT4rYz8,https://youtu.be/DYQ4cT4rYz8?t=8077,2:14:37,
sailing day,BUMP OF CHICKEN,DYQ4cT4rYz8,https://youtu.be/DYQ4cT4rYz8?t=8346,2:19:06,
strawberry,BUMP OF CHICKEN,DYQ4cT4rYz8,https://youtu.be/DYQ4cT4rYz8?t=8641,2:24:01,
Butterfly,BUMP OF CHICKEN,DYQ4cT4rYz8,https://youtu.be/DYQ4cT4rYz8?t=9047,2:30:47,
天体観測,BUMP OF CHICKEN,DYQ4cT4rYz8,https://youtu.be/DYQ4cT4rYz8?t=9391,2:36:31,
オープニング映像出し忘れで焦る,,DYQ4cT4rYz8,https://youtu.be/DYQ4cT4rYz8?t=63,1:03,
ウォーミングアップ基礎練習,,DYQ4cT4rYz8,https://youtu.be/DYQ4cT4rYz8?t=356,5:56,
心臓に悪い話,,DYQ4cT4rYz8,https://youtu.be/DYQ4cT4rYz8?t=804,13:24,
弦切れた,,DYQ4cT4rYz8,https://youtu.be/DYQ4cT4rYz8?t=2897,48:17,50:34
ピック収穫,,DYQ4cT4rYz8,https://youtu.be/DYQ4cT4rYz8?t=6216,1:43:36,
初カバーショート動画は「怪獣,サカナクション」明日でショート動画100本目,DYQ4cT4rYz8,https://youtu.be/DYQ4cT4rYz8?t=6578,1:49:38,
ミナミイズミ　BUMP OF CHICKENが大好き（いつもの）,,DYQ4cT4rYz8,https://youtu.be/DYQ4cT4rYz8?t=6922,1:55:22,
弦切れた,,DYQ4cT4rYz8,https://youtu.be/DYQ4cT4rYz8?t=7069,1:57:49,
満月の夜なら,あいみょん,CI_EGcqIkbs,https://youtu.be/CI_EGcqIkbs?t=1289,00:21:29,
からくりピエロ,40mP,CI_EGcqIkbs,https://youtu.be/CI_EGcqIkbs?t=1786,00:29:46,
小夜子,みきとP,CI_EGcqIkbs,https://youtu.be/CI_EGcqIkbs?t=2073,00:34:33,
大声ダイヤモンド,AKB48,CI_EGcqIkbs,https://youtu.be/CI_EGcqIkbs?t=2359,00:39:19,
わたがし,back number,CI_EGcqIkbs,https://youtu.be/CI_EGcqIkbs?t=2731,00:45:31,
タッチ,岩崎良美,CI_EGcqIkbs,https://youtu.be/CI_EGcqIkbs?t=3078,00:51:18,
八月、某、月明かり,ヨルシカ,CI_EGcqIkbs,https://youtu.be/CI_EGcqIkbs?t=3329,00:55:29,
夜行,ヨルシカ,CI_EGcqIkbs,https://youtu.be/CI_EGcqIkbs?t=3652,01:00:52,
思想犯,ヨルシカ,CI_EGcqIkbs,https://youtu.be/CI_EGcqIkbs?t=3949,01:05:49,
オリオンをなぞる,UNISON SQUARE GARDEN,CI_EGcqIkbs,https://youtu.be/CI_EGcqIkbs?t=4354,01:12:34,
シルエット,KANA-BOON,CI_EGcqIkbs,https://youtu.be/CI_EGcqIkbs?t=4666,01:17:46,
夏色,ゆず,CI_EGcqIkbs,https://youtu.be/CI_EGcqIkbs?t=4948,01:22:28,
残酷な天使のテーゼ,高橋洋子,CI_EGcqIkbs,https://youtu.be/CI_EGcqIkbs?t=5177,01:26:17,
季節は次々死んでいく,amazarashi,CI_EGcqIkbs,https://youtu.be/CI_EGcqIkbs?t=5449,01:30:49,
ブルーバード,いきものがかり,CI_EGcqIkbs,https://youtu.be/CI_EGcqIkbs?t=5891,01:38:11,
気まぐれロマンティック,いきものがかり,CI_EGcqIkbs,https://youtu.be/CI_EGcqIkbs?t=6145,01:42:25,
千本桜,黒うさP,CI_EGcqIkbs,https://youtu.be/CI_EGcqIkbs?t=6417,01:46:57,
ロミオとシンデレラ,doriko,CI_EGcqIkbs,https://youtu.be/CI_EGcqIkbs?t=6689,01:51:29,
弱虫モンブラン,DECO*27,CI_EGcqIkbs,https://youtu.be/CI_EGcqIkbs?t=7053,01:57:33,
God knows...,涼宮ハルヒ,CI_EGcqIkbs,https://youtu.be/CI_EGcqIkbs?t=7335,02:02:15,
怪獣の花唄,Vaundy,CI_EGcqIkbs,https://youtu.be/CI_EGcqIkbs?t=7858,02:10:58,
ウィーアー！,きただにひろし,CI_EGcqIkbs,https://youtu.be/CI_EGcqIkbs?t=8185,02:16:25,
ココロのちず,BOYSTYLE,CI_EGcqIkbs,https://youtu.be/CI_EGcqIkbs?t=8461,02:21:01,
チェリー,スピッツ,CI_EGcqIkbs,https://youtu.be/CI_EGcqIkbs?t=8974,02:29:34,
ドーナツホール,ハチ,CI_EGcqIkbs,https://youtu.be/CI_EGcqIkbs?t=9322,02:35:22,
車輪の唄,BUMP OF CHICKEN,CI_EGcqIkbs,https://youtu.be/CI_EGcqIkbs?t=10014,02:46:54,
宝石になった日,BUMP OF CHICKEN,CI_EGcqIkbs,https://youtu.be/CI_EGcqIkbs?t=10258,02:50:58,
アカシア,BUMP OF CHICKEN,CI_EGcqIkbs,https://youtu.be/CI_EGcqIkbs?t=10664,02:57:44,
花の塔,さユり,caiO8LTLxGQ,https://youtu.be/caiO8LTLxGQ?t=805,0:13:25,
フラレガイガール,さユり,caiO8LTLxGQ,https://youtu.be/caiO8LTLxGQ?t=1136,0:18:56,
ワールドランプシェード,BuzzG,caiO8LTLxGQ,https://youtu.be/caiO8LTLxGQ?t=1744,0:29:04,
セプテンバーさん,RADWINPS,caiO8LTLxGQ,https://youtu.be/caiO8LTLxGQ?t=2283,0:38:03,
トレモロ,RADWINPS,caiO8LTLxGQ,https://youtu.be/caiO8LTLxGQ?t=2811,0:46:51,
アイネクライネ,米津玄師,caiO8LTLxGQ,https://youtu.be/caiO8LTLxGQ?t=3167,0:52:47,
雨とカプチーノ,ヨルシカ,caiO8LTLxGQ,https://youtu.be/caiO8LTLxGQ?t=3530,0:58:50,
トリノコシティ,40ｍP,caiO8LTLxGQ,https://youtu.be/caiO8LTLxGQ?t=4397,1:13:17,
なないろ,BUMP OF CHICKEN,caiO8LTLxGQ,https://youtu.be/caiO8LTLxGQ?t=4639,1:17:19,
CHE.R.RY,YUI,caiO8LTLxGQ,https://youtu.be/caiO8LTLxGQ?t=4989,1:23:09,
藍二乗,ヨルシカ,caiO8LTLxGQ,https://youtu.be/caiO8LTLxGQ?t=5985,1:39:45,
悪魔の踊り方,キタニタツヤ,caiO8LTLxGQ,https://youtu.be/caiO8LTLxGQ?t=6729,1:52:09,
サマータイムレコード,じん,caiO8LTLxGQ,https://youtu.be/caiO8LTLxGQ?t=7286,2:01:26,
夜咄ディセイブ,じん,caiO8LTLxGQ,https://youtu.be/caiO8LTLxGQ?t=8151,2:15:51,
東京テディベア,Neru,caiO8LTLxGQ,https://youtu.be/caiO8LTLxGQ?t=8830,2:27:10,
忘れられないの,サカナクション,caiO8LTLxGQ,https://youtu.be/caiO8LTLxGQ?t=9525,2:38:45,
おやすみ泣き声、さよなら歌姫,クリープハイプ,caiO8LTLxGQ,https://youtu.be/caiO8LTLxGQ?t=9845,2:44:05,
水平線,Back number,caiO8LTLxGQ,https://youtu.be/caiO8LTLxGQ?t=10129,2:48:49,
Calc.,ジミーサムP,caiO8LTLxGQ,https://youtu.be/caiO8LTLxGQ?t=10450,2:54:10,
チェリー,スピッツ,DEnxw--Apuo,https://youtu.be/DEnxw--Apuo?t=878,14:38,
桜のあと,UNISON SQUARE GARDEN,DEnxw--Apuo,https://youtu.be/DEnxw--Apuo?t=1294,21:34,
vivi,米津玄師,DEnxw--Apuo,https://youtu.be/DEnxw--Apuo?t=1663,27:43,
眠り姫,SEKAI NO OWARI,DEnxw--Apuo,https://youtu.be/DEnxw--Apuo?t=2262,37:42,
斜陽,ヨルシカ,DEnxw--Apuo,https://youtu.be/DEnxw--Apuo?t=3849,1:04:09,
ただ君に晴れ,ヨルシカ,DEnxw--Apuo,https://youtu.be/DEnxw--Apuo?t=4069,1:07:49,
シリョクケンサ,40mP feat.GUMI,DEnxw--Apuo,https://youtu.be/DEnxw--Apuo?t=4606,1:16:46,
わたしの一番かわいいところ,FRUITS ZIPPER,DEnxw--Apuo,https://youtu.be/DEnxw--Apuo?t=4901,1:21:41,
ray,BUMP OF CHICKEN,DEnxw--Apuo,https://youtu.be/DEnxw--Apuo?t=5183,1:26:23,
若者のすべて,フジファブリック,DEnxw--Apuo,https://youtu.be/DEnxw--Apuo?t=5555,1:32:35,
マリーゴールド,あいみょん,DEnxw--Apuo,https://youtu.be/DEnxw--Apuo?t=5889,1:38:09,
漂白,あいみょん(初披露の気持ち),DEnxw--Apuo,https://youtu.be/DEnxw--Apuo?t=6261,1:44:21,
ココロのちず,BOYSTYLE,DEnxw--Apuo,https://youtu.be/DEnxw--Apuo?t=6575,1:49:35,
新宝島,サカナクション,DEnxw--Apuo,https://youtu.be/DEnxw--Apuo?t=6866,1:54:26,
Aurora,BUMP OF CHICKEN,DEnxw--Apuo,https://youtu.be/DEnxw--Apuo?t=7146,1:59:06,
相思相愛,Aiko,DEnxw--Apuo,https://youtu.be/DEnxw--Apuo?t=7659,2:07:39,
クロノスタシス,BUMP OF CHICKEN,DEnxw--Apuo,https://youtu.be/DEnxw--Apuo?t=7929,2:12:09,
美しい鰭,スピッツ,DEnxw--Apuo,https://youtu.be/DEnxw--Apuo?t=8286,2:18:06,
火星人,ヨルシカ,DEnxw--Apuo,https://youtu.be/DEnxw--Apuo?t=8609,2:23:29,
チノカテ,ヨルシカ,DEnxw--Apuo,https://youtu.be/DEnxw--Apuo?t=8859,2:27:39,
靴の花火,ヨルシカ,DEnxw--Apuo,https://youtu.be/DEnxw--Apuo?t=9178,2:32:58,
水平線,Back number,DEnxw--Apuo,https://youtu.be/DEnxw--Apuo?t=9814,2:43:34,
花の塔,さユり,DEnxw--Apuo,https://youtu.be/DEnxw--Apuo?t=10064,2:47:44,
好きなコナンの映画,,DEnxw--Apuo,https://youtu.be/DEnxw--Apuo?t=8474,2:21:14,
高評価1000　登録者37600人　ありがとうございます。,,DEnxw--Apuo,https://youtu.be/DEnxw--Apuo?t=10355,2:52:35,
紅蓮華,LiSA,LiJztl5KMxc,https://youtu.be/LiJztl5KMxc?t=1829,30:29,
Catch the Moment,LiSA,LiJztl5KMxc,https://youtu.be/LiJztl5KMxc?t=2215,36:55,
My landscape,BiSH,LiJztl5KMxc,https://youtu.be/LiJztl5KMxc?t=2736,45:36,
心に穴が空いた,ヨルシカ,LiJztl5KMxc,https://youtu.be/LiJztl5KMxc?t=3191,53:11,
爆弾魔,ヨルシカ,LiJztl5KMxc,https://youtu.be/LiJztl5KMxc?t=3481,58:01,
又三郎,ヨルシカ,LiJztl5KMxc,https://youtu.be/LiJztl5KMxc?t=3749,1:02:29,
ドーナツホール,ハチ,LiJztl5KMxc,https://youtu.be/LiJztl5KMxc?t=4927,1:22:07,
ハイゲイン,ヒトリエ,LiJztl5KMxc,https://youtu.be/LiJztl5KMxc?t=5175,1:26:15,
月虹,BUMP OF CHICKEN,LiJztl5KMxc,https://youtu.be/LiJztl5KMxc?t=5380,1:29:40,
季節は次々死んでいく,amazarashi,LiJztl5KMxc,https://youtu.be/LiJztl5KMxc?t=6665,1:51:05,
逃避行,amazarashi,LiJztl5KMxc,https://youtu.be/LiJztl5KMxc?t=7014,1:56:54,
空に歌えば,amazarashi,LiJztl5KMxc,https://youtu.be/LiJztl5KMxc?t=7250,2:00:50,
航海の唄,さユり,LiJztl5KMxc,https://youtu.be/LiJztl5KMxc?t=7801,2:10:01,
スカー,キタニタツヤ,LiJztl5KMxc,https://youtu.be/LiJztl5KMxc?t=8133,2:15:33,
サムライハート,SPYAIR,LiJztl5KMxc,https://youtu.be/LiJztl5KMxc?t=8415,2:20:15,
晴る,ヨルシカ,LiJztl5KMxc,https://youtu.be/LiJztl5KMxc?t=8644,2:24:04,
カルマ,BUMP OF CHICKEN,LiJztl5KMxc,https://youtu.be/LiJztl5KMxc?t=9043,2:30:43,
天体観測,BUMP OF CHICKEN,LiJztl5KMxc,https://youtu.be/LiJztl5KMxc?t=9260,2:34:20,
才悩人応援歌,BUMP OF CHICKEN,LiJztl5KMxc,https://youtu.be/LiJztl5KMxc?t=9631,2:40:31,
firefly,BUMP OF CHICKEN,LiJztl5KMxc,https://youtu.be/LiJztl5KMxc?t=9932,2:45:32,
オンリーロンリーグローリー,BUMP OF CHICKEN,LiJztl5KMxc,https://youtu.be/LiJztl5KMxc?t=11183,3:06:23,
真っ赤な空を見ただろうか,BUMP OF CHICKEN,LiJztl5KMxc,https://youtu.be/LiJztl5KMxc?t=11474,3:11:14,
メーデー,BUMP OF CHICKEN,LiJztl5KMxc,https://youtu.be/LiJztl5KMxc?t=11734,3:15:34,
アカシア,BUMP OF CHICKEN,LiJztl5KMxc,https://youtu.be/LiJztl5KMxc?t=12054,3:20:54,
Pretender,Official髭男dism,agytmgvZhR0,https://youtu.be/agytmgvZhR0?t=980,00:16:20,
Subtitle,Official髭男dism,agytmgvZhR0,https://youtu.be/agytmgvZhR0?t=1393,00:23:13,
トレモロ,RADWIMPS,agytmgvZhR0,https://youtu.be/agytmgvZhR0?t=1880,00:31:20,
花鳥風月,SEKAI NO OWARI,agytmgvZhR0,https://youtu.be/agytmgvZhR0?t=2245,00:37:25,
ドライフラワー,優里,agytmgvZhR0,https://youtu.be/agytmgvZhR0?t=2681,00:44:41,
最後の雨,中西保志,agytmgvZhR0,https://youtu.be/agytmgvZhR0?t=3012,00:50:12,
私の思春期へ,赤頬思春期(BOL4),agytmgvZhR0,https://youtu.be/agytmgvZhR0?t=3569,00:59:29,
花の名,BUMP OF CHICKEN,agytmgvZhR0,https://youtu.be/agytmgvZhR0?t=3929,01:05:29,
Flare,BUMP OF CHICKEN,agytmgvZhR0,https://youtu.be/agytmgvZhR0?t=4494,01:14:54,
グッドラック,BUMP OF CHICKEN,agytmgvZhR0,https://youtu.be/agytmgvZhR0?t=4838,01:20:38,
飴玉の唄,BUMP OF CHICKEN,agytmgvZhR0,https://youtu.be/agytmgvZhR0?t=5304,01:28:24,
ナモナキヒト,amazarashi,agytmgvZhR0,https://youtu.be/agytmgvZhR0?t=5735,01:35:35,
雪の華,中島美嘉,agytmgvZhR0,https://youtu.be/agytmgvZhR0?t=6700,01:51:40,
水平線,back number,agytmgvZhR0,https://youtu.be/agytmgvZhR0?t=7059,01:57:39,
幸せ,back number,agytmgvZhR0,https://youtu.be/agytmgvZhR0?t=7440,02:04:00,
Lemon,米津玄師,agytmgvZhR0,https://youtu.be/agytmgvZhR0?t=8123,02:15:23,
アイネクライネ,米津玄師,agytmgvZhR0,https://youtu.be/agytmgvZhR0?t=8526,02:22:06,
まちがいさがし,菅田将暉,agytmgvZhR0,https://youtu.be/agytmgvZhR0?t=8912,02:28:32,
打上花火,DAOKO×米津玄師,agytmgvZhR0,https://youtu.be/agytmgvZhR0?t=9273,02:34:33,
花に亡霊,ヨルシカ,agytmgvZhR0,https://youtu.be/agytmgvZhR0?t=9749,02:42:29,
ギルド,BUMP OF CHICKEN,agytmgvZhR0,https://youtu.be/agytmgvZhR0?t=10247,02:50:47,
太陽,BUMP OF CHICKEN,agytmgvZhR0,https://youtu.be/agytmgvZhR0?t=10729,02:58:49,
話がしたいよ,BUMP OF CHICKEN,agytmgvZhR0,https://youtu.be/agytmgvZhR0?t=11410,03:10:10,
embrace,BUMP OF CHICKEN,agytmgvZhR0,https://youtu.be/agytmgvZhR0?t=11797,03:16:37,
ホリデイ,BUMP OF CHICKEN,agytmgvZhR0,https://youtu.be/agytmgvZhR0?t=12293,03:24:53,
愛迷エレジー,DECO*27,B4AXr25lQqQ,https://youtu.be/B4AXr25lQqQ?t=1204,20:04,
モザイクロール,DECO*27,B4AXr25lQqQ,https://youtu.be/B4AXr25lQqQ?t=1612,26:52,
妄想税,DECO*27,B4AXr25lQqQ,https://youtu.be/B4AXr25lQqQ?t=2068,34:28,
ストリーミングハート,DECO*27,B4AXr25lQqQ,https://youtu.be/B4AXr25lQqQ?t=2538,42:18,
からくりピエロ,40mP,B4AXr25lQqQ,https://youtu.be/B4AXr25lQqQ?t=2780,46:20,
トリノコシティ,40mP,B4AXr25lQqQ,https://youtu.be/B4AXr25lQqQ?t=3058,50:58,
Calc.,ジミーサムP,B4AXr25lQqQ,https://youtu.be/B4AXr25lQqQ?t=3328,55:28,
リンネ,ハチ,B4AXr25lQqQ,https://youtu.be/B4AXr25lQqQ?t=3625,1:00:25,
ERROR,niki,B4AXr25lQqQ,https://youtu.be/B4AXr25lQqQ?t=3958,1:05:58,
magnet,流星P,B4AXr25lQqQ,https://youtu.be/B4AXr25lQqQ?t=4338,1:12:18,
ワールズエンドダンスホール,wowaka,B4AXr25lQqQ,https://youtu.be/B4AXr25lQqQ?t=4602,1:16:42,
ロミオとシンデレラ,doriko,B4AXr25lQqQ,https://youtu.be/B4AXr25lQqQ?t=4820,1:20:20,
六兆年と一夜物語,kemu,B4AXr25lQqQ,https://youtu.be/B4AXr25lQqQ?t=5134,1:25:34,
東京テディベア,Neru,B4AXr25lQqQ,https://youtu.be/B4AXr25lQqQ?t=5375,1:29:35,
天ノ弱,164,B4AXr25lQqQ,https://youtu.be/B4AXr25lQqQ?t=5611,1:33:31,
1925,とみー,B4AXr25lQqQ,https://youtu.be/B4AXr25lQqQ?t=5840,1:37:20,
吉原ラメント,亜沙,B4AXr25lQqQ,https://youtu.be/B4AXr25lQqQ?t=6065,1:41:05,
Just Be Friends,Dixie Flatline,B4AXr25lQqQ,https://youtu.be/B4AXr25lQqQ?t=6330,1:45:30,
( take 2) ケッペキショウ,すこっぷ,B4AXr25lQqQ,https://youtu.be/B4AXr25lQqQ?t=6970,1:56:10,1:56:27
アイロニ,すこっぷ,B4AXr25lQqQ,https://youtu.be/B4AXr25lQqQ?t=7268,2:01:08,
心拍数♯0822,蝶々P,B4AXr25lQqQ,https://youtu.be/B4AXr25lQqQ?t=7545,2:05:45,
夜明けと蛍,n-buna,B4AXr25lQqQ,https://youtu.be/B4AXr25lQqQ?t=7903,2:11:43,
心做し,蝶々P,B4AXr25lQqQ,https://youtu.be/B4AXr25lQqQ?t=8231,2:17:11,
ルカルカ★ナイトフィーバー,samfree,B4AXr25lQqQ,https://youtu.be/B4AXr25lQqQ?t=8869,2:27:49,
千本桜,黒うさP,B4AXr25lQqQ,https://youtu.be/B4AXr25lQqQ?t=9124,2:32:04,
ハッピーシンセサイザ,Easy Pop,B4AXr25lQqQ,https://youtu.be/B4AXr25lQqQ?t=9411,2:36:51,
サマータイムレコード,じん,B4AXr25lQqQ,https://youtu.be/B4AXr25lQqQ?t=9929,2:45:29,
夜咄ディセイブ,じん,B4AXr25lQqQ,https://youtu.be/B4AXr25lQqQ?t=10213,2:50:13,
ダブルラリアット,アゴアニキP,B4AXr25lQqQ,https://youtu.be/B4AXr25lQqQ?t=10516,2:55:16,
純情スカート,40mP,B4AXr25lQqQ,https://youtu.be/B4AXr25lQqQ?t=10813,3:00:13,
小夜子,みきとP,B4AXr25lQqQ,https://youtu.be/B4AXr25lQqQ?t=11108,3:05:08,
サリシノハラ,みきとP,B4AXr25lQqQ,https://youtu.be/B4AXr25lQqQ?t=11414,3:10:14,
裏表ラバーズ,wowaka,B4AXr25lQqQ,https://youtu.be/B4AXr25lQqQ?t=11814,3:16:54,
君の知らない物語,supercell,ar_RvxAt9cs,https://youtu.be/ar_RvxAt9cs?t=2132,35:32,
青い栞,Galileo Galilei(初披露),ar_RvxAt9cs,https://youtu.be/ar_RvxAt9cs?t=3263,54:23,
ブルーバード,いきものがかり,ar_RvxAt9cs,https://youtu.be/ar_RvxAt9cs?t=3621,1:00:21,
インフェルノ,Mrs. GREEN APPLE,ar_RvxAt9cs,https://youtu.be/ar_RvxAt9cs?t=3904,1:05:04,
月虹,BUMP OF CHICKEN,ar_RvxAt9cs,https://youtu.be/ar_RvxAt9cs?t=4594,1:16:34,
タッチ,岩崎良美,ar_RvxAt9cs,https://youtu.be/ar_RvxAt9cs?t=5351,1:29:11,
花の塔,さユり,ar_RvxAt9cs,https://youtu.be/ar_RvxAt9cs?t=5540,1:32:20,
相思相愛,Aiko,ar_RvxAt9cs,https://youtu.be/ar_RvxAt9cs?t=5844,1:37:24,
美しい鰭,スピッツ,ar_RvxAt9cs,https://youtu.be/ar_RvxAt9cs?t=6116,1:41:56,
ふわふわ時間,放課後ティータイム,ar_RvxAt9cs,https://youtu.be/ar_RvxAt9cs?t=6323,1:45:23,
ノーザンクロス,シェリルノーム starring May'n,ar_RvxAt9cs,https://youtu.be/ar_RvxAt9cs?t=6544,1:49:04,
残酷な天使のテーゼ,高橋洋子,ar_RvxAt9cs,https://youtu.be/ar_RvxAt9cs?t=6800,1:53:20,
Catch the moment,LiSA,ar_RvxAt9cs,https://youtu.be/ar_RvxAt9cs?t=7054,1:57:34,
紅蓮華,LiSA,ar_RvxAt9cs,https://youtu.be/ar_RvxAt9cs?t=7357,2:02:37,
サムライハート,SPYAIR,ar_RvxAt9cs,https://youtu.be/ar_RvxAt9cs?t=7644,2:07:24,
ウィーアー！,きただに ひろし,ar_RvxAt9cs,https://youtu.be/ar_RvxAt9cs?t=7845,2:10:45,
Believe,Folder5,ar_RvxAt9cs,https://youtu.be/ar_RvxAt9cs?t=8123,2:15:23,
ココロのちず,BOYSTYLE,ar_RvxAt9cs,https://youtu.be/ar_RvxAt9cs?t=8323,2:18:43,
sailing day,BUMP OF CHICKEN,ar_RvxAt9cs,https://youtu.be/ar_RvxAt9cs?t=8599,2:23:19,
again,Yui,ar_RvxAt9cs,https://youtu.be/ar_RvxAt9cs?t=8850,2:27:30,
瞬間センチメンタル,SCANDAL(初披露),ar_RvxAt9cs,https://youtu.be/ar_RvxAt9cs?t=9109,2:31:49,
晴る,ヨルシカ,ar_RvxAt9cs,https://youtu.be/ar_RvxAt9cs?t=9371,2:36:11,
怪獣,サカナクション,ar_RvxAt9cs,https://youtu.be/ar_RvxAt9cs?t=9657,2:40:57,
memories,大槻マキ,ar_RvxAt9cs,https://youtu.be/ar_RvxAt9cs?t=9921,2:45:21,
ミカヅキ,さユり,ar_RvxAt9cs,https://youtu.be/ar_RvxAt9cs?t=10199,2:49:59,
シルエット,kana-boon,ar_RvxAt9cs,https://youtu.be/ar_RvxAt9cs?t=10486,2:54:46,
ピースサイン,米津玄師,ar_RvxAt9cs,https://youtu.be/ar_RvxAt9cs?t=10773,2:59:33,
リライト,ASIAN KUNG-FU GENERATION(弾き語り初披露),ar_RvxAt9cs,https://youtu.be/ar_RvxAt9cs?t=11088,3:04:48,
おどるポンポコリン,B.B.クイーンズ(初披露),ar_RvxAt9cs,https://youtu.be/ar_RvxAt9cs?t=11383,3:09:43,
アンパンマンたいそう,ドリーミング(初披露),ar_RvxAt9cs,https://youtu.be/ar_RvxAt9cs?t=11659,3:14:19,
アンパンマンのマーチ,ドリーミング(初披露),ar_RvxAt9cs,https://youtu.be/ar_RvxAt9cs?t=12151,3:22:31,
夢をかなえてドラえもん,Mao(初披露),ar_RvxAt9cs,https://youtu.be/ar_RvxAt9cs?t=12632,3:30:32,
天体観測,BUMP OF CHICKEN,j2U9G8f5BSg,https://youtu.be/j2U9G8f5BSg?t=1493,24:53,
陽炎,フジファブリック,j2U9G8f5BSg,https://youtu.be/j2U9G8f5BSg?t=1986,33:06,
夏空,Galileo Galilei,j2U9G8f5BSg,https://youtu.be/j2U9G8f5BSg?t=2589,43:09,
セプテンバーさん,RADWIMPS,j2U9G8f5BSg,https://youtu.be/j2U9G8f5BSg?t=3025,50:25,
innocence,LAMP IN TERREN,j2U9G8f5BSg,https://youtu.be/j2U9G8f5BSg?t=3557,59:17,
Water Lily,LAMP IN TERREN,j2U9G8f5BSg,https://youtu.be/j2U9G8f5BSg?t=3852,1:04:12,
BABY STEP,LAMP IN TERREN,j2U9G8f5BSg,https://youtu.be/j2U9G8f5BSg?t=4180,1:09:40,
トレモロ,RADWIMPS,j2U9G8f5BSg,https://youtu.be/j2U9G8f5BSg?t=4776,1:19:36,
別の人の彼女になったよ,wacci,j2U9G8f5BSg,https://youtu.be/j2U9G8f5BSg?t=5126,1:25:26,
アイネクライネ,米津玄師,j2U9G8f5BSg,https://youtu.be/j2U9G8f5BSg?t=5917,1:38:37,
ドーナツホール,ハチ,j2U9G8f5BSg,https://youtu.be/j2U9G8f5BSg?t=6311,1:45:11,
ドライフラワー,優里,j2U9G8f5BSg,https://youtu.be/j2U9G8f5BSg?t=6592,1:49:52,
ナモナキヒト,amazarashi,j2U9G8f5BSg,https://youtu.be/j2U9G8f5BSg?t=7429,2:03:49,
光と影,ハナレグミ,j2U9G8f5BSg,https://youtu.be/j2U9G8f5BSg?t=8052,2:14:12,
瞳に映らない,indigo la End,j2U9G8f5BSg,https://youtu.be/j2U9G8f5BSg?t=8537,2:22:17,
猟奇的なキスを私にして,ゲスの極み乙女。,j2U9G8f5BSg,https://youtu.be/j2U9G8f5BSg?t=9093,2:31:33,
新宝島,サカナクション,j2U9G8f5BSg,https://youtu.be/j2U9G8f5BSg?t=9523,2:38:43,
ピースサイン,米津玄師,j2U9G8f5BSg,https://youtu.be/j2U9G8f5BSg?t=9771,2:42:51,
怪獣の花唄,Vaundy,j2U9G8f5BSg,https://youtu.be/j2U9G8f5BSg?t=10042,2:47:22,
ray,BUMP OF CHICKEN,j2U9G8f5BSg,https://youtu.be/j2U9G8f5BSg?t=10265,2:51:05,
藍二乗,ヨルシカ,19ShypARiKc,https://youtu.be/19ShypARiKc?t=1038,17:18,
おかえり,絢香,19ShypARiKc,https://youtu.be/19ShypARiKc?t=1858,30:58,
結晶,ミナミイズミ（オリジナル楽曲）,19ShypARiKc,https://youtu.be/19ShypARiKc?t=2310,38:30,
サブリナ,家入レオ,19ShypARiKc,https://youtu.be/19ShypARiKc?t=3499,58:19,
紅蓮華,LiSA,19ShypARiKc,https://youtu.be/19ShypARiKc?t=3728,1:02:08,
プロミスザスター,BiSH,19ShypARiKc,https://youtu.be/19ShypARiKc?t=4245,1:10:45,
アボカド,Yonige,19ShypARiKc,https://youtu.be/19ShypARiKc?t=4534,1:15:34,
さよならアイデンティティー,Yonige(初披露),19ShypARiKc,https://youtu.be/19ShypARiKc?t=4768,1:19:28,
コイスルオトメ,いきものがかり,19ShypARiKc,https://youtu.be/19ShypARiKc?t=5341,1:29:01,
気まぐれロマンティック,いきものがかり,19ShypARiKc,https://youtu.be/19ShypARiKc?t=5666,1:34:26,
ブルーバード,いきものがかり、,19ShypARiKc,https://youtu.be/19ShypARiKc?t=5922,1:38:42,
ミカヅキ,さユり,19ShypARiKc,https://youtu.be/19ShypARiKc?t=6157,1:42:37,
平行線,さユり,19ShypARiKc,https://youtu.be/19ShypARiKc?t=6454,1:47:34,
美しい棘,GLIM SPANKY,19ShypARiKc,https://youtu.be/19ShypARiKc?t=6891,1:54:51,
丸の内サディスティック,椎名林檎,19ShypARiKc,https://youtu.be/19ShypARiKc?t=7349,2:02:29,
ココロジェリーフィッシュ,ヒグチアイ,19ShypARiKc,https://youtu.be/19ShypARiKc?t=7589,2:06:29,
ハナミズキ,一青窈,19ShypARiKc,https://youtu.be/19ShypARiKc?t=7867,2:11:07,
晩餐歌,Tuki.,19ShypARiKc,https://youtu.be/19ShypARiKc?t=8213,2:16:53,
Shout Baby,緑黄色社会,19ShypARiKc,https://youtu.be/19ShypARiKc?t=8481,2:21:21,
KissHug,Aiko,19ShypARiKc,https://youtu.be/19ShypARiKc?t=8794,2:26:34,
涙のイエスタデー,GARNET CROW,19ShypARiKc,https://youtu.be/19ShypARiKc?t=9269,2:34:29,
赤いスイートピー,松田聖子,19ShypARiKc,https://youtu.be/19ShypARiKc?t=9570,2:39:30,
マリーゴールド,あいみょん,19ShypARiKc,https://youtu.be/19ShypARiKc?t=9825,2:43:45,
今夜このまま,あいみょん,19ShypARiKc,https://youtu.be/19ShypARiKc?t=10241,2:50:41,
愛を伝えたいだとか,あいみょん,19ShypARiKc,https://youtu.be/19ShypARiKc?t=10510,2:55:10,
君はロックを聞かない,あいみょん,19ShypARiKc,https://youtu.be/19ShypARiKc?t=11335,3:08:55,
don't cry anymore,miwa,19ShypARiKc,https://youtu.be/19ShypARiKc?t=11598,3:13:18,
again,Yui,19ShypARiKc,https://youtu.be/19ShypARiKc?t=12458,3:27:38,
CHE.R.RY,Yui,19ShypARiKc,https://youtu.be/19ShypARiKc?t=12721,3:32:01,
ウィーアー！,きただに ひろし,VpqN8bJ0pfc,https://youtu.be/VpqN8bJ0pfc?t=1167,19:27,
ココロのちず,BOYSTYLE,VpqN8bJ0pfc,https://youtu.be/VpqN8bJ0pfc?t=1397,23:17,
ブルーバード,いきものがかり,VpqN8bJ0pfc,https://youtu.be/VpqN8bJ0pfc?t=1780,29:40,
Diver,NICO Touches the Walls(初披露),VpqN8bJ0pfc,https://youtu.be/VpqN8bJ0pfc?t=2271,37:51,
===== 「今日はよう声でるわ」 好きなナルトのキャラクターは...ブリーチの好きなキャラは...ワンピースは...,,VpqN8bJ0pfc,https://youtu.be/VpqN8bJ0pfc?t=2610,43:30,
HANABI,いきものがかり(初披露),VpqN8bJ0pfc,https://youtu.be/VpqN8bJ0pfc?t=2838,47:18,
chAngE,Miwa(初披露),VpqN8bJ0pfc,https://youtu.be/VpqN8bJ0pfc?t=3119,51:59,
曇天,DOES(初披露),VpqN8bJ0pfc,https://youtu.be/VpqN8bJ0pfc?t=3400,56:40,
サムライハート,SPYAIR,VpqN8bJ0pfc,https://youtu.be/VpqN8bJ0pfc?t=3609,1:00:09,
ピースサイン,米津玄師,VpqN8bJ0pfc,https://youtu.be/VpqN8bJ0pfc?t=3827,1:03:47,
さユり航海の唄,さユり,VpqN8bJ0pfc,https://youtu.be/VpqN8bJ0pfc?t=4078,1:07:58,
空に歌えば,Amazarashi,VpqN8bJ0pfc,https://youtu.be/VpqN8bJ0pfc?t=4399,1:13:19,
Shout Baby,緑黄色社会,VpqN8bJ0pfc,https://youtu.be/VpqN8bJ0pfc?t=4726,1:18:46,
紅蓮華,LiSA,VpqN8bJ0pfc,https://youtu.be/VpqN8bJ0pfc?t=5482,1:31:22,
===== 弦が切れた！今週弦切れんの3回目　弦交換中70人登録,,VpqN8bJ0pfc,https://youtu.be/VpqN8bJ0pfc?t=5721,1:35:21,
FIRE GROUND,Official髭男dism,VpqN8bJ0pfc,https://youtu.be/VpqN8bJ0pfc?t=6636,1:50:36,
FLY HIGH!!,BURNOUT SYNDROMES,VpqN8bJ0pfc,https://youtu.be/VpqN8bJ0pfc?t=6886,1:54:46,
サブリナ,家入レオ,VpqN8bJ0pfc,https://youtu.be/VpqN8bJ0pfc?t=7148,1:59:08,
SOUVENIR,BUMP OF CHICKEN,VpqN8bJ0pfc,https://youtu.be/VpqN8bJ0pfc?t=7614,2:06:54,
sailing day,BUMP OF CHICKEN,VpqN8bJ0pfc,https://youtu.be/VpqN8bJ0pfc?t=7875,2:11:15,
memories,大槻マキ,VpqN8bJ0pfc,https://youtu.be/VpqN8bJ0pfc?t=8183,2:16:23,
微笑みの爆弾,馬渡松子,VpqN8bJ0pfc,https://youtu.be/VpqN8bJ0pfc?t=9271,2:34:31,
季節は次々死んでいく,Amazarashi,VpqN8bJ0pfc,https://youtu.be/VpqN8bJ0pfc?t=9830,2:43:50,
シュガーソングとビターステップ,UNISON SQUARE GARDEN,VpqN8bJ0pfc,https://youtu.be/VpqN8bJ0pfc?t=10180,2:49:40,
"Hello, world!",BUMP OF CHICKEN,VpqN8bJ0pfc,https://youtu.be/VpqN8bJ0pfc?t=10412,2:53:32,
新時代,Ado,VpqN8bJ0pfc,https://youtu.be/VpqN8bJ0pfc?t=10737,2:58:57,
Believe,Folder5,VpqN8bJ0pfc,https://youtu.be/VpqN8bJ0pfc?t=10964,3:02:44,
() ドライフラワー,優里,m2X2bZ-O6U4,https://youtu.be/m2X2bZ-O6U4?t=1049,17:29,18:15
Lemon,米津玄師,m2X2bZ-O6U4,https://youtu.be/m2X2bZ-O6U4?t=1416,23:36,
アイネクライネ,米津玄師,m2X2bZ-O6U4,https://youtu.be/m2X2bZ-O6U4?t=1702,28:22,
夜明けと蛍,n-buna,m2X2bZ-O6U4,https://youtu.be/m2X2bZ-O6U4?t=2968,49:28,
裸の心,あいみょん,m2X2bZ-O6U4,https://youtu.be/m2X2bZ-O6U4?t=4368,1:12:48,
Pretender,Official髭男dism,m2X2bZ-O6U4,https://youtu.be/m2X2bZ-O6U4?t=4680,1:18:00,
栄光の架橋,ゆず,m2X2bZ-O6U4,https://youtu.be/m2X2bZ-O6U4?t=5006,1:23:26,
水平線,back number,m2X2bZ-O6U4,https://youtu.be/m2X2bZ-O6U4?t=5358,1:29:18,
幸せ,back number,m2X2bZ-O6U4,https://youtu.be/m2X2bZ-O6U4?t=5723,1:35:23,
心做し,蝶々P,m2X2bZ-O6U4,https://youtu.be/m2X2bZ-O6U4?t=6527,1:48:47,
からくりピエロ,40mP,m2X2bZ-O6U4,https://youtu.be/m2X2bZ-O6U4?t=6833,1:53:53,
夏空,Galileo Galilei,N72prMJhR2Q,https://youtu.be/N72prMJhR2Q?t=1140,19:00,
打上花火,daoko×米津玄師,N72prMJhR2Q,https://youtu.be/N72prMJhR2Q?t=1480,24:40,
===== チャンネル登録者２万７０００人,,N72prMJhR2Q,https://youtu.be/N72prMJhR2Q?t=1516,25:16,
ポニーテールとシュシュ,AKB48,N72prMJhR2Q,https://youtu.be/N72prMJhR2Q?t=1932,32:12,
わたがし,back number,N72prMJhR2Q,https://youtu.be/N72prMJhR2Q?t=2226,37:06,
波に名前をつけること僕らの呼吸に終わりがあること波に,キタニタツヤ(初披露),N72prMJhR2Q,https://youtu.be/N72prMJhR2Q?t=2778,46:18,
靴の花火,ヨルシカ,N72prMJhR2Q,https://youtu.be/N72prMJhR2Q?t=3069,51:09,
雨とカプチーノ,ヨルシカ,N72prMJhR2Q,https://youtu.be/N72prMJhR2Q?t=3425,57:05,
雨晴るる,ヨルシカ,N72prMJhR2Q,https://youtu.be/N72prMJhR2Q?t=3708,1:01:48,
八月、某、月明かり,ヨルシカ(たぶん初披露),N72prMJhR2Q,https://youtu.be/N72prMJhR2Q?t=3947,1:05:47,
===== 弦が切れた！弦交換中6人登録,,N72prMJhR2Q,https://youtu.be/N72prMJhR2Q?t=4227,1:10:27,
夏祭り,JITTERIN'JINN,N72prMJhR2Q,https://youtu.be/N72prMJhR2Q?t=4823,1:20:23,
プラネタリウム,BUMP OF CHICKEN,N72prMJhR2Q,https://youtu.be/N72prMJhR2Q?t=5090,1:24:50,
君がくれた夏,家入レオ,N72prMJhR2Q,https://youtu.be/N72prMJhR2Q?t=5376,1:29:36,
真夏の果実,サザンオールスターズ,N72prMJhR2Q,https://youtu.be/N72prMJhR2Q?t=5656,1:34:16,
secret base 〜君がくれたもの〜,ZONE,N72prMJhR2Q,https://youtu.be/N72prMJhR2Q?t=5950,1:39:10,
花に亡霊,ヨルシカ,N72prMJhR2Q,https://youtu.be/N72prMJhR2Q?t=6269,1:44:29,
KissHug,Aiko,N72prMJhR2Q,https://youtu.be/N72prMJhR2Q?t=6535,1:48:55,
ただ君に晴れ,ヨルシカ,N72prMJhR2Q,https://youtu.be/N72prMJhR2Q?t=6846,1:54:06,
マリーゴールド,あいみょん,N72prMJhR2Q,https://youtu.be/N72prMJhR2Q?t=7069,1:57:49,
夏色,ゆず,N72prMJhR2Q,https://youtu.be/N72prMJhR2Q?t=7390,2:03:10,
爆弾魔,ヨルシカ,N72prMJhR2Q,https://youtu.be/N72prMJhR2Q?t=7650,2:07:30,
思想犯,ヨルシカ,N72prMJhR2Q,https://youtu.be/N72prMJhR2Q?t=7876,2:11:16,
レプリカント,ヨルシカ,N72prMJhR2Q,https://youtu.be/N72prMJhR2Q?t=8139,2:15:39,
ヒッチコック,ヨルシカ,N72prMJhR2Q,https://youtu.be/N72prMJhR2Q?t=8381,2:19:41,
===== もうちょとやろか⇒延長,,N72prMJhR2Q,https://youtu.be/N72prMJhR2Q?t=8667,2:24:27,
天体観測,BUMP OF CHICKEN,N72prMJhR2Q,https://youtu.be/N72prMJhR2Q?t=8741,2:25:41,
話がしたいよ,BUMP OF CHICKEN,N72prMJhR2Q,https://youtu.be/N72prMJhR2Q?t=9037,2:30:37,
若者のすべて,フジファブリック,N72prMJhR2Q,https://youtu.be/N72prMJhR2Q?t=9779,2:42:59,
夏影テールライト,UNISON SQUARE GARDEN,N72prMJhR2Q,https://youtu.be/N72prMJhR2Q?t=10126,2:48:46,
オリオンをなぞ.る,UNISON SQUARE GARDEN,N72prMJhR2Q,https://youtu.be/N72prMJhR2Q?t=10395,2:53:15,
夜行,ヨルシカ,N72prMJhR2Q,https://youtu.be/N72prMJhR2Q?t=11250,3:07:30,
最後の雨,中西保志,G900qZaUqGg,https://youtu.be/G900qZaUqGg?t=746,00:12:26,00:17:20
君になれ,コブクロ,G900qZaUqGg,https://youtu.be/G900qZaUqGg?t=1252,00:20:52,00:25:20
赤い糸,コブクロ,G900qZaUqGg,https://youtu.be/G900qZaUqGg?t=1697,00:28:17,00:34:58
ナモナキヒト,amazarashi,G900qZaUqGg,https://youtu.be/G900qZaUqGg?t=2255,00:37:35,00:42:57
ワンルーム叙事詩,amazarashi,G900qZaUqGg,https://youtu.be/G900qZaUqGg?t=2595,00:43:15,00:48:20
高嶺の花子さん,back number,G900qZaUqGg,https://youtu.be/G900qZaUqGg?t=3067,00:51:07,00:55:32
クリスマスソング,back number,G900qZaUqGg,https://youtu.be/G900qZaUqGg?t=3376,00:56:16,01:01:36
真赤,My Hair is Bad,G900qZaUqGg,https://youtu.be/G900qZaUqGg?t=3952,01:05:52,01:09:05
美しい鰭,スピッツ,G900qZaUqGg,https://youtu.be/G900qZaUqGg?t=4156,01:09:16,01:12:23
ロビンソン,スピッツ,G900qZaUqGg,https://youtu.be/G900qZaUqGg?t=4367,01:12:47,01:17:07
まちがいさがし,菅田将暉,G900qZaUqGg,https://youtu.be/G900qZaUqGg?t=4706,01:18:26,01:22:17
前前前世,RADWIMPS,G900qZaUqGg,https://youtu.be/G900qZaUqGg?t=4960,01:22:40,01:26:57
メランコリーキッチン,米津玄師,G900qZaUqGg,https://youtu.be/G900qZaUqGg?t=5239,01:27:19,01:31:06
ピースサイン,米津玄師,G900qZaUqGg,https://youtu.be/G900qZaUqGg?t=5504,01:31:44,01:35:58
怪獣の花唄,Vaundy,G900qZaUqGg,https://youtu.be/G900qZaUqGg?t=5789,01:36:29,01:40:13
ドライフラワー,優里,G900qZaUqGg,https://youtu.be/G900qZaUqGg?t=6066,01:41:06,01:45:42
怪獣,サカナクション,G900qZaUqGg,https://youtu.be/G900qZaUqGg?t=6382,01:46:22,01:50:25
アイデンティティ,サカナクション,G900qZaUqGg,https://youtu.be/G900qZaUqGg?t=6662,01:51:02,01:55:28
若者のすべて,フジファブリック,G900qZaUqGg,https://youtu.be/G900qZaUqGg?t=6967,01:56:07,02:00:51
Wherever you are,ONE OK ROCK,G900qZaUqGg,https://youtu.be/G900qZaUqGg?t=7315,02:01:55,02:06:53
欲望に満ちた青年団,ONE OK ROCK,G900qZaUqGg,https://youtu.be/G900qZaUqGg?t=7656,02:07:36,02:10:56
天体観測,BUMP OF CHICKEN,G900qZaUqGg,https://youtu.be/G900qZaUqGg?t=7910,02:11:50,02:15:51
ハルジオン,BUMP OF CHICKEN,G900qZaUqGg,https://youtu.be/G900qZaUqGg?t=8224,02:17:04,02:21:25
アカシア,BUMP OF CHICKEN,G900qZaUqGg,https://youtu.be/G900qZaUqGg?t=8674,02:24:34,02:28:31
ラフメイカー,BUMP OF CHICKEN,G900qZaUqGg,https://youtu.be/G900qZaUqGg?t=8948,02:29:08,02:32:37
ray,BUMP OF CHICKEN,G900qZaUqGg,https://youtu.be/G900qZaUqGg?t=9176,02:32:56,02:37:35
カルマ,BUMP OF CHICKEN,G900qZaUqGg,https://youtu.be/G900qZaUqGg?t=9475,02:37:55,02:41:18
ギルド,BUMP OF CHICKEN,G900qZaUqGg,https://youtu.be/G900qZaUqGg?t=9898,02:44:58,02:50:27
sailing day,BUMP OF CHICKEN,G900qZaUqGg,https://youtu.be/G900qZaUqGg?t=11005,03:03:25,03:07:01
真っ赤な空を見ただろうか,BUMP OF CHICKEN,G900qZaUqGg,https://youtu.be/G900qZaUqGg?t=11228,03:07:08,03:11:05
ダンデライオン,BUMP OF CHICKEN,G900qZaUqGg,https://youtu.be/G900qZaUqGg?t=11485,03:11:25,03:14:23
fire sign,BUMP OF CHICKEN,G900qZaUqGg,https://youtu.be/G900qZaUqGg?t=11708,03:15:08,03:19:22
ダイヤモンド,BUMP OF CHICKEN,G900qZaUqGg,https://youtu.be/G900qZaUqGg?t=12071,03:21:11,03:25:51
"Hello,world!",BUMP OF CHICKEN,G900qZaUqGg,https://youtu.be/G900qZaUqGg?t=12827,03:33:47,03:38:17
車輪の唄,BUMP OF CHICKEN,G900qZaUqGg,https://youtu.be/G900qZaUqGg?t=13132,03:38:52,03:43:16
才悩人応援歌,BUMP OF CHICKEN,G900qZaUqGg,https://youtu.be/G900qZaUqGg?t=13450,03:44:10,03:48:18
Butterfly,BUMP OF CHICKEN,G900qZaUqGg,https://youtu.be/G900qZaUqGg?t=13760,03:49:20,03:55:04
境界線,amazarashi,9DGL-LRRU0c,https://youtu.be/9DGL-LRRU0c?t=1355,00:22:35,00:27:27
空洞空洞,amazarashi,9DGL-LRRU0c,https://youtu.be/9DGL-LRRU0c?t=1793,00:29:53,00:34:14
夜行,ヨルシカ,9DGL-LRRU0c,https://youtu.be/9DGL-LRRU0c?t=2173,00:36:13,00:39:58
斜陽,ヨルシカ,9DGL-LRRU0c,https://youtu.be/9DGL-LRRU0c?t=2473,00:41:13,00:44:37
藍二乗,ヨルシカ,9DGL-LRRU0c,https://youtu.be/9DGL-LRRU0c?t=2709,00:45:09,00:49:09
思想犯,ヨルシカ,9DGL-LRRU0c,https://youtu.be/9DGL-LRRU0c?t=2958,00:49:18,00:53:17
新時代,Ado,9DGL-LRRU0c,https://youtu.be/9DGL-LRRU0c?t=3315,00:55:15,00:58:50
紅蓮華,LiSA,9DGL-LRRU0c,https://youtu.be/9DGL-LRRU0c?t=3545,00:59:05,01:03:13
新宝島,サカナクション,9DGL-LRRU0c,https://youtu.be/9DGL-LRRU0c?t=3810,01:03:30,01:07:01
怪獣,サカナクション,9DGL-LRRU0c,https://youtu.be/9DGL-LRRU0c?t=4038,01:07:18,01:11:24
天体観測,BUMP OF CHICKEN,9DGL-LRRU0c,https://youtu.be/9DGL-LRRU0c?t=4293,01:11:33,01:15:30
才悩人応援歌,BUMP OF CHICKEN,9DGL-LRRU0c,https://youtu.be/9DGL-LRRU0c?t=4682,01:18:02,01:22:19
酸欠少女,さユり,9DGL-LRRU0c,https://youtu.be/9DGL-LRRU0c?t=4965,01:22:45,01:26:49
正攻法,SUPER BEAVER,9DGL-LRRU0c,https://youtu.be/9DGL-LRRU0c?t=6260,01:44:20,01:47:28
有心論,RADWIMPS,9DGL-LRRU0c,https://youtu.be/9DGL-LRRU0c?t=6489,01:48:09,01:52:07
月虹,BUMP OF CHICKEN,9DGL-LRRU0c,https://youtu.be/9DGL-LRRU0c?t=6821,01:53:41,01:58:12
夏色,ゆず,9DGL-LRRU0c,https://youtu.be/9DGL-LRRU0c?t=7148,01:59:08,02:02:06
水平線,back number,9DGL-LRRU0c,https://youtu.be/9DGL-LRRU0c?t=7354,02:02:34,02:06:26
憂、燦々,クリープハイプ,9DGL-LRRU0c,https://youtu.be/9DGL-LRRU0c?t=8789,02:26:29,02:30:30
春泥棒,ヨルシカ,9DGL-LRRU0c,https://youtu.be/9DGL-LRRU0c?t=9205,02:33:25,02:38:09
火星人,ヨルシカ,9DGL-LRRU0c,https://youtu.be/9DGL-LRRU0c?t=9509,02:38:29,02:42:25
又三郎,ヨルシカ,9DGL-LRRU0c,https://youtu.be/9DGL-LRRU0c?t=9793,02:43:13,02:46:53
爆弾魔,ヨルシカ,9DGL-LRRU0c,https://youtu.be/9DGL-LRRU0c?t=10053,02:47:33,02:50:52
昼鳶,ヨルシカ,9DGL-LRRU0c,https://youtu.be/9DGL-LRRU0c?t=10616,02:56:56,02:59:18
花人局,ヨルシカ,9DGL-LRRU0c,https://youtu.be/9DGL-LRRU0c?t=10782,02:59:42,03:05:08
盗作,ヨルシカ,9DGL-LRRU0c,https://youtu.be/9DGL-LRRU0c?t=11121,03:05:21,03:09:17
新世界,BUMP OF CHICKEN,9DGL-LRRU0c,https://youtu.be/9DGL-LRRU0c?t=11547,03:12:27,03:16:15
星間飛行,中島愛 (アカペラ),9DGL-LRRU0c,https://youtu.be/9DGL-LRRU0c?t=12387,03:26:27,03:29:15
晩餐歌,tuki. (アカペラ),9DGL-LRRU0c,https://youtu.be/9DGL-LRRU0c?t=12726,03:32:06,03:35:28
結晶,ミナミイズミ,9DGL-LRRU0c,https://youtu.be/9DGL-LRRU0c?t=13273,03:41:13,03:44:54
ドーナツホール,ハチ,QmQ6fQlPcdY,https://youtu.be/QmQ6fQlPcdY?t=1088,18:08,
マトリョシカ,ハチ,QmQ6fQlPcdY,https://youtu.be/QmQ6fQlPcdY?t=1545,25:45,
砂の惑星,ハチ,QmQ6fQlPcdY,https://youtu.be/QmQ6fQlPcdY?t=2172,36:12,
弱虫モンブラン,DECO*27,QmQ6fQlPcdY,https://youtu.be/QmQ6fQlPcdY?t=2581,43:01,
吉原ラメント,亜沙,QmQ6fQlPcdY,https://youtu.be/QmQ6fQlPcdY?t=3398,56:38,
からくりピエロ,40mP,QmQ6fQlPcdY,https://youtu.be/QmQ6fQlPcdY?t=3694,1:01:34,
シリョクケンサ,40mP,QmQ6fQlPcdY,https://youtu.be/QmQ6fQlPcdY?t=3933,1:05:33,
トリノコシティ,40mP,QmQ6fQlPcdY,https://youtu.be/QmQ6fQlPcdY?t=4199,1:09:59,
恋愛裁判,40mP,QmQ6fQlPcdY,https://youtu.be/QmQ6fQlPcdY?t=4508,1:15:08,
純情スカート,40mP,QmQ6fQlPcdY,https://youtu.be/QmQ6fQlPcdY?t=4719,1:18:39,
ハロ／ハワユ,ナノウ,QmQ6fQlPcdY,https://youtu.be/QmQ6fQlPcdY?t=5024,1:23:44,
心做し,蝶々P,QmQ6fQlPcdY,https://youtu.be/QmQ6fQlPcdY?t=5561,1:32:41,
夜明けと蛍,n-buna,QmQ6fQlPcdY,https://youtu.be/QmQ6fQlPcdY?t=5942,1:39:02,
Calc.,ジミーサムP,QmQ6fQlPcdY,https://youtu.be/QmQ6fQlPcdY?t=6247,1:44:07,
ダブルラリアット,アゴアニキP,QmQ6fQlPcdY,https://youtu.be/QmQ6fQlPcdY?t=6585,1:49:45,
Just Be Friends,Dixie Flatline,QmQ6fQlPcdY,https://youtu.be/QmQ6fQlPcdY?t=6818,1:53:38,
ハッピーシンセサイザ,EasyPop,QmQ6fQlPcdY,https://youtu.be/QmQ6fQlPcdY?t=7342,2:02:22,
カゲロウデイズ,じん,QmQ6fQlPcdY,https://youtu.be/QmQ6fQlPcdY?t=7616,2:06:56,
夜咄ディセイブ,じん,QmQ6fQlPcdY,https://youtu.be/QmQ6fQlPcdY?t=7861,2:11:01,
東京テディベア,Neru,QmQ6fQlPcdY,https://youtu.be/QmQ6fQlPcdY?t=8136,2:15:36,
ピエロ,KEI,QmQ6fQlPcdY,https://youtu.be/QmQ6fQlPcdY?t=8455,2:20:55,
モザイクロール,DECO*27,QmQ6fQlPcdY,https://youtu.be/QmQ6fQlPcdY?t=8805,2:26:45,
ロミオとシンデレラ,doriko,QmQ6fQlPcdY,https://youtu.be/QmQ6fQlPcdY?t=9009,2:30:09,
千本桜,黒うさP,QmQ6fQlPcdY,https://youtu.be/QmQ6fQlPcdY?t=9306,2:35:06,
ルカルカ★ナイトフィーバー,samfree,dC089t-RiRY,https://youtu.be/dC089t-RiRY?t=914,15:14,
サリシノハラ,みきとP,dC089t-RiRY,https://youtu.be/dC089t-RiRY?t=1324,22:04,
ジュブナイル,amazarashi,dC089t-RiRY,https://youtu.be/dC089t-RiRY?t=1835,30:35,
アイデンティティ,サカナクション,dC089t-RiRY,https://youtu.be/dC089t-RiRY?t=2174,36:14,
ココロジェリーフィッシュ,ヒグチアイ,dC089t-RiRY,https://youtu.be/dC089t-RiRY?t=2612,43:32,
インフェルノ,Mrs. GREEN APPLE,dC089t-RiRY,https://youtu.be/dC089t-RiRY?t=2994,49:54,
センチメンタルピリオド,UNISON SQUARE GARDEN,dC089t-RiRY,https://youtu.be/dC089t-RiRY?t=3295,54:55,
マスターボリューム,UNISON SQUARE GARDEN,dC089t-RiRY,https://youtu.be/dC089t-RiRY?t=3556,59:16,
- マーメイドスキャンダラス (1C),UNISON SQUARE GARDEN,dC089t-RiRY,https://youtu.be/dC089t-RiRY?t=3953,1:05:53,
ソラニン,ASIAN KUNG-FU GENERATION,dC089t-RiRY,https://youtu.be/dC089t-RiRY?t=4074,1:07:54,
ヒューズ,日向文,dC089t-RiRY,https://youtu.be/dC089t-RiRY?t=4490,1:14:50,
ハナミズキ,一青窈,dC089t-RiRY,https://youtu.be/dC089t-RiRY?t=4863,1:21:03,
オッドアイ,さユり,dC089t-RiRY,https://youtu.be/dC089t-RiRY?t=5414,1:30:14,
ミカヅキ,さユり,dC089t-RiRY,https://youtu.be/dC089t-RiRY?t=5787,1:36:27,
アノニマス,さユり,dC089t-RiRY,https://youtu.be/dC089t-RiRY?t=6077,1:41:17,
アボカド,yonige,dC089t-RiRY,https://youtu.be/dC089t-RiRY?t=6670,1:51:10,
アカシア,BUMP OF CHICKEN,dC089t-RiRY,https://youtu.be/dC089t-RiRY?t=6909,1:55:09,
カルマ,BUMP OF CHICKEN,dC089t-RiRY,https://youtu.be/dC089t-RiRY?t=7162,1:59:22,
ハルジオン,BUMP OF CHICKEN,dC089t-RiRY,https://youtu.be/dC089t-RiRY?t=7428,2:03:48,
コイスルオトメ,いきものがかり,dC089t-RiRY,https://youtu.be/dC089t-RiRY?t=7840,2:10:40,
マリーゴールド,あいみょん,dC089t-RiRY,https://youtu.be/dC089t-RiRY?t=8154,2:15:54,
アイネクライネ,米津玄師,dC089t-RiRY,https://youtu.be/dC089t-RiRY?t=8466,2:21:06,
チェリー,スピッツ,dC089t-RiRY,https://youtu.be/dC089t-RiRY?t=8755,2:25:55,
ロビンソン,スピッツ,dC089t-RiRY,https://youtu.be/dC089t-RiRY?t=9034,2:30:34,
タッチ,岩崎良美,dC089t-RiRY,https://youtu.be/dC089t-RiRY?t=9446,2:37:26,
シルエット,KANA-BOON,dC089t-RiRY,https://youtu.be/dC089t-RiRY?t=9659,2:40:59,
アルエ,BUMP OF CHICKEN,dC089t-RiRY,https://youtu.be/dC089t-RiRY?t=9966,2:46:06,
ラフメイカー,BUMP OF CHICKEN,dC089t-RiRY,https://youtu.be/dC089t-RiRY?t=10240,2:50:40,
オンリーロンリーグローリー,BUMP OF CHICKEN,dC089t-RiRY,https://youtu.be/dC089t-RiRY?t=10584,2:56:24,
ダンデライオン,BUMP OF CHICKEN,dC089t-RiRY,https://youtu.be/dC089t-RiRY?t=10875,3:01:15,
ダイヤモンド,BUMP OF CHICKEN,dC089t-RiRY,https://youtu.be/dC089t-RiRY?t=11141,3:05:41,
アイロニー,ミナミイズミ,dC089t-RiRY,https://youtu.be/dC089t-RiRY?t=11878,3:17:58,
スターライト,amazarashi,dC089t-RiRY,https://youtu.be/dC089t-RiRY?t=12350,3:25:50,
フィロソフィー,amazarashi,dC089t-RiRY,https://youtu.be/dC089t-RiRY?t=13385,3:43:05,
サザンクロス,BUMP OF CHICKEN,dC089t-RiRY,https://youtu.be/dC089t-RiRY?t=14312,3:58:32,
() ナイフ,BUMP OF CHICKEN,dC089t-RiRY,https://youtu.be/dC089t-RiRY?t=14555,4:02:35,4:03:18
PON,,dC089t-RiRY,https://youtu.be/dC089t-RiRY?t=14035,3:53:55,
Ginger,TOMOO,wDr39WqUL0E,https://youtu.be/wDr39WqUL0E?t=1119,18:39,
CHE.R.RY,YUI,wDr39WqUL0E,https://youtu.be/wDr39WqUL0E?t=1388,23:08,
short hair,Base Ball Bear,wDr39WqUL0E,https://youtu.be/wDr39WqUL0E?t=1673,27:53,
I LOVE YOU,尾崎豊,wDr39WqUL0E,https://youtu.be/wDr39WqUL0E?t=1991,33:11,
Lemon,米津玄師,wDr39WqUL0E,https://youtu.be/wDr39WqUL0E?t=2387,39:47,
swim,04 Limited Sazabys,wDr39WqUL0E,https://youtu.be/wDr39WqUL0E?t=2740,45:40,
Pretender,Official髭男dism,wDr39WqUL0E,https://youtu.be/wDr39WqUL0E?t=3005,50:05,
Subtitle,Official髭男dism,wDr39WqUL0E,https://youtu.be/wDr39WqUL0E?t=3352,55:52,
Week End,星野源,wDr39WqUL0E,https://youtu.be/wDr39WqUL0E?t=4003,1:06:43,
kissHug,aiko,wDr39WqUL0E,https://youtu.be/wDr39WqUL0E?t=4255,1:10:55,
vivi,米津玄師,wDr39WqUL0E,https://youtu.be/wDr39WqUL0E?t=4657,1:17:37,
Catch the Moment,LiSA,wDr39WqUL0E,https://youtu.be/wDr39WqUL0E?t=5038,1:23:58,
ANIMA,ReoNa,wDr39WqUL0E,https://youtu.be/wDr39WqUL0E?t=5435,1:30:35,
Shout Baby,緑黄色社会,wDr39WqUL0E,https://youtu.be/wDr39WqUL0E?t=5872,1:37:52,
ray,BUMP OF CHICKEN,wDr39WqUL0E,https://youtu.be/wDr39WqUL0E?t=6200,1:43:20,
sailing day,BUMP OF CHICKEN,wDr39WqUL0E,https://youtu.be/wDr39WqUL0E?t=6478,1:47:58,
FLY HIGH!!,BURNOUT SYNDROMES,wDr39WqUL0E,https://youtu.be/wDr39WqUL0E?t=6920,1:55:20,
don’t cry anymore,miwa,wDr39WqUL0E,https://youtu.be/wDr39WqUL0E?t=7276,2:01:16,
ローリンガール (2010),wowaka,k7asFBbkFYs,https://youtu.be/k7asFBbkFYs?t=1416,23:36,
愛を伝えたいだとか (2017),あいみょん,k7asFBbkFYs,https://youtu.be/k7asFBbkFYs?t=1769,29:29,
悪魔の踊り方 (2018),キタニタツヤ,k7asFBbkFYs,https://youtu.be/k7asFBbkFYs?t=2126,35:26,
オリオンをなぞる (2011),UNISON SQUARE GARDEN,k7asFBbkFYs,https://youtu.be/k7asFBbkFYs?t=2569,42:49,
平行線 (2017),さユり,k7asFBbkFYs,https://youtu.be/k7asFBbkFYs?t=3117,51:57,
サムライハート(2011),SPYAIR,k7asFBbkFYs,https://youtu.be/k7asFBbkFYs?t=3695,1:01:35,
フライングゲット (2011),AKB48,k7asFBbkFYs,https://youtu.be/k7asFBbkFYs?t=4181,1:09:41,
夜咄ディセイブ (2013),じん,k7asFBbkFYs,https://youtu.be/k7asFBbkFYs?t=4535,1:15:35,
千本桜 (2011),黒うさP,k7asFBbkFYs,https://youtu.be/k7asFBbkFYs?t=4775,1:19:35,
空に歌えば (2017),amazarashi,k7asFBbkFYs,https://youtu.be/k7asFBbkFYs?t=5180,1:26:20,
準透明少年 (2018),ヨルシカ,k7asFBbkFYs,https://youtu.be/k7asFBbkFYs?t=6457,1:47:37,
晴る (2024),ヨルシカ,k7asFBbkFYs,https://youtu.be/k7asFBbkFYs?t=6743,1:52:23,
カルマ (2005),BUMP OF CHICKEN,k7asFBbkFYs,https://youtu.be/k7asFBbkFYs?t=7377,2:02:57,
うっせぇわ (2020),Ado,k7asFBbkFYs,https://youtu.be/k7asFBbkFYs?t=7664,2:07:44,
God knows… (2006),涼宮ハルヒ(CV: 平野綾),k7asFBbkFYs,https://youtu.be/k7asFBbkFYs?t=8168,2:16:08,
ピースサイン (2017),米津玄師,k7asFBbkFYs,https://youtu.be/k7asFBbkFYs?t=8528,2:22:08,
タッチ (1985),岩崎良美,k7asFBbkFYs,https://youtu.be/k7asFBbkFYs?t=8958,2:29:18,
完全感覚Dreamer (2010),ONE OK ROCK,k7asFBbkFYs,https://youtu.be/k7asFBbkFYs?t=9208,2:33:28,
ノーザンクロス (2008),シェリルノーム starring May’n,k7asFBbkFYs,https://youtu.be/k7asFBbkFYs?t=9524,2:38:44,
again (2009),YUI,k7asFBbkFYs,https://youtu.be/k7asFBbkFYs?t=9862,2:44:22,
天体観測 (2001),BUMP OF CHICKEN,k7asFBbkFYs,https://youtu.be/k7asFBbkFYs?t=11086,3:04:46,
チェリー,スピッツ,PCFJGWsxuXg,https://youtu.be/PCFJGWsxuXg?t=825,00:13:45,00:18:04
丸の内サディスティック,椎名林檎,PCFJGWsxuXg,https://youtu.be/PCFJGWsxuXg?t=1096,00:18:16,00:21:46
Lemon,米津玄師,PCFJGWsxuXg,https://youtu.be/PCFJGWsxuXg?t=1450,00:24:10,00:28:33
赤い糸,コブクロ,PCFJGWsxuXg,https://youtu.be/PCFJGWsxuXg?t=1847,00:30:47,00:37:15
靴の花火,ヨルシカ,PCFJGWsxuXg,https://youtu.be/PCFJGWsxuXg?t=2449,00:40:49,00:45:52
雨とカプチーノ,ヨルシカ,PCFJGWsxuXg,https://youtu.be/PCFJGWsxuXg?t=2933,00:48:53,00:53:09
アイロニ,すこっぷ,PCFJGWsxuXg,https://youtu.be/PCFJGWsxuXg?t=3218,00:53:38,00:57:52
弱虫モンブラン,DECO*27,PCFJGWsxuXg,https://youtu.be/PCFJGWsxuXg?t=3508,00:58:28,01:02:33
心做し,蝶々P,PCFJGWsxuXg,https://youtu.be/PCFJGWsxuXg?t=3796,01:03:16,01:07:37
寝癖,クリープハイプ,PCFJGWsxuXg,https://youtu.be/PCFJGWsxuXg?t=4130,01:08:50,01:12:39
Pretender,Official髭男dism,PCFJGWsxuXg,https://youtu.be/PCFJGWsxuXg?t=4386,01:13:06,01:18:00
ダイヤモンド,BUMP OF CHICKEN,PCFJGWsxuXg,https://youtu.be/PCFJGWsxuXg?t=4739,01:18:59,01:23:49
涙のふるさと,BUMP OF CHICKEN,PCFJGWsxuXg,https://youtu.be/PCFJGWsxuXg?t=5085,01:24:45,01:29:06
車輪の唄,BUMP OF CHICKEN,PCFJGWsxuXg,https://youtu.be/PCFJGWsxuXg?t=5469,01:31:09,01:35:27
ray,BUMP OF CHICKEN,PCFJGWsxuXg,https://youtu.be/PCFJGWsxuXg?t=5757,01:35:57,01:40:29
アカシア,BUMP OF CHICKEN,PCFJGWsxuXg,https://youtu.be/PCFJGWsxuXg?t=6076,01:41:16,01:45:19
天体観測,BUMP OF CHICKEN,PCFJGWsxuXg,https://youtu.be/PCFJGWsxuXg?t=6354,01:45:54,01:49:54
才悩人応援歌,BUMP OF CHICKEN,PCFJGWsxuXg,https://youtu.be/PCFJGWsxuXg?t=7251,02:00:51,02:05:06
カルマ,BUMP OF CHICKEN,PCFJGWsxuXg,https://youtu.be/PCFJGWsxuXg?t=7548,02:05:48,02:09:04
おやすみ泣き声、さよなら歌姫,クリープハイプ,eXlDZNtJpi8,https://youtu.be/eXlDZNtJpi8?t=298,00:04:58,00:08:44
ドーナツホール,ハチ,eXlDZNtJpi8,https://youtu.be/eXlDZNtJpi8?t=553,00:09:13,00:12:39
アイネクライネ,米津玄師,eXlDZNtJpi8,https://youtu.be/eXlDZNtJpi8?t=788,00:13:08,00:17:42
盗作,ヨルシカ,eXlDZNtJpi8,https://youtu.be/eXlDZNtJpi8?t=1135,00:18:55,00:23:01
夜咄ディセイブ,じん,eXlDZNtJpi8,https://youtu.be/eXlDZNtJpi8?t=1395,00:23:15,00:26:26
ロミオとシンデレラ,doriko,eXlDZNtJpi8,https://youtu.be/eXlDZNtJpi8?t=1601,00:26:41,00:31:31
インフェルノ,Mrs. GREEN APPLE,eXlDZNtJpi8,https://youtu.be/eXlDZNtJpi8?t=1949,00:32:29,00:35:58
いつか,Saucy Dog,eXlDZNtJpi8,https://youtu.be/eXlDZNtJpi8?t=2235,00:37:15,00:41:48
真夏の果実,サザンオールスターズ,eXlDZNtJpi8,https://youtu.be/eXlDZNtJpi8?t=2588,00:43:08,00:48:07
CHE.R.RY,YUI,eXlDZNtJpi8,https://youtu.be/eXlDZNtJpi8?t=2906,00:48:26,00:51:50
again,YUI,eXlDZNtJpi8,https://youtu.be/eXlDZNtJpi8?t=3136,00:52:16,00:56:12
怪獣,サカナクション,eXlDZNtJpi8,https://youtu.be/eXlDZNtJpi8?t=3392,00:56:32,01:00:46
アイデンティティ,サカナクション,eXlDZNtJpi8,https://youtu.be/eXlDZNtJpi8?t=3657,01:00:57,01:05:13
さよならはエモーション,サカナクション,eXlDZNtJpi8,https://youtu.be/eXlDZNtJpi8?t=3949,01:05:49,01:09:22
アカシア,BUMP OF CHICKEN,eXlDZNtJpi8,https://youtu.be/eXlDZNtJpi8?t=4229,01:10:29,01:14:27
ray,BUMP OF CHICKEN,eXlDZNtJpi8,https://youtu.be/eXlDZNtJpi8?t=4482,01:14:42,01:19:07
RPG,SEKAI NO OWARI,eXlDZNtJpi8,https://youtu.be/eXlDZNtJpi8?t=4761,01:19:21,01:23:58
幻の命,SEKAI NO OWARI,eXlDZNtJpi8,https://youtu.be/eXlDZNtJpi8?t=5067,01:24:27,01:28:25
コイスルオトメ,いきものがかり,eXlDZNtJpi8,https://youtu.be/eXlDZNtJpi8?t=5363,01:29:23,01:34:23
ブルーバード,いきものがかり,eXlDZNtJpi8,https://youtu.be/eXlDZNtJpi8?t=5676,01:34:36,01:38:09
残酷な天使のテーゼ,高橋洋子,eXlDZNtJpi8,https://youtu.be/eXlDZNtJpi8?t=5911,01:38:31,01:42:24
天体観測,BUMP OF CHICKEN,eXlDZNtJpi8,https://youtu.be/eXlDZNtJpi8?t=6291,01:44:51,01:48:50
車輪の唄,BUMP OF CHICKEN,eXlDZNtJpi8,https://youtu.be/eXlDZNtJpi8?t=6557,01:49:17,01:53:38
ハナミズキ,一青窈,eXlDZNtJpi8,https://youtu.be/eXlDZNtJpi8?t=6847,01:54:07,01:59:28
ひまわり,遊助 (初披露),WmYhdrcYxLA,https://youtu.be/WmYhdrcYxLA?t=441,7:21,
(Himawari,Yuusuke),WmYhdrcYxLA,https://youtu.be/WmYhdrcYxLA?t=441,7:21,
花の塔,さユり,WmYhdrcYxLA,https://youtu.be/WmYhdrcYxLA?t=745,12:25,
(Flower Tower,Sayuri),WmYhdrcYxLA,https://youtu.be/WmYhdrcYxLA?t=745,12:25,
桜のあと,UNISON SQUARE GARDEN (初披露),WmYhdrcYxLA,https://youtu.be/WmYhdrcYxLA?t=1111,18:31,
さくら,森山 直太朗 (初披露),WmYhdrcYxLA,https://youtu.be/WmYhdrcYxLA?t=1542,25:42,
(Sakura,Naotaro Moriyama),WmYhdrcYxLA,https://youtu.be/WmYhdrcYxLA?t=1542,25:42,
野に咲く花のように,,WmYhdrcYxLA,https://youtu.be/WmYhdrcYxLA?t=1853,30:53,
ひまわりの約束,秦 基博,WmYhdrcYxLA,https://youtu.be/WmYhdrcYxLA?t=2037,33:57,
(Himawari no Yakusoku,Motohiro Hata),WmYhdrcYxLA,https://youtu.be/WmYhdrcYxLA?t=2037,33:57,
赤いスイートピー,松田 聖子 (初披露),WmYhdrcYxLA,https://youtu.be/WmYhdrcYxLA?t=2341,39:01,
(Red Sweet Pea,Seiko Matsuda),WmYhdrcYxLA,https://youtu.be/WmYhdrcYxLA?t=2341,39:01,
ハルジオン,BUMP OF CHICKEN,WmYhdrcYxLA,https://youtu.be/WmYhdrcYxLA?t=2669,44:29,
ダンデライオン,BUMP OF CHICKEN,WmYhdrcYxLA,https://youtu.be/WmYhdrcYxLA?t=2948,49:08,
花の名,BUMP OF CHICKEN,WmYhdrcYxLA,https://youtu.be/WmYhdrcYxLA?t=3541,59:01,
(Tsubomi,Kobukuro),WmYhdrcYxLA,https://youtu.be/WmYhdrcYxLA?t=3864,1:04:24,
花人局,ヨルシカ (初披露),WmYhdrcYxLA,https://youtu.be/WmYhdrcYxLA?t=4516,1:15:16,
(Hanamotase,Yorushika),WmYhdrcYxLA,https://youtu.be/WmYhdrcYxLA?t=4516,1:15:16,
強盗と花束,ヨルシカ (初披露),WmYhdrcYxLA,https://youtu.be/WmYhdrcYxLA?t=4847,1:20:47,
(Goutou to Hanataba,Yorushika),WmYhdrcYxLA,https://youtu.be/WmYhdrcYxLA?t=4847,1:20:47,
花に亡霊,ヨルシカ,WmYhdrcYxLA,https://youtu.be/WmYhdrcYxLA?t=5101,1:25:01,
(Hana ni Bourei,Yorushika),WmYhdrcYxLA,https://youtu.be/WmYhdrcYxLA?t=5101,1:25:01,
春泥棒,ヨルシカ,WmYhdrcYxLA,https://youtu.be/WmYhdrcYxLA?t=5353,1:29:13,
(Spring Thief,Yorushika),WmYhdrcYxLA,https://youtu.be/WmYhdrcYxLA?t=5353,1:29:13,
千本桜,黒うさP,WmYhdrcYxLA,https://youtu.be/WmYhdrcYxLA?t=5669,1:34:29,
(Senbon Zakura,Kurousa P),WmYhdrcYxLA,https://youtu.be/WmYhdrcYxLA?t=5669,1:34:29,
紅蓮華,LiSA,WmYhdrcYxLA,https://youtu.be/WmYhdrcYxLA?t=5897,1:38:17,
マリーゴールド,あいみょん,WmYhdrcYxLA,https://youtu.be/WmYhdrcYxLA?t=6286,1:44:46,
(Mary Gold,Aimyon),WmYhdrcYxLA,https://youtu.be/WmYhdrcYxLA?t=6286,1:44:46,
花に嵐,米津 玄師,WmYhdrcYxLA,https://youtu.be/WmYhdrcYxLA?t=6598,1:49:58,
(Hana ni Arashi,Kenshi Yonezu),WmYhdrcYxLA,https://youtu.be/WmYhdrcYxLA?t=6598,1:49:58,
世界に一つだけの花,SMAP (初披露),WmYhdrcYxLA,https://youtu.be/WmYhdrcYxLA?t=6913,1:55:13,
愛をこめて花束を,Superfly,WmYhdrcYxLA,https://youtu.be/WmYhdrcYxLA?t=7310,2:01:50,
怪獣の花唄,Vaundy,WmYhdrcYxLA,https://youtu.be/WmYhdrcYxLA?t=7617,2:06:57,
わたがし,back number,nMP02CeqvD0,https://youtu.be/nMP02CeqvD0?t=399,6:39,
幸せ,back number,nMP02CeqvD0,https://youtu.be/nMP02CeqvD0?t=735,12:15,
忘れられないの,サカナクション,nMP02CeqvD0,https://youtu.be/nMP02CeqvD0?t=1169,19:29,
(Wasurerarenaino,Sakanaction),nMP02CeqvD0,https://youtu.be/nMP02CeqvD0?t=1169,19:29,
眠り姫,SEKAI NO OWARI,nMP02CeqvD0,https://youtu.be/nMP02CeqvD0?t=1464,24:24,
ドライフラワー,優里,nMP02CeqvD0,https://youtu.be/nMP02CeqvD0?t=1763,29:23,
(Dried Flower,Yuuri),nMP02CeqvD0,https://youtu.be/nMP02CeqvD0?t=1763,29:23,
Wherever you are,ONE OK ROCK,nMP02CeqvD0,https://youtu.be/nMP02CeqvD0?t=2191,36:31,
粉雪,レミオロメン,nMP02CeqvD0,https://youtu.be/nMP02CeqvD0?t=2504,41:44,
(Konayuki,Remioromen),nMP02CeqvD0,https://youtu.be/nMP02CeqvD0?t=2504,41:44,
晩餐歌,Tuki.,nMP02CeqvD0,https://youtu.be/nMP02CeqvD0?t=2848,47:28,
君の知らない物語,Supercell,nMP02CeqvD0,https://youtu.be/nMP02CeqvD0?t=3106,51:46,
美しい鰭,スピッツ,nMP02CeqvD0,https://youtu.be/nMP02CeqvD0?t=3511,58:31,
(Utsukushii Hire,Spitz),nMP02CeqvD0,https://youtu.be/nMP02CeqvD0?t=3511,58:31,
染まるよ,チャットモンチー,nMP02CeqvD0,https://youtu.be/nMP02CeqvD0?t=3754,1:02:34,
(Somaruyo,Chat Monkey),nMP02CeqvD0,https://youtu.be/nMP02CeqvD0?t=3754,1:02:34,
星間飛行,ランカ・リー,nMP02CeqvD0,https://youtu.be/nMP02CeqvD0?t=4003,1:06:43,
(Seikan Hikou,Ranka Lee),nMP02CeqvD0,https://youtu.be/nMP02CeqvD0?t=4003,1:06:43,
(Ito,Miyuki Nakajima),nMP02CeqvD0,https://youtu.be/nMP02CeqvD0?t=4302,1:11:42,
ハナミズキ,一青 窈,nMP02CeqvD0,https://youtu.be/nMP02CeqvD0?t=4525,1:15:25,
(Hanamizuki,Yo Hitoto),nMP02CeqvD0,https://youtu.be/nMP02CeqvD0?t=4525,1:15:25,
pinkie,BUMP OF CHICKEN,nMP02CeqvD0,https://youtu.be/nMP02CeqvD0?t=4854,1:20:54,
僕が死のうと思ったのは,Amazarashi,nMP02CeqvD0,https://youtu.be/nMP02CeqvD0?t=5154,1:25:54,
ワールド・ランプシェード,BuzzG (初披露),nMP02CeqvD0,https://youtu.be/nMP02CeqvD0?t=5569,1:32:49,
雨とカプチーノ,ヨルシカ,nMP02CeqvD0,https://youtu.be/nMP02CeqvD0?t=5899,1:38:19,
(Rain and Cappuccino,Yorushika),nMP02CeqvD0,https://youtu.be/nMP02CeqvD0?t=5899,1:38:19,
雨晴るる,ヨルシカ,nMP02CeqvD0,https://youtu.be/nMP02CeqvD0?t=6195,1:43:15,
(Ame Haruru,Yorushika),nMP02CeqvD0,https://youtu.be/nMP02CeqvD0?t=6195,1:43:15,
secret base ~君がくれたもの~,ZONE,nMP02CeqvD0,https://youtu.be/nMP02CeqvD0?t=6475,1:47:55,
裸の心,あいみょん,nMP02CeqvD0,https://youtu.be/nMP02CeqvD0?t=6818,1:53:38,
(Hadaka no Kokoro,Aimyon),nMP02CeqvD0,https://youtu.be/nMP02CeqvD0?t=6818,1:53:38,
マリーゴールド,あいみょん,nMP02CeqvD0,https://youtu.be/nMP02CeqvD0?t=7113,1:58:33,
(Mary Gold,Aimyon),nMP02CeqvD0,https://youtu.be/nMP02CeqvD0?t=7113,1:58:33,
君はロックを聴かない,あいみょん,nMP02CeqvD0,https://youtu.be/nMP02CeqvD0?t=7454,2:04:14,
(Kimi ha Rock wo Kikanai,Aimyon),nMP02CeqvD0,https://youtu.be/nMP02CeqvD0?t=7454,2:04:14,
靴の花火,ヨルシカ,MokfNvrXf4k,https://youtu.be/MokfNvrXf4k?t=343,5:43,
(Kutsu no Hanabi,Yorushika),MokfNvrXf4k,https://youtu.be/MokfNvrXf4k?t=343,5:43,
打上花火,DAOKO ×米津 玄師,MokfNvrXf4k,https://youtu.be/MokfNvrXf4k?t=718,11:58,
(Uchiage Hanabi,DAOKO × Kenshi Yonezu),MokfNvrXf4k,https://youtu.be/MokfNvrXf4k?t=718,11:58,
夜空ノムコウ,SMAP,MokfNvrXf4k,https://youtu.be/MokfNvrXf4k?t=1062,17:42,
ひまわりの約束,秦 基博,MokfNvrXf4k,https://youtu.be/MokfNvrXf4k?t=1382,23:02,
(Himawari no Yakusoku,Motohiro Hata),MokfNvrXf4k,https://youtu.be/MokfNvrXf4k?t=1382,23:02,
花に亡霊,ヨルシカ,MokfNvrXf4k,https://youtu.be/MokfNvrXf4k?t=1679,27:59,
(Hana ni Bourei,Yorushika),MokfNvrXf4k,https://youtu.be/MokfNvrXf4k?t=1679,27:59,
君がくれた夏,家入 レオ,MokfNvrXf4k,https://youtu.be/MokfNvrXf4k?t=1972,32:52,
(Kimi ga Kureta Natsu,Leo Ieiri),MokfNvrXf4k,https://youtu.be/MokfNvrXf4k?t=1972,32:52,
気まぐれロマンティック,いきものがかり,MokfNvrXf4k,https://youtu.be/MokfNvrXf4k?t=2326,38:46,
(Kimagure Romantic,Ikimonogakari),MokfNvrXf4k,https://youtu.be/MokfNvrXf4k?t=2326,38:46,
車輪の唄,BUMP OF CHICKEN,p7fml_AqBoA,https://youtu.be/p7fml_AqBoA?t=288,4:48,
チェリー,スピッツ,p7fml_AqBoA,https://youtu.be/p7fml_AqBoA?t=574,9:34,
(Cherry,Spitz),p7fml_AqBoA,https://youtu.be/p7fml_AqBoA?t=574,9:34,
夏色,ゆず,p7fml_AqBoA,https://youtu.be/p7fml_AqBoA?t=845,14:05,
(Natsuiro,Yuzu),p7fml_AqBoA,https://youtu.be/p7fml_AqBoA?t=845,14:05,
マリーゴールド,あいみょん,p7fml_AqBoA,https://youtu.be/p7fml_AqBoA?t=1046,17:26,
(Mary Gold,Aimyon),p7fml_AqBoA,https://youtu.be/p7fml_AqBoA?t=1046,17:26,
(Shiori,CreepHyp),p7fml_AqBoA,https://youtu.be/p7fml_AqBoA?t=1374,22:54,
丸の内サディスティック,椎名 林檎,p7fml_AqBoA,https://youtu.be/p7fml_AqBoA?t=1824,30:24,
(Marunouchi Sadistic,Ringo Sheena),p7fml_AqBoA,https://youtu.be/p7fml_AqBoA?t=1824,30:24,
高嶺の花子さん,back number,p7fml_AqBoA,https://youtu.be/p7fml_AqBoA?t=2041,34:01,
怪獣の花唄,Vaundy,p7fml_AqBoA,https://youtu.be/p7fml_AqBoA?t=2380,39:40,
ただ君に晴れ,ヨルシカ,p7fml_AqBoA,https://youtu.be/p7fml_AqBoA?t=2652,44:12,
(Tada Kimi ni Hare,Yorushika),p7fml_AqBoA,https://youtu.be/p7fml_AqBoA?t=2652,44:12,
天体観測,BUMP OF CHICKEN,p7fml_AqBoA,https://youtu.be/p7fml_AqBoA?t=2907,48:27,
God Knows…,涼宮 ハルヒ,p7fml_AqBoA,https://youtu.be/p7fml_AqBoA?t=3300,55:00,
開始 ✨(o🪄'▽')o🪄,,xTy--TUT5pU,https://youtu.be/xTy--TUT5pU?t=1,0:01,
あいうぉんとぅーびーはぴー！,,xTy--TUT5pU,https://youtu.be/xTy--TUT5pU?t=873,14:33,
アイロニー,,xTy--TUT5pU,https://youtu.be/xTy--TUT5pU?t=1093,18:13,
うつつ,,xTy--TUT5pU,https://youtu.be/xTy--TUT5pU?t=1385,23:05,
心の残響,,xTy--TUT5pU,https://youtu.be/xTy--TUT5pU?t=1910,31:50,
結晶（👈ｺｺｽｷ‼️）,,xTy--TUT5pU,https://youtu.be/xTy--TUT5pU?t=2294,38:14,
Break Through,,xTy--TUT5pU,https://youtu.be/xTy--TUT5pU?t=2779,46:19,
〜 ありがとうありがとうタイム🙏✨,,xTy--TUT5pU,https://youtu.be/xTy--TUT5pU?t=3003,50:03,
わたしの一番かわいいところ,FRUITS ZIPPER (初披露),Y9UuyIcQKQk,https://youtu.be/Y9UuyIcQKQk?t=455,7:35,
NEW KAWAII,FRUITS ZIPPER (初披露),Y9UuyIcQKQk,https://youtu.be/Y9UuyIcQKQk?t=820,13:40,
family name,ZOC (初披露),Y9UuyIcQKQk,https://youtu.be/Y9UuyIcQKQk?t=1182,19:42,
フライングゲット,AKB48 (初披露),Y9UuyIcQKQk,https://youtu.be/Y9UuyIcQKQk?t=1481,24:41,
ヘビーローテーション,AKB48 (初披露),Y9UuyIcQKQk,https://youtu.be/Y9UuyIcQKQk?t=1763,29:23,
ポニーテールとシュシュ,AKB48 (初披露),Y9UuyIcQKQk,https://youtu.be/Y9UuyIcQKQk?t=2128,35:28,
大声ダイヤモンド,AKB48 (初披露),Y9UuyIcQKQk,https://youtu.be/Y9UuyIcQKQk?t=2413,40:13,
最上級にかわいいの！,超ときめき♡宣伝部 (初披露),Y9UuyIcQKQk,https://youtu.be/Y9UuyIcQKQk?t=2933,48:53,
(Saijoukyu ni Kawaiino!,Chou Tokimeki ♡ Sendenbu),Y9UuyIcQKQk,https://youtu.be/Y9UuyIcQKQk?t=2933,48:53,
Make you happy,NiziU (初披露),Y9UuyIcQKQk,https://youtu.be/Y9UuyIcQKQk?t=3288,54:48,
プロミスザスター,BiSH,Y9UuyIcQKQk,https://youtu.be/Y9UuyIcQKQk?t=3589,59:49,
東京賛歌,,6mTAr79ArrI,https://youtu.be/6mTAr79ArrI?t=440,00:07:20,00:11:06
voyager,,6mTAr79ArrI,https://youtu.be/6mTAr79ArrI?t=838,00:13:58,00:15:18
レム,,6mTAr79ArrI,https://youtu.be/6mTAr79ArrI?t=1044,00:17:24,00:21:26
GO,,6mTAr79ArrI,https://youtu.be/6mTAr79ArrI?t=1422,00:23:42,00:29:35
花の名,,6mTAr79ArrI,https://youtu.be/6mTAr79ArrI?t=1891,00:31:31,00:37:19
アカシア,,6mTAr79ArrI,https://youtu.be/6mTAr79ArrI?t=2341,00:39:01,00:43:15
車輪の唄,,6mTAr79ArrI,https://youtu.be/6mTAr79ArrI?t=2665,00:44:25,00:48:42
embrace,,6mTAr79ArrI,https://youtu.be/6mTAr79ArrI?t=2993,00:49:53,00:55:23
グングニル,,6mTAr79ArrI,https://youtu.be/6mTAr79ArrI?t=3393,00:56:33,01:00:28
ゼロ,,6mTAr79ArrI,https://youtu.be/6mTAr79ArrI?t=3719,01:01:59,01:08:46
(please) forgive,,6mTAr79ArrI,https://youtu.be/6mTAr79ArrI?t=4219,01:10:19,01:15:05
パレード,,6mTAr79ArrI,https://youtu.be/6mTAr79ArrI?t=4609,01:16:49,01:20:44
グロリアスレボリューション,,6mTAr79ArrI,https://youtu.be/6mTAr79ArrI?t=5047,01:24:07,01:27:17
"Hello,world!!",,6mTAr79ArrI,https://youtu.be/6mTAr79ArrI?t=5479,01:31:19,01:35:29
記念撮影,,6mTAr79ArrI,https://youtu.be/6mTAr79ArrI?t=5780,01:36:20,01:40:55
arrows,,6mTAr79ArrI,https://youtu.be/6mTAr79ArrI?t=6111,01:41:51,01:48:04
white note,,6mTAr79ArrI,https://youtu.be/6mTAr79ArrI?t=6688,01:51:28,01:54:36
ギルド,,6mTAr79ArrI,https://youtu.be/6mTAr79ArrI?t=6968,01:56:08,02:01:53
銀河鉄道,,6mTAr79ArrI,https://youtu.be/6mTAr79ArrI?t=7404,02:03:24,02:09:58
ray,,6mTAr79ArrI,https://youtu.be/6mTAr79ArrI?t=8047,02:14:07,02:18:50
2/18 1st EP リリース⇒ 2/13 21時からクロスフェードを投稿、編曲家からのコメントもあり,,6mTAr79ArrI,https://youtu.be/6mTAr79ArrI?t=8557,02:22:37,
言い残したこと⇒ BUMP 30周年への思い,,6mTAr79ArrI,https://youtu.be/6mTAr79ArrI?t=9087,02:31:27,
アクリルキーホルダー デザイン公開,,bTLgf9izWLI,https://youtu.be/bTLgf9izWLI?t=1164,00:19:24,
おさらい,,bTLgf9izWLI,https://youtu.be/bTLgf9izWLI?t=1355,00:22:35,
告知タイム終了,,bTLgf9izWLI,https://youtu.be/bTLgf9izWLI?t=1754,00:29:14,
開始,,bTLgf9izWLI,https://youtu.be/bTLgf9izWLI?t=2003,00:33:23,
GO,,bTLgf9izWLI,https://youtu.be/bTLgf9izWLI?t=2074,00:34:34,00:39:45
天体観測,,bTLgf9izWLI,https://youtu.be/bTLgf9izWLI?t=2450,00:40:50,00:44:42
ray,,bTLgf9izWLI,https://youtu.be/bTLgf9izWLI?t=2720,00:45:20,00:49:46
宇宙飛行士への手紙,,bTLgf9izWLI,https://youtu.be/bTLgf9izWLI?t=3068,00:51:08,00:55:57
Ever lasting lie,,bTLgf9izWLI,https://youtu.be/bTLgf9izWLI?t=3417,00:56:57,01:03:08
記念撮影,,bTLgf9izWLI,https://youtu.be/bTLgf9izWLI?t=3841,01:04:01,01:08:47
pinkie,,bTLgf9izWLI,https://youtu.be/bTLgf9izWLI?t=4703,01:18:23,01:22:56
花の名,,bTLgf9izWLI,https://youtu.be/bTLgf9izWLI?t=5106,01:25:06,01:30:25
涙のふるさと,,bTLgf9izWLI,https://youtu.be/bTLgf9izWLI?t=5527,01:32:07,01:36:30
You were here,,bTLgf9izWLI,https://youtu.be/bTLgf9izWLI?t=5850,01:37:30,01:42:38
※ 日付変更直前にBUMPに動きあり。確認のため待機,,bTLgf9izWLI,https://youtu.be/bTLgf9izWLI?t=7044,01:57:24,
アンサー,,bTLgf9izWLI,https://youtu.be/bTLgf9izWLI?t=8305,02:18:25,02:22:59
※ 12. take1,,bTLgf9izWLI,https://youtu.be/bTLgf9izWLI?t=8603,02:23:23,
分別奮闘記,,bTLgf9izWLI,https://youtu.be/bTLgf9izWLI?t=8672,02:24:32,02:27:40
宝石になった日,,bTLgf9izWLI,https://youtu.be/bTLgf9izWLI?t=8960,02:29:20,02:33:56
虹を待つ人 (前口上あり),,bTLgf9izWLI,https://youtu.be/bTLgf9izWLI?t=9258,02:34:18,02:38:11
fire sign,,bTLgf9izWLI,https://youtu.be/bTLgf9izWLI?t=9562,02:39:22,02:43:49
リボン (前口上あり),,bTLgf9izWLI,https://youtu.be/bTLgf9izWLI?t=9919,02:45:19,02:50:05
en.01 ガラスのブルース,,bTLgf9izWLI,https://youtu.be/bTLgf9izWLI?t=10269,02:51:09,02:56:46
en.02 流星群,,bTLgf9izWLI,https://youtu.be/bTLgf9izWLI?t=10701,02:58:21,03:04:20
W-en.01 spica (ワンコーラス),,bTLgf9izWLI,https://youtu.be/bTLgf9izWLI?t=11267,03:07:47,03:09:23
1st EP トレイラーのお知らせ,,bTLgf9izWLI,https://youtu.be/bTLgf9izWLI?t=12718,03:31:58,
手紙 拝啓 十五の君へ ／アンジェラアキ,,O8yf9_l-Imc,https://youtu.be/O8yf9_l-Imc?t=1209,20:09,
欲望に満ちた青年団／ONE OK ROCK,,O8yf9_l-Imc,https://youtu.be/O8yf9_l-Imc?t=1590,26:30,
Wherever you are／ONE OK ROCK,,O8yf9_l-Imc,https://youtu.be/O8yf9_l-Imc?t=1864,31:04,
ノーザンクロス／シェリルノーム starring May'n,,O8yf9_l-Imc,https://youtu.be/O8yf9_l-Imc?t=2260,37:40,
Believe／Folder5,,O8yf9_l-Imc,https://youtu.be/O8yf9_l-Imc?t=2574,42:54,
さくらんぼ／大塚愛,,O8yf9_l-Imc,https://youtu.be/O8yf9_l-Imc?t=2844,47:24,
アイロニー／ミナミイズミ,,O8yf9_l-Imc,https://youtu.be/O8yf9_l-Imc?t=3165,52:45,
諦めることを諦めたい／ミナミイズミ(⭐初披露),,O8yf9_l-Imc,https://youtu.be/O8yf9_l-Imc?t=3552,59:12,
Flare,BUMP OF CHICKEN,EwczGARgoVc,https://youtu.be/EwczGARgoVc?t=693,00:11:33,00:16:36
(please) forgive,BUMP OF CHICKEN,EwczGARgoVc,https://youtu.be/EwczGARgoVc?t=1070,00:17:50,00:22:43
心做し,蝶々P,EwczGARgoVc,https://youtu.be/EwczGARgoVc?t=1449,00:24:09,00:28:43
裸の心,あいみょん,EwczGARgoVc,https://youtu.be/EwczGARgoVc?t=1782,00:29:42,00:34:33
まちがいさがし,菅田将暉,EwczGARgoVc,https://youtu.be/EwczGARgoVc?t=2141,00:35:41,00:40:02
ロビンソン,スピッツ,EwczGARgoVc,https://youtu.be/EwczGARgoVc?t=2475,00:41:15,00:45:11
※ハミング練習,,EwczGARgoVc,https://youtu.be/EwczGARgoVc?t=3300,00:55:00,
ワンルーム叙事詩,amazarashi,EwczGARgoVc,https://youtu.be/EwczGARgoVc?t=3333,00:55:33,01:00:31
(take1) 途中で配信停止トラブル⇒やり直し,,EwczGARgoVc,https://youtu.be/EwczGARgoVc?t=3702,01:01:42,01:02:45
(take2) 雪の華,中島美嘉,EwczGARgoVc,https://youtu.be/EwczGARgoVc?t=3851,01:04:11,01:08:58
結晶,ミナミイズミ,EwczGARgoVc,https://youtu.be/EwczGARgoVc?t=4220,01:10:20,01:14:30
新曲「ケチャップ」(ネタ),,lt2hQpuJEsg,https://youtu.be/lt2hQpuJEsg?t=1040,00:17:20,
ないものねだり,KANA-BOON,lt2hQpuJEsg,https://youtu.be/lt2hQpuJEsg?t=1164,00:19:24,00:23:14
又三郎,ヨルシカ,lt2hQpuJEsg,https://youtu.be/lt2hQpuJEsg?t=1450,00:24:10,00:28:00
曇天,DOES,lt2hQpuJEsg,https://youtu.be/lt2hQpuJEsg?t=1766,00:29:26,00:32:22
サムライハート,SPYAIR,lt2hQpuJEsg,https://youtu.be/lt2hQpuJEsg?t=1967,00:32:47,00:36:17
おしゃかしゃま,RADWIMPS,lt2hQpuJEsg,https://youtu.be/lt2hQpuJEsg?t=2261,00:37:41,00:41:06
空に歌えば,amazarashi,lt2hQpuJEsg,https://youtu.be/lt2hQpuJEsg?t=2896,00:48:16,00:52:24
花の塔,さユり,lt2hQpuJEsg,https://youtu.be/lt2hQpuJEsg?t=3188,00:53:08,00:57:27
ヘビーローテーション,AKB48,lt2hQpuJEsg,https://youtu.be/lt2hQpuJEsg?t=3493,00:58:13,01:02:55
フライングゲット,AKB48,lt2hQpuJEsg,https://youtu.be/lt2hQpuJEsg?t=3786,01:03:06,01:07:05
ぐるぐる,ミナミイズミ,lt2hQpuJEsg,https://youtu.be/lt2hQpuJEsg?t=4089,01:08:09,01:10:59
ライブはバンド編成、体調は万全に,,lt2hQpuJEsg,https://youtu.be/lt2hQpuJEsg?t=4879,01:21:19,
活動開始ごく初期の頃を懐かしむ,,lt2hQpuJEsg,https://youtu.be/lt2hQpuJEsg?t=5699,01:34:59,
カルマ,BUMP OF CHICKEN,SslH231V_3E,https://youtu.be/SslH231V_3E?t=706,00:11:46,00:15:03
めざせポケモンマスター,松本梨香,SslH231V_3E,https://youtu.be/SslH231V_3E?t=1575,00:26:15,00:30:15
光と影,ハナレグミ,SslH231V_3E,https://youtu.be/SslH231V_3E?t=1888,00:31:28,00:37:26
世界に一つだけの花,SMAP,SslH231V_3E,https://youtu.be/SslH231V_3E?t=2386,00:39:46,00:43:54
夜空ノムコウ,SMAP,SslH231V_3E,https://youtu.be/SslH231V_3E?t=2789,00:46:29,00:50:40
タッチ,岩崎良美,SslH231V_3E,https://youtu.be/SslH231V_3E?t=3095,00:51:35,00:54:30
unravel,TK from 凛として時雨,SslH231V_3E,https://youtu.be/SslH231V_3E?t=3343,00:55:43,00:59:43
おやすみ泣き声、さよなら歌姫,クリープハイプ,SslH231V_3E,https://youtu.be/SslH231V_3E?t=3705,01:01:45,01:05:32
火まつり,クリープハイプ,SslH231V_3E,https://youtu.be/SslH231V_3E?t=4095,01:08:15,01:10:37
エロ,クリープハイプ,SslH231V_3E,https://youtu.be/SslH231V_3E?t=4329,01:12:09,01:15:28
ABCDC,クリープハイプ,SslH231V_3E,https://youtu.be/SslH231V_3E?t=4576,01:16:16,01:19:46
手と手,クリープハイプ,SslH231V_3E,https://youtu.be/SslH231V_3E?t=4860,01:21:00,01:23:58
パンデミックサドンデス,UNISON SQUARE GARDEN,SslH231V_3E,https://youtu.be/SslH231V_3E?t=5736,01:35:36,01:39:45
"Mock,mock","ミナミイズミ, 朱名, メーメントヴァニタス",SslH231V_3E,https://youtu.be/SslH231V_3E?t=6120,01:42:00,01:44:46
3時間後にメン限雑談、今日でメンバーシップ開設1カ月、「わず、うぃる、なう」(なう以外死語),,SslH231V_3E,https://youtu.be/SslH231V_3E?t=6764,01:52:44,
01. 雨晴るる／ヨルシカ,,tv0iCYVhcbc,https://youtu.be/tv0iCYVhcbc?t=1290,0:21:30,
02. 雨とカプチーノ／ヨルシカ,,tv0iCYVhcbc,https://youtu.be/tv0iCYVhcbc?t=1554,0:25:54,
03. 晴る／ヨルシカ,,tv0iCYVhcbc,https://youtu.be/tv0iCYVhcbc?t=1905,0:31:45,
04. たばこ／コレサワ,,tv0iCYVhcbc,https://youtu.be/tv0iCYVhcbc?t=2275,0:37:55,
05. 美しい鰭／スピッツ,,tv0iCYVhcbc,https://youtu.be/tv0iCYVhcbc?t=2691,0:44:51,
06. みなと／スピッツ,,tv0iCYVhcbc,https://youtu.be/tv0iCYVhcbc?t=2939,0:48:59,
07. 青いベンチ／サスケ,,tv0iCYVhcbc,https://youtu.be/tv0iCYVhcbc?t=3249,0:54:09,
08. Flavor Of Life／宇多田ヒカル(⭐初披露),,tv0iCYVhcbc,https://youtu.be/tv0iCYVhcbc?t=3589,0:59:49,
09. First Love／宇多田ヒカル(⭐初披露),,tv0iCYVhcbc,https://youtu.be/tv0iCYVhcbc?t=3801,1:03:21,
10. 光／宇多田ヒカル(⭐初披露),,tv0iCYVhcbc,https://youtu.be/tv0iCYVhcbc?t=4123,1:08:43,
11. ひまわりの約束／秦基博,,tv0iCYVhcbc,https://youtu.be/tv0iCYVhcbc?t=4721,1:18:41,
12. 鱗／秦基博,,tv0iCYVhcbc,https://youtu.be/tv0iCYVhcbc?t=5050,1:24:10,
13. ハンマーソングと痛みの塔／BUMP OF CHICKEN,,tv0iCYVhcbc,https://youtu.be/tv0iCYVhcbc?t=5480,1:31:20,
14. I／BUMP OF CHICKEN,,tv0iCYVhcbc,https://youtu.be/tv0iCYVhcbc?t=5881,1:38:01,
15. ギルド／BUMP OF CHICKEN,,tv0iCYVhcbc,https://youtu.be/tv0iCYVhcbc?t=6641,1:50:41,
16. トレモロ／RADWIMPS,,tv0iCYVhcbc,https://youtu.be/tv0iCYVhcbc?t=7217,2:00:17,
17. 晩餐歌／tuki.,,tv0iCYVhcbc,https://youtu.be/tv0iCYVhcbc?t=7512,2:05:12,
18. ちよこれいと／さユり(⭐初披露),,tv0iCYVhcbc,https://youtu.be/tv0iCYVhcbc?t=8009,2:13:29,
19. チョコレイトディスコ／Perfume,,tv0iCYVhcbc,https://youtu.be/tv0iCYVhcbc?t=8229,2:17:09,
20. 弱虫モンブラン／DECO*27,,tv0iCYVhcbc,https://youtu.be/tv0iCYVhcbc?t=8639,2:23:59,
21. トリノコシティ／40mP,,tv0iCYVhcbc,https://youtu.be/tv0iCYVhcbc?t=8996,2:29:56,
22. ドーナツホール／ハチ,,tv0iCYVhcbc,https://youtu.be/tv0iCYVhcbc?t=9336,2:35:36,
23. ぐるぐる／ミナミイズミ,,tv0iCYVhcbc,https://youtu.be/tv0iCYVhcbc?t=9818,2:43:38,
大声ダイヤモンド,AKB48 (途中トラブルあり),F4fhxy5cWag,https://youtu.be/F4fhxy5cWag?t=447,00:07:27,00:12:38
God knows...,涼宮ハルヒ(平野綾),F4fhxy5cWag,https://youtu.be/F4fhxy5cWag?t=1086,00:18:06,00:22:27
千本桜,黒うさP,F4fhxy5cWag,https://youtu.be/F4fhxy5cWag?t=1408,00:23:28,00:26:51
花の塔,さユり,F4fhxy5cWag,https://youtu.be/F4fhxy5cWag?t=1656,00:27:36,00:32:14
ミカヅキ,さユり,F4fhxy5cWag,https://youtu.be/F4fhxy5cWag?t=1969,00:32:49,00:37:19
航海の唄,さユり,F4fhxy5cWag,https://youtu.be/F4fhxy5cWag?t=2294,00:38:14,00:42:56
平行線,さユり,F4fhxy5cWag,https://youtu.be/F4fhxy5cWag?t=2602,00:43:22,00:48:32
ハナミズキ,一青窈,F4fhxy5cWag,https://youtu.be/F4fhxy5cWag?t=2958,00:49:18,00:54:39
天体観測,BUMP OF CHICKEN,F4fhxy5cWag,https://youtu.be/F4fhxy5cWag?t=3310,00:55:10,00:59:07
タイミングよく6万人達成した話、明日レコーディングがある、明日22時に宴する！(苺を用意),,F4fhxy5cWag,https://youtu.be/F4fhxy5cWag?t=3868,01:04:28,
お礼タイム準備,,F4fhxy5cWag,https://youtu.be/F4fhxy5cWag?t=4167,01:09:27,
スパチャお礼タイム,,F4fhxy5cWag,https://youtu.be/F4fhxy5cWag?t=4210,01:10:10,
お礼タイム終了,,F4fhxy5cWag,https://youtu.be/F4fhxy5cWag?t=4551,01:15:51,
セルフアンコール宣言(最後にオリ曲歌う),,F4fhxy5cWag,https://youtu.be/F4fhxy5cWag?t=4644,01:17:24,
ぐるぐる,ミナミイズミ,F4fhxy5cWag,https://youtu.be/F4fhxy5cWag?t=4699,01:18:19,01:21:28
リスナーにお礼,,F4fhxy5cWag,https://youtu.be/F4fhxy5cWag?t=5099,01:24:59,
チワワになりたい,ミナミイズミ,n2C2nCVlgOc,https://youtu.be/n2C2nCVlgOc?t=655,00:10:55,00:14:50
良かった,ミナミイズミ,n2C2nCVlgOc,https://youtu.be/n2C2nCVlgOc?t=1091,00:18:11,00:23:21
ゼロに戻して,ミナミイズミ,n2C2nCVlgOc,https://youtu.be/n2C2nCVlgOc?t=1777,00:29:37,00:30:49
青色の幻,ミナミイズミ,n2C2nCVlgOc,https://youtu.be/n2C2nCVlgOc?t=2213,00:36:53,00:39:02
幻に酔っ払って,ミナミイズミ,n2C2nCVlgOc,https://youtu.be/n2C2nCVlgOc?t=2455,00:40:55,00:43:57
ちいさな革命,ミナミイズミ,n2C2nCVlgOc,https://youtu.be/n2C2nCVlgOc?t=2898,00:48:18,00:52:34
Break through,ミナミイズミ,n2C2nCVlgOc,https://youtu.be/n2C2nCVlgOc?t=3950,01:05:50,01:09:32
結晶,ミナミイズミ,n2C2nCVlgOc,https://youtu.be/n2C2nCVlgOc?t=4220,01:10:20,01:13:49
いい感じに健やかに過ごしたい話,,n2C2nCVlgOc,https://youtu.be/n2C2nCVlgOc?t=4696,01:18:16,
終幕,,n2C2nCVlgOc,https://youtu.be/n2C2nCVlgOc?t=5307,01:28:27,
やさしさに包まれたなら,松任谷由実 (初披露),t8PexGHReAs,https://youtu.be/t8PexGHReAs?t=476,00:07:56,00:11:11
へび,ヨルシカ (弾き語り初披露),t8PexGHReAs,https://youtu.be/t8PexGHReAs?t=1087,00:18:07,00:22:40
やさしいキスをして,DREAMS COME TRUE (初披露),t8PexGHReAs,https://youtu.be/t8PexGHReAs?t=1405,00:23:25,00:26:59
ひとりごと,BUMP OF CHICKEN,t8PexGHReAs,https://youtu.be/t8PexGHReAs?t=2194,00:36:34,00:40:29
Small world,BUMP OF CHICKEN,t8PexGHReAs,https://youtu.be/t8PexGHReAs?t=2559,00:42:39,00:47:34
Flare,BUMP OF CHICKEN,t8PexGHReAs,https://youtu.be/t8PexGHReAs?t=3034,00:50:34,00:55:16
プレゼント,BUMP OF CHICKEN,t8PexGHReAs,https://youtu.be/t8PexGHReAs?t=3623,01:00:23,01:04:58
憂、燦々,クリープハイプ,t8PexGHReAs,https://youtu.be/t8PexGHReAs?t=4171,01:09:31,01:13:29
だから僕は音楽を辞めた,ヨルシカ,t8PexGHReAs,https://youtu.be/t8PexGHReAs?t=4555,01:15:55,01:20:06
strawberry,BUMP OF CHICKEN,t8PexGHReAs,https://youtu.be/t8PexGHReAs?t=4950,01:22:30,01:27:55
変わらないもの,奥華子,t8PexGHReAs,https://youtu.be/t8PexGHReAs?t=5502,01:31:42,01:36:13
水平線,back number,t8PexGHReAs,https://youtu.be/t8PexGHReAs?t=6222,01:43:42,01:47:35
波に名前をつけること、僕らの呼吸に終わりがあること。,キタニタツヤ,t8PexGHReAs,https://youtu.be/t8PexGHReAs?t=6559,01:49:19,01:53:42
栄光の架橋,ゆず,t8PexGHReAs,https://youtu.be/t8PexGHReAs?t=6924,01:55:24,02:01:01
あくび(かわいい),,t8PexGHReAs,https://youtu.be/t8PexGHReAs?t=7623,02:07:03,
新しいことをしたい波が来ている,,NtNwoc44qMU,https://youtu.be/NtNwoc44qMU?t=481,08:01,
ゼロ,BUMP OF CHICKEN,NtNwoc44qMU,https://youtu.be/NtNwoc44qMU?t=963,00:16:03,00:22:49
最後の雨,中西保志,NtNwoc44qMU,https://youtu.be/NtNwoc44qMU?t=1492,00:24:52,00:29:19
なんでもないや,RADWIMPS,NtNwoc44qMU,https://youtu.be/NtNwoc44qMU?t=1824,00:30:24,00:36:24
オッドアイ,さユり,NtNwoc44qMU,https://youtu.be/NtNwoc44qMU?t=2221,00:37:01,00:41:48
晩餐歌,tuki.,NtNwoc44qMU,https://youtu.be/NtNwoc44qMU?t=2574,00:42:54,00:46:38
夜行,ヨルシカ,NtNwoc44qMU,https://youtu.be/NtNwoc44qMU?t=2839,00:47:19,00:50:51
だから僕は音楽を辞めた,ヨルシカ,NtNwoc44qMU,https://youtu.be/NtNwoc44qMU?t=3135,00:52:15,00:56:39
ホリデイ,BUMP OF CHICKEN,NtNwoc44qMU,https://youtu.be/NtNwoc44qMU?t=3541,00:59:01,01:02:35
風に流離い,amazarashi,NtNwoc44qMU,https://youtu.be/NtNwoc44qMU?t=3811,01:03:31,01:07:40
性善説,amazarashi,NtNwoc44qMU,https://youtu.be/NtNwoc44qMU?t=4080,01:08:00,01:13:36
くせのうた,星野源,NtNwoc44qMU,https://youtu.be/NtNwoc44qMU?t=4535,01:15:35,01:20:06
くだらないの中に,星野源,NtNwoc44qMU,https://youtu.be/NtNwoc44qMU?t=4838,01:20:38,01:24:57
丸の内サディスティック,椎名林檎,NtNwoc44qMU,https://youtu.be/NtNwoc44qMU?t=5136,01:25:36,01:28:51
この夜を止めてよ,JUJU,NtNwoc44qMU,https://youtu.be/NtNwoc44qMU?t=5369,01:29:29,01:34:11
ミカヅキ,さユり,NtNwoc44qMU,https://youtu.be/NtNwoc44qMU?t=5748,01:35:48,01:40:24
雨とカプチーノ,ヨルシカ,NtNwoc44qMU,https://youtu.be/NtNwoc44qMU?t=6114,01:41:54,01:46:07
1/28発売のVtuberスタイル2月号に🚥特集＆単独インタビュー、1/27 EP続報あり配信,,NtNwoc44qMU,https://youtu.be/NtNwoc44qMU?t=7830,02:10:30,
Calc.,ジミーサムP,afgOTM1XsmM,https://youtu.be/afgOTM1XsmM?t=789,00:13:09,00:16:37
夜明けと蛍,n-buna,afgOTM1XsmM,https://youtu.be/afgOTM1XsmM?t=1052,00:17:32,00:22:32
裸の心,あいみょん,afgOTM1XsmM,https://youtu.be/afgOTM1XsmM?t=2111,00:35:11,00:39:36
春泥棒,ヨルシカ,afgOTM1XsmM,https://youtu.be/afgOTM1XsmM?t=2481,00:41:21,00:46:20
ワンルーム叙事詩,amazarashi,afgOTM1XsmM,https://youtu.be/afgOTM1XsmM?t=4347,01:12:27,01:17:27
季節は次々死んでいく,amazarashi,afgOTM1XsmM,https://youtu.be/afgOTM1XsmM?t=4725,01:18:45,01:24:12
Aurora,BUMP OF CHICKEN,afgOTM1XsmM,https://youtu.be/afgOTM1XsmM?t=5196,01:26:36,01:31:12
本日のお知らせまとめ、 (鳴き声),,afgOTM1XsmM,https://youtu.be/afgOTM1XsmM?t=5698,01:34:58,
01. 水平線／back number,,v_mQaHDQ4zU,https://youtu.be/v_mQaHDQ4zU?t=271,04:31,
02. 幸せ／back number,,v_mQaHDQ4zU,https://youtu.be/v_mQaHDQ4zU?t=569,09:29,
03. いつか／Saucy Dog,,v_mQaHDQ4zU,https://youtu.be/v_mQaHDQ4zU?t=1043,17:23,
04. 怪獣／サカナクション,,v_mQaHDQ4zU,https://youtu.be/v_mQaHDQ4zU?t=1401,23:21,
05. 境界線／amazarashi,,v_mQaHDQ4zU,https://youtu.be/v_mQaHDQ4zU?t=1828,30:28,
06. 花の名／BUMP OF CHICKEN,,v_mQaHDQ4zU,https://youtu.be/v_mQaHDQ4zU?t=2333,38:53,
アンパンマンのマーチ,ドリーミング,YoVlidf5thM,https://youtu.be/YoVlidf5thM?t=440,00:07:20,00:10:14
ノーザンクロス,シェリルノーム starring May'n,YoVlidf5thM,https://youtu.be/YoVlidf5thM?t=786,00:13:06,00:17:06
FLY HIGH!!,BURNOUT SYNDROMES,YoVlidf5thM,https://youtu.be/YoVlidf5thM?t=1160,00:19:20,00:23:00
サムライハート,SPYAIR,YoVlidf5thM,https://youtu.be/YoVlidf5thM?t=1510,00:25:10,00:28:33
季節は次々死んでいく,amazarashi,YoVlidf5thM,https://youtu.be/YoVlidf5thM?t=2114,00:35:14,00:40:32
空に歌えば,amazarashi,YoVlidf5thM,https://youtu.be/YoVlidf5thM?t=2498,00:41:38,00:46:01
unravel,TK from 凛として時雨,YoVlidf5thM,https://youtu.be/YoVlidf5thM?t=2855,00:47:35,00:51:39
ふわふわ時間,放課後ティータイム,YoVlidf5thM,https://youtu.be/YoVlidf5thM?t=3284,00:54:44,00:58:02
sailing day,BUMP OF CHICKEN,YoVlidf5thM,https://youtu.be/YoVlidf5thM?t=3597,00:59:57,01:03:40
ウィーアー！,きただにひろし,YoVlidf5thM,https://youtu.be/YoVlidf5thM?t=3854,01:04:14,01:07:33
めざせポケモンマスター,松本梨香,YoVlidf5thM,https://youtu.be/YoVlidf5thM?t=4100,01:08:20,01:12:27
残酷な天使のテーゼ,高橋洋子,YoVlidf5thM,https://youtu.be/YoVlidf5thM?t=4396,01:13:16,01:17:09
ブルーバード,いきものがかり,YoVlidf5thM,https://youtu.be/YoVlidf5thM?t=4658,01:17:38,01:21:10
瞬間センチメンタル,SCANDAL,YoVlidf5thM,https://youtu.be/YoVlidf5thM?t=4905,01:21:45,01:25:17
紅蓮華,LiSA,YoVlidf5thM,https://youtu.be/YoVlidf5thM?t=5158,01:25:58,01:30:01
Catch the Moment,LiSA,YoVlidf5thM,https://youtu.be/YoVlidf5thM?t=5431,01:30:31,01:35:14
ANIMA,ReoNa,YoVlidf5thM,https://youtu.be/YoVlidf5thM?t=5831,01:37:11,01:41:43
創聖のアクエリオン,AKINO,YoVlidf5thM,https://youtu.be/YoVlidf5thM?t=6141,01:42:21,01:46:45
君の知らない物語,supercell,YoVlidf5thM,https://youtu.be/YoVlidf5thM?t=6495,01:48:15,01:53:57
ミカヅキ,さユり,YoVlidf5thM,https://youtu.be/YoVlidf5thM?t=6922,01:55:22,01:59:49
平行線,さユり,YoVlidf5thM,https://youtu.be/YoVlidf5thM?t=7280,02:01:20,02:06:35
daze,じん,YoVlidf5thM,https://youtu.be/YoVlidf5thM?t=7895,02:11:35,02:15:28
オリオンをなぞる,UNISON SQUARE GARDEN,YoVlidf5thM,https://youtu.be/YoVlidf5thM?t=8158,02:15:58,02:20:10
シュガーソングとビターステップ,UNISON SQUARE GARDEN,YoVlidf5thM,https://youtu.be/YoVlidf5thM?t=8422,02:20:22,02:24:11
晴る,ヨルシカ,YoVlidf5thM,https://youtu.be/YoVlidf5thM?t=8990,02:29:50,02:34:36
ムーンライト伝説,DALI,YoVlidf5thM,https://youtu.be/YoVlidf5thM?t=9338,02:35:38,02:38:27
secret base 〜君がくれたもの〜,ZONE,YoVlidf5thM,https://youtu.be/YoVlidf5thM?t=9561,02:39:21,02:44:24
弾き語りすごいって褒めてくれて嬉しかった,,YoVlidf5thM,https://youtu.be/YoVlidf5thM?t=10010,02:46:50,
1st EP 2/18にリリース,,YoVlidf5thM,https://youtu.be/YoVlidf5thM?t=10123,02:48:43,
1stライブ二次抽選受付中,,YoVlidf5thM,https://youtu.be/YoVlidf5thM?t=10230,02:50:30,
パブミラー購入時の配送の注意事項,,YoVlidf5thM,https://youtu.be/YoVlidf5thM?t=10848,03:00:48,
01. からくりピエロ／40mP,,0ML9ZgUZGos,https://youtu.be/0ML9ZgUZGos?t=510,0:08:30,
02. シリョクケンサ／40mP,,0ML9ZgUZGos,https://youtu.be/0ML9ZgUZGos?t=897,0:14:57,
03. ドライフラワー／優里,,0ML9ZgUZGos,https://youtu.be/0ML9ZgUZGos?t=1527,0:25:27,
04. 車輪の唄／BUMP OF CHICKEN,,0ML9ZgUZGos,https://youtu.be/0ML9ZgUZGos?t=1883,0:31:23,
05. 青の朔日／BUMP OF CHICKEN,,0ML9ZgUZGos,https://youtu.be/0ML9ZgUZGos?t=2236,0:37:16,
06. I／BUMP OF CHICKEN,,0ML9ZgUZGos,https://youtu.be/0ML9ZgUZGos?t=2693,0:44:53,
07. 美しい鰭／スピッツ,,0ML9ZgUZGos,https://youtu.be/0ML9ZgUZGos?t=3059,0:50:59,
08. チェリー／スピッツ,,0ML9ZgUZGos,https://youtu.be/0ML9ZgUZGos?t=3260,0:54:20,
09. CHE.R.RY／YUI,,0ML9ZgUZGos,https://youtu.be/0ML9ZgUZGos?t=3941,1:05:41,
10. again／YUI,,0ML9ZgUZGos,https://youtu.be/0ML9ZgUZGos?t=4147,1:09:07,
11. キセキ／GReeeeN,,0ML9ZgUZGos,https://youtu.be/0ML9ZgUZGos?t=4652,1:17:32,
12. 星間飛行／ランカリー＝中島愛,,0ML9ZgUZGos,https://youtu.be/0ML9ZgUZGos?t=5027,1:23:47,
13. 晴る／ヨルシカ,,0ML9ZgUZGos,https://youtu.be/0ML9ZgUZGos?t=5480,1:31:20,
14. 負けないで／ZARD,,0ML9ZgUZGos,https://youtu.be/0ML9ZgUZGos?t=5780,1:36:20,
みなと,スピッツ,A8Z3cWJPTSM,https://youtu.be/A8Z3cWJPTSM?t=1284,00:21:24,00:25:19
雨とカプチーノ,ヨルシカ,A8Z3cWJPTSM,https://youtu.be/A8Z3cWJPTSM?t=1744,00:29:04,00:33:23
盗作,ヨルシカ,A8Z3cWJPTSM,https://youtu.be/A8Z3cWJPTSM?t=2074,00:34:34,00:38:40
ワールドランプシェード,BuzzG,A8Z3cWJPTSM,https://youtu.be/A8Z3cWJPTSM?t=3188,00:53:08,00:57:39
ハナミズキ,一青窈,A8Z3cWJPTSM,https://youtu.be/A8Z3cWJPTSM?t=3834,01:03:54,01:09:04
Take1 -,,A8Z3cWJPTSM,https://youtu.be/A8Z3cWJPTSM?t=4207,01:10:07,01:10:35
Take2 - 忘れられないの,サカナクション,A8Z3cWJPTSM,https://youtu.be/A8Z3cWJPTSM?t=4270,01:11:10,01:14:49
さよならはエモーション,サカナクション,A8Z3cWJPTSM,https://youtu.be/A8Z3cWJPTSM?t=4509,01:15:09,01:18:55
怪獣,サカナクション,A8Z3cWJPTSM,https://youtu.be/A8Z3cWJPTSM?t=4772,01:19:32,01:23:47
またねがあれば,澤田空海理,A8Z3cWJPTSM,https://youtu.be/A8Z3cWJPTSM?t=5315,01:28:35,01:34:15
有心論,RADWIMPS,A8Z3cWJPTSM,https://youtu.be/A8Z3cWJPTSM?t=5693,01:34:53,01:39:12
embrace,BUMP OF CHICKEN,A8Z3cWJPTSM,https://youtu.be/A8Z3cWJPTSM?t=6330,01:45:30,01:51:14
話がしたいよ,BUMP OF CHICKEN,A8Z3cWJPTSM,https://youtu.be/A8Z3cWJPTSM?t=6748,01:52:28,01:56:39
プレゼント,BUMP OF CHICKEN,A8Z3cWJPTSM,https://youtu.be/A8Z3cWJPTSM?t=7136,01:58:56,02:03:26
GO,BUMP OF CHICKEN,A8Z3cWJPTSM,https://youtu.be/A8Z3cWJPTSM?t=8029,02:13:49,02:19:07
弾き語りはいいね、明日20時にボカロ弾き語り、明後日夕方ショート録音,,A8Z3cWJPTSM,https://youtu.be/A8Z3cWJPTSM?t=8361,02:19:21,
BUMPライブDVD買って視聴したコメント⇒ BUMP語り開始,,A8Z3cWJPTSM,https://youtu.be/A8Z3cWJPTSM?t=8506,02:21:46,
一旦沈静化、,,A8Z3cWJPTSM,https://youtu.be/A8Z3cWJPTSM?t=8830,02:27:10,
再活性化、ホームシック衛星のメーデーのラスサビ前がやばい、,,A8Z3cWJPTSM,https://youtu.be/A8Z3cWJPTSM?t=8897,02:28:17,
沈静化、まとめ「BUMPのライブはいいぞ」,,A8Z3cWJPTSM,https://youtu.be/A8Z3cWJPTSM?t=9094,02:31:34,
BUMP語り終了、自分の宣伝,,A8Z3cWJPTSM,https://youtu.be/A8Z3cWJPTSM?t=9247,02:34:07,
来週は新情報いっぱい,,A8Z3cWJPTSM,https://youtu.be/A8Z3cWJPTSM?t=9607,02:40:07,
曲フリ、54600人達成,,Ir33Gsytwew,https://youtu.be/Ir33Gsytwew?t=1350,00:22:30,
#01. 虹,ゆず (ワンコーラス),Ir33Gsytwew,https://youtu.be/Ir33Gsytwew?t=1603,00:26:43,00:28:38
#02. パブリック,Mrs. GREEN APPLE,Ir33Gsytwew,https://youtu.be/Ir33Gsytwew?t=1895,00:31:35,00:35:14
#03. CORE PRIDE,UVERworld (Bメロからワンコーラス),Ir33Gsytwew,https://youtu.be/Ir33Gsytwew?t=2378,00:39:38,00:40:40
#04. more than words,羊文学 (ワンコーラス),Ir33Gsytwew,https://youtu.be/Ir33Gsytwew?t=2547,00:42:27,00:44:08
#05. 恋の前,FINLANDS,Ir33Gsytwew,https://youtu.be/Ir33Gsytwew?t=2939,00:48:59,00:52:26
#06. My Landscape,BiSH,Ir33Gsytwew,https://youtu.be/Ir33Gsytwew?t=3820,01:03:40,01:09:11
#07. stereo future,BiSH,Ir33Gsytwew,https://youtu.be/Ir33Gsytwew?t=4235,01:10:35,01:14:45
#08. 世界の秘密,さユり,Ir33Gsytwew,https://youtu.be/Ir33Gsytwew?t=4701,01:18:21,01:23:54
次曲説明,,Ir33Gsytwew,https://youtu.be/Ir33Gsytwew?t=5095,01:24:55,
#09. 蜂と見世物(サーカス),さユり,Ir33Gsytwew,https://youtu.be/Ir33Gsytwew?t=5135,01:25:35,01:29:07
#10. さよならごっこ,amazarashi,Ir33Gsytwew,https://youtu.be/Ir33Gsytwew?t=5424,01:30:24,01:34:36
#11. A Thousand Miles,Vanessa Carlton,Ir33Gsytwew,https://youtu.be/Ir33Gsytwew?t=5906,01:38:26,01:42:36
明日108曲配信のふわっとしたタイムテーブル出す,,Ir33Gsytwew,https://youtu.be/Ir33Gsytwew?t=6608,01:50:08,
ー 糸,中島みゆき,J0xBbheNHrk,https://youtu.be/J0xBbheNHrk?t=905,00:15:05,00:18:39
聴いてくれてる人ありがとう、大掃除してる？、 洗濯洗い物は好き、掃除料理は苦手⇒自分でやらなあかん⇒それが人間生活(略して人生)、今日洗い物溜まってる、 やる気スイッチ入った時に行動できれば花丸、クリスマス終わってから寒くなった、 やる気スイッチ、君のはどこにあるんだろう〜(スクールIE CM),,J0xBbheNHrk,https://youtu.be/J0xBbheNHrk?t=1305,00:21:45,00:24:10
－ 弱虫モンブラン,DECO*27,J0xBbheNHrk,https://youtu.be/J0xBbheNHrk?t=1596,00:26:36,00:31:05
－ アイネクライネ,米津玄師,J0xBbheNHrk,https://youtu.be/J0xBbheNHrk?t=2278,00:37:58,00:42:50
ー 楓,スピッツ,J0xBbheNHrk,https://youtu.be/J0xBbheNHrk?t=3105,00:51:45,00:57:06
ー チェリー,スピッツ,J0xBbheNHrk,https://youtu.be/J0xBbheNHrk?t=3483,00:58:03,01:02:25
－ 丸の内サディスティック,椎名林檎,J0xBbheNHrk,https://youtu.be/J0xBbheNHrk?t=3803,01:03:23,01:06:28
－ 雨とカプチーノ,ヨルシカ,J0xBbheNHrk,https://youtu.be/J0xBbheNHrk?t=4037,01:07:17,01:11:41
ー ただ君に晴れ,ヨルシカ,J0xBbheNHrk,https://youtu.be/J0xBbheNHrk?t=4358,01:12:38,01:16:07
－ 火星人,ヨルシカ,J0xBbheNHrk,https://youtu.be/J0xBbheNHrk?t=4664,01:17:44,01:21:50
54300人達成、伸びがすごい、みんなのおかげ、古参マウントはダメ,,J0xBbheNHrk,https://youtu.be/J0xBbheNHrk?t=4982,01:23:02,
ー レプリカント,ヨルシカ,J0xBbheNHrk,https://youtu.be/J0xBbheNHrk?t=5055,01:24:15,01:28:02
－ 思想犯,ヨルシカ,J0xBbheNHrk,https://youtu.be/J0xBbheNHrk?t=5338,01:28:58,01:32:51
ー 八月、某、月明かり,ヨルシカ,J0xBbheNHrk,https://youtu.be/J0xBbheNHrk?t=5635,01:33:55,01:38:41
ー 夕凪、某、花惑い,ヨルシカ,J0xBbheNHrk,https://youtu.be/J0xBbheNHrk?t=5977,01:39:37,01:43:18
ー unrabel,TK from 凛として時雨,J0xBbheNHrk,https://youtu.be/J0xBbheNHrk?t=6720,01:52:00,01:56:15
－ 季節は次々死んでいく,amazarashi,J0xBbheNHrk,https://youtu.be/J0xBbheNHrk?t=7147,01:59:07,02:04:22
ー スターライト,amazarashi (前口上あり),J0xBbheNHrk,https://youtu.be/J0xBbheNHrk?t=8020,02:13:40,02:18:26
－ 境界線,amazarashi,J0xBbheNHrk,https://youtu.be/J0xBbheNHrk?t=8401,02:20:01,02:24:52
ー 空に歌えば,amazarashi,J0xBbheNHrk,https://youtu.be/J0xBbheNHrk?t=8944,02:29:04,02:32:55
昨日親知らず抜歯したけど痛みを感じない(素直な親知らず)、 歯抜けボイスサンプル、そろそろしっとりしとく,,J0xBbheNHrk,https://youtu.be/J0xBbheNHrk?t=9261,02:34:21,
ー ハナミズキ,一青窈,J0xBbheNHrk,https://youtu.be/J0xBbheNHrk?t=9401,02:36:41,02:41:54
しっとりした曲を歌うとセルフ睡眠導入してしまう、「しみじみしっとりシジミ」,,J0xBbheNHrk,https://youtu.be/J0xBbheNHrk?t=9759,02:42:39,
－ 最後の雨,中西保志,J0xBbheNHrk,https://youtu.be/J0xBbheNHrk?t=9826,02:43:46,02:48:22
ー トレモロ,RADWIMPS,J0xBbheNHrk,https://youtu.be/J0xBbheNHrk?t=10217,02:50:17,02:53:47
22曲歌った,,J0xBbheNHrk,https://youtu.be/J0xBbheNHrk?t=10446,02:54:06,
洗い物して寝る,,J0xBbheNHrk,https://youtu.be/J0xBbheNHrk?t=10912,03:01:52,
寒いので防音室の暖房点けた、風邪に注意、指がかじかんでいる⇒ 久しぶりにウォーミングアップウォーミングアップ終了、縦オンリーが新しい人と出会いやすい、 曲フリ,,itlKtLU_QDo,https://youtu.be/itlKtLU_QDo?t=629,10:29,18:07
天体観測,BUMP OF CHICKEN,itlKtLU_QDo,https://youtu.be/itlKtLU_QDo?t=1362,00:22:42,00:27:00
アカシア,BUMP OF CHICKEN,itlKtLU_QDo,https://youtu.be/itlKtLU_QDo?t=1747,00:29:07,00:33:25
かさぶたぶたぶ,BUMP OF CHICKEN,itlKtLU_QDo,https://youtu.be/itlKtLU_QDo?t=2492,00:41:32,00:45:34
春泥棒,ヨルシカ,itlKtLU_QDo,https://youtu.be/itlKtLU_QDo?t=2819,00:46:59,00:52:11
風を食む,ヨルシカ,itlKtLU_QDo,https://youtu.be/itlKtLU_QDo?t=3279,00:54:39,00:58:45
晴る,ヨルシカ,itlKtLU_QDo,https://youtu.be/itlKtLU_QDo?t=3574,00:59:34,01:04:30
ヒッチコック,ヨルシカ,itlKtLU_QDo,https://youtu.be/itlKtLU_QDo?t=4001,01:06:41,01:10:55
昼鳶,ヨルシカ,itlKtLU_QDo,https://youtu.be/itlKtLU_QDo?t=4345,01:12:25,01:14:46
Lemon,米津玄師,itlKtLU_QDo,https://youtu.be/itlKtLU_QDo?t=4582,01:16:22,01:20:47
Ex1 - JANE DOE,"米津玄師, 宇多田ヒカル (サビだけ)",itlKtLU_QDo,https://youtu.be/itlKtLU_QDo?t=4911,01:21:51,01:23:06
Ex2 - IRIS OUT,米津玄師 (サビだけ),itlKtLU_QDo,https://youtu.be/itlKtLU_QDo?t=5040,01:24:00,01:24:24
me me she,RADWIMPS,itlKtLU_QDo,https://youtu.be/itlKtLU_QDo?t=5120,01:25:20,01:30:00
有心論,RADWIMPS,itlKtLU_QDo,https://youtu.be/itlKtLU_QDo?t=5480,01:31:20,01:36:32
水平線,back number,itlKtLU_QDo,https://youtu.be/itlKtLU_QDo?t=6033,01:40:33,01:44:35
Ex3 - はいよろこんで,こっちのけんと (サビだけ),itlKtLU_QDo,https://youtu.be/itlKtLU_QDo?t=6398,01:46:38,01:47:32
ロミオとシンデレラ,Doriko,itlKtLU_QDo,https://youtu.be/itlKtLU_QDo?t=6538,01:48:58,01:53:55
ロストワンの号哭,Neru,itlKtLU_QDo,https://youtu.be/itlKtLU_QDo?t=6871,01:54:31,01:57:36
からくりピエロ,40mP,itlKtLU_QDo,https://youtu.be/itlKtLU_QDo?t=7133,01:58:53,02:02:41
トリノコシティ,40mP,itlKtLU_QDo,https://youtu.be/itlKtLU_QDo?t=7440,02:04:00,02:06:59
サマータイムレコード,じん,itlKtLU_QDo,https://youtu.be/itlKtLU_QDo?t=7864,02:11:04,02:15:14
わたしの一番かわいいところ,FRUITS ZIPPER,itlKtLU_QDo,https://youtu.be/itlKtLU_QDo?t=8385,02:19:45,02:23:56
残酷な天使のテーゼ,高橋洋子,itlKtLU_QDo,https://youtu.be/itlKtLU_QDo?t=8805,02:26:45,02:30:37
弾き語りするの好き、 曲フリ( I の替え歌),,itlKtLU_QDo,https://youtu.be/itlKtLU_QDo?t=9192,02:33:12,
車輪の唄,BUMP OF CHICKEN (take2),itlKtLU_QDo,https://youtu.be/itlKtLU_QDo?t=9898,02:44:58,02:49:30
話がしたいよ,BUMP OF CHICKEN,itlKtLU_QDo,https://youtu.be/itlKtLU_QDo?t=10400,02:53:20,02:57:25
ray,BUMP OF CHICKEN,itlKtLU_QDo,https://youtu.be/itlKtLU_QDo?t=10714,02:58:34,03:03:11
結晶,ミナミイズミ,itlKtLU_QDo,https://youtu.be/itlKtLU_QDo?t=11426,03:10:26,03:14:38
オープニング(メリクリ)、クリスマスらしいもの食べた？(焼肉食べたい)、明日歯医者で親知らず抜歯する、 チューナーの電池喪失(予備機あり)、 曲フリ,,Je4g-9y-mmM,https://youtu.be/Je4g-9y-mmM?t=809,00:13:29,00:15:22
#1 赤鼻のトナカイ (童謡),,Je4g-9y-mmM,https://youtu.be/Je4g-9y-mmM?t=1020,00:17:00,00:18:42
#2 あわてんぼうのサンタクロース (童謡),,Je4g-9y-mmM,https://youtu.be/Je4g-9y-mmM?t=1167,00:19:27,00:22:34
#3 ジングルベル (童謡),,Je4g-9y-mmM,https://youtu.be/Je4g-9y-mmM?t=1453,00:24:13,00:25:46
#4 レットイットゴー ありのままで,松たか子,Je4g-9y-mmM,https://youtu.be/Je4g-9y-mmM?t=1704,00:28:24,00:31:56
#5 Winter Love,BoA,Je4g-9y-mmM,https://youtu.be/Je4g-9y-mmM?t=2049,00:34:09,00:39:32
#6 雪の華,中島美嘉,Je4g-9y-mmM,https://youtu.be/Je4g-9y-mmM?t=2471,00:41:11,00:46:06
#7 粉雪,レミオロメン,Je4g-9y-mmM,https://youtu.be/Je4g-9y-mmM?t=3934,01:05:34,01:11:31
#8 クリスマスソング,back number,Je4g-9y-mmM,https://youtu.be/Je4g-9y-mmM?t=4368,01:12:48,01:18:24
#9 ヒロイン,back number,Je4g-9y-mmM,https://youtu.be/Je4g-9y-mmM?t=4799,01:19:59,01:24:40
#10 subtitle,Official髭男dism,Je4g-9y-mmM,https://youtu.be/Je4g-9y-mmM?t=5121,01:25:21,01:30:48
#11 スノースマイル,BUMP OF CHICKEN,Je4g-9y-mmM,https://youtu.be/Je4g-9y-mmM?t=5596,01:33:16,01:38:44
#12 Merry Christmas,BUMP OF CHICKEN,Je4g-9y-mmM,https://youtu.be/Je4g-9y-mmM?t=5959,01:39:19,01:44:46
#13 白日,King Gnu,Je4g-9y-mmM,https://youtu.be/Je4g-9y-mmM?t=6732,01:52:12,01:57:05
#14 天体観測,BUMP OF CHICKEN,Je4g-9y-mmM,https://youtu.be/Je4g-9y-mmM?t=7115,01:58:35,02:02:27
14曲歌った,,Je4g-9y-mmM,https://youtu.be/Je4g-9y-mmM?t=7366,02:02:46,
もうすぐハーフアニバーサリー、新人じゃなくなる、そのうち後輩ができたりして,,Je4g-9y-mmM,https://youtu.be/Je4g-9y-mmM?t=8265,02:17:45,
お礼、いろいろ入用、 メンバーシップ匂わせ,,Je4g-9y-mmM,https://youtu.be/Je4g-9y-mmM?t=8579,02:22:59,02:26:57
水平線,back number,IVNhwAwh0i4,https://youtu.be/IVNhwAwh0i4?t=221,3:41,
ドライフラワー,優里,IVNhwAwh0i4,https://youtu.be/IVNhwAwh0i4?t=556,9:16,
ひまわりの約束,秦基博,IVNhwAwh0i4,https://youtu.be/IVNhwAwh0i4?t=996,16:36,
チェリー,スピッツ,IVNhwAwh0i4,https://youtu.be/IVNhwAwh0i4?t=1570,26:10,
ロビンソン,スピッツ,IVNhwAwh0i4,https://youtu.be/IVNhwAwh0i4?t=1888,31:28,
なないろ,BUMP OF CHICKEN,IVNhwAwh0i4,https://youtu.be/IVNhwAwh0i4?t=2315,38:35,
丸の内サディスティック,椎名林檎,IVNhwAwh0i4,https://youtu.be/IVNhwAwh0i4?t=2830,47:10,
マリーゴールド,あいみょん,IVNhwAwh0i4,https://youtu.be/IVNhwAwh0i4?t=3045,50:45,
ヘビーローテション,AKB48,IVNhwAwh0i4,https://youtu.be/IVNhwAwh0i4?t=3869,1:04:29,
フライングゲット,AKB48,IVNhwAwh0i4,https://youtu.be/IVNhwAwh0i4?t=4183,1:09:43,
高嶺の花子さん,back number,IVNhwAwh0i4,https://youtu.be/IVNhwAwh0i4?t=4624,1:17:04,
わたがし,back number,IVNhwAwh0i4,https://youtu.be/IVNhwAwh0i4?t=4949,1:22:29,
スーパースターになったら,back number,IVNhwAwh0i4,https://youtu.be/IVNhwAwh0i4?t=5286,1:28:06,
怪獣の花唄,Vaundy,IVNhwAwh0i4,https://youtu.be/IVNhwAwh0i4?t=5669,1:34:29,
晴る,ヨルシカ,IVNhwAwh0i4,https://youtu.be/IVNhwAwh0i4?t=5930,1:38:50,
ただ君に晴れ,ヨルシカ,IVNhwAwh0i4,https://youtu.be/IVNhwAwh0i4?t=6249,1:44:09,
花に亡霊,ヨルシカ,IVNhwAwh0i4,https://youtu.be/IVNhwAwh0i4?t=6794,1:53:14,
ヒッチコック,ヨルシカ,IVNhwAwh0i4,https://youtu.be/IVNhwAwh0i4?t=7076,1:57:56,
怪獣,サカナクション,IVNhwAwh0i4,https://youtu.be/IVNhwAwh0i4?t=7350,2:02:30,
アイデンティティ,サカナクション,IVNhwAwh0i4,https://youtu.be/IVNhwAwh0i4?t=7634,2:07:14,
からくりピエロ,40mP,IVNhwAwh0i4,https://youtu.be/IVNhwAwh0i4?t=7999,2:13:19,
弱虫モンブラン,DECO*27,IVNhwAwh0i4,https://youtu.be/IVNhwAwh0i4?t=8340,2:19:00,
モザイクロール,DECO*27,IVNhwAwh0i4,https://youtu.be/IVNhwAwh0i4?t=8677,2:24:37,
ドーナツホール,ハチ,IVNhwAwh0i4,https://youtu.be/IVNhwAwh0i4?t=8977,2:29:37,
残酷な天使のテーゼ,高橋洋子,IVNhwAwh0i4,https://youtu.be/IVNhwAwh0i4?t=9341,2:35:41,
ぐるぐる,ミナミイズミ,IVNhwAwh0i4,https://youtu.be/IVNhwAwh0i4?t=9636,2:40:36,
オープニング、今日は気ままに歌う、早速1曲目、#1(Take1) - (BGMオンのPON)⇒キオクケシテ(1分半巻き戻して),,MRA6zr4T_x4,https://youtu.be/MRA6zr4T_x4?t=562,00:09:22,00:10:29
(Take2) - I,BUMP OF CHICKEN,MRA6zr4T_x4,https://youtu.be/MRA6zr4T_x4?t=687,00:11:27,00:16:04
魔法の料理 君から君へ,BUMP OF CHICKEN,MRA6zr4T_x4,https://youtu.be/MRA6zr4T_x4?t=1832,00:30:32,00:36:20
粉雪,レミオロメン,MRA6zr4T_x4,https://youtu.be/MRA6zr4T_x4?t=3503,00:58:23,01:03:57
サウダージ,ポルノグラフィティ,MRA6zr4T_x4,https://youtu.be/MRA6zr4T_x4?t=3916,01:05:16,01:09:20
フィロソフィー,amazarashi,MRA6zr4T_x4,https://youtu.be/MRA6zr4T_x4?t=4327,01:12:07,01:16:44
曲フリ,,MRA6zr4T_x4,https://youtu.be/MRA6zr4T_x4?t=4722,01:18:42,
とどめを刺して,amazarashi,MRA6zr4T_x4,https://youtu.be/MRA6zr4T_x4?t=4750,01:19:10,01:23:42
BUMPカバーの視聴を躊躇う、 今の気分は真ん中、 マインドセット、 メンタルを安定させたい、,,MRA6zr4T_x4,https://youtu.be/MRA6zr4T_x4?t=5732,01:35:32,01:36:32
涙のふるさと,BUMP OF CHICKEN,MRA6zr4T_x4,https://youtu.be/MRA6zr4T_x4?t=6625,01:50:25,01:55:12
スノースマイル,BUMP OF CHICKEN (ライブアレンジver),MRA6zr4T_x4,https://youtu.be/MRA6zr4T_x4?t=6947,01:55:47,02:00:56
特別な事は日記に記す(5年日記)、日記見返し、 曲フリ(無理矢理伏線回収),,MRA6zr4T_x4,https://youtu.be/MRA6zr4T_x4?t=7820,02:10:20,02:20:10
美しい鰭,スピッツ,MRA6zr4T_x4,https://youtu.be/MRA6zr4T_x4?t=8530,02:22:10,02:25:19
天体観測,BUMP OF CHICKEN,MRA6zr4T_x4,https://youtu.be/MRA6zr4T_x4?t=9845,02:44:05,02:48:19
Break through,ミナミイズミ,MRA6zr4T_x4,https://youtu.be/MRA6zr4T_x4?t=10250,02:50:50,02:54:49
オープニング、部屋の片付けした、ギタースタンドが壊れた、 朱名登場,,W0A_MtLfExg,https://youtu.be/W0A_MtLfExg?t=693,11:33,
#1 シルエット,KANA-BOON,W0A_MtLfExg,https://youtu.be/W0A_MtLfExg?t=718,11:58,16:04
#2 残酷な天使のテーゼ,高橋洋子,W0A_MtLfExg,https://youtu.be/W0A_MtLfExg?t=1304,21:44,26:00
#3 ミカヅキ,さユり,W0A_MtLfExg,https://youtu.be/W0A_MtLfExg?t=1685,28:05,32:32
#4 花の塔,さユり,W0A_MtLfExg,https://youtu.be/W0A_MtLfExg?t=1990,33:10,37:41
#5 平行線,さユり,W0A_MtLfExg,https://youtu.be/W0A_MtLfExg?t=2334,38:54,44:18
#6 航海の唄,さユり,W0A_MtLfExg,https://youtu.be/W0A_MtLfExg?t=2711,45:11,49:39
#7 空に歌えば,amazarashi,W0A_MtLfExg,https://youtu.be/W0A_MtLfExg?t=3070,51:10,55:21
#8 unravel,TK from 凛として時雨,W0A_MtLfExg,https://youtu.be/W0A_MtLfExg?t=3567,59:27,1:03:45
#9 God knows...,涼宮ハルヒ(平野綾),W0A_MtLfExg,https://youtu.be/W0A_MtLfExg?t=3857,1:04:17,1:08:16
#10 曇天,DOES,W0A_MtLfExg,https://youtu.be/W0A_MtLfExg?t=4142,1:09:02,1:11:56
#11 サムライハート,SPYAIR,W0A_MtLfExg,https://youtu.be/W0A_MtLfExg?t=4342,1:12:22,1:15:53
アンケート,,W0A_MtLfExg,https://youtu.be/W0A_MtLfExg?t=5399,1:29:59,
#12 シュガーソングとビターステップ,UNISON SQUARE GARDEN,W0A_MtLfExg,https://youtu.be/W0A_MtLfExg?t=6025,1:40:25,1:44:19
#13 オリオンをなぞる,UNISON SQUARE GARDEN,W0A_MtLfExg,https://youtu.be/W0A_MtLfExg?t=6278,1:44:38,1:48:46
セルフアンコールはよくあること,,W0A_MtLfExg,https://youtu.be/W0A_MtLfExg?t=6538,1:48:58,
睡眠導入弾き語りの効果(リスナー談)、明日はアーカイブ見て,,W0A_MtLfExg,https://youtu.be/W0A_MtLfExg?t=6770,1:52:50,
#1 アカシア,BUMP OF CHICKEN,kdlENxZZ3zw,https://youtu.be/kdlENxZZ3zw?t=942,15:42,19:46
#2 Gravity,BUMP OF CHICKEN,kdlENxZZ3zw,https://youtu.be/kdlENxZZ3zw?t=1495,24:55,30:10
#3 又三郎,ヨルシカ,kdlENxZZ3zw,https://youtu.be/kdlENxZZ3zw?t=2066,34:26,38:26
#5 空に歌えば,amazarashi,kdlENxZZ3zw,https://youtu.be/kdlENxZZ3zw?t=2708,45:08,49:40
#7 ブルーバード,いきものがかり,kdlENxZZ3zw,https://youtu.be/kdlENxZZ3zw?t=3533,58:53,1:02:30
#8 コイスルオトメ,いきものがかり,kdlENxZZ3zw,https://youtu.be/kdlENxZZ3zw?t=3780,1:03:00,1:08:13
#9 怪獣,サカナクション,kdlENxZZ3zw,https://youtu.be/kdlENxZZ3zw?t=4148,1:09:08,1:13:29
#10 さよならはエモーション,サカナクション,kdlENxZZ3zw,https://youtu.be/kdlENxZZ3zw?t=4456,1:14:16,1:18:46
#11 花の塔,さユり,kdlENxZZ3zw,https://youtu.be/kdlENxZZ3zw?t=4826,1:20:26,1:25:16
#12 フラレガイガール,さユり,kdlENxZZ3zw,https://youtu.be/kdlENxZZ3zw?t=5192,1:26:32,1:32:59
「弾き語りってずっと弾いてるな」、 #13 Take1 (キー違う),,kdlENxZZ3zw,https://youtu.be/kdlENxZZ3zw?t=5691,1:34:51,
#13 有心論,RADWIMPS,kdlENxZZ3zw,https://youtu.be/kdlENxZZ3zw?t=5713,1:35:13,1:39:15
#14 me me she,RADWIMPS,kdlENxZZ3zw,https://youtu.be/kdlENxZZ3zw?t=6023,1:40:23,1:45:18
#15 高嶺の花子さん,back number,kdlENxZZ3zw,https://youtu.be/kdlENxZZ3zw?t=6390,1:46:30,1:51:09
#16 幸せ,back number,kdlENxZZ3zw,https://youtu.be/kdlENxZZ3zw?t=6766,1:52:46,1:59:48
#17 紅蓮華,LiSA,kdlENxZZ3zw,https://youtu.be/kdlENxZZ3zw?t=7246,2:00:46,2:05:05
#18 炎,LiSA,kdlENxZZ3zw,https://youtu.be/kdlENxZZ3zw?t=7569,2:06:09,2:10:41
#19 FIRE GROUND,Official髭男dism,kdlENxZZ3zw,https://youtu.be/kdlENxZZ3zw?t=7936,2:12:16,2:15:56
#20 subtitle,Official髭男dism,kdlENxZZ3zw,https://youtu.be/kdlENxZZ3zw?t=8208,2:16:48,2:22:29
#21 シュガーソングとビターステップ,UNISON SQUARE GARDEN,kdlENxZZ3zw,https://youtu.be/kdlENxZZ3zw?t=8611,2:23:31,2:27:15
#22 夏影テールライト,UNISON SQUARE GARDEN,kdlENxZZ3zw,https://youtu.be/kdlENxZZ3zw?t=8973,2:29:33,2:34:07
#23 心に穴が空いた,ヨルシカ,kdlENxZZ3zw,https://youtu.be/kdlENxZZ3zw?t=9386,2:36:26,2:40:44
#24 花に亡霊,ヨルシカ,kdlENxZZ3zw,https://youtu.be/kdlENxZZ3zw?t=9677,2:41:17,2:45:49
#25 天体観測,BUMP OF CHICKEN,kdlENxZZ3zw,https://youtu.be/kdlENxZZ3zw?t=10022,2:47:02,2:51:07
#26 花の名,BUMP OF CHICKEN,kdlENxZZ3zw,https://youtu.be/kdlENxZZ3zw?t=10401,2:53:21,2:59:02
#27 悲しくならないか,ミナミイズミ (原曲Ver),kdlENxZZ3zw,https://youtu.be/kdlENxZZ3zw?t=11040,3:04:00,3:08:24
#28 結晶,ミナミイズミ,kdlENxZZ3zw,https://youtu.be/kdlENxZZ3zw?t=11528,3:12:08,3:15:54
自画自賛、幸せの永久機関を築きたい、アイス食べたい、 選曲中⇒ 曲思い出し中⇒3 4年前に作った曲名が無い曲をワンコーラスだけ初披露,,kdlENxZZ3zw,https://youtu.be/kdlENxZZ3zw?t=11898,3:18:18,3:20:16
#29 (※曲名なし),ミナミイズミ (ワンコーラス),kdlENxZZ3zw,https://youtu.be/kdlENxZZ3zw?t=12149,3:22:29,3:24:43
最後の曲フリ,,kdlENxZZ3zw,https://youtu.be/kdlENxZZ3zw?t=12468,3:27:48,
#30 Break through,ミナミイズミ,kdlENxZZ3zw,https://youtu.be/kdlENxZZ3zw?t=12484,3:28:04,3:31:47
30曲歌った,,kdlENxZZ3zw,https://youtu.be/kdlENxZZ3zw?t=12712,3:31:52,
