performance_id,song_id,video_id,start_seconds,end_seconds,published_at
perf_0001,song_0001,NhGrb8nfxm8,808,1065,2025-12-27T14:47:25Z
perf_0002,song_0002,NhGrb8nfxm8,1087,1337,2025-12-27T14:47:25Z
perf_0003,song_0003,NhGrb8nfxm8,1347,1608,2025-12-27T14:47:25Z
perf_0004,song_0004,NhGrb8nfxm8,1625,1961,2025-12-27T14:47:25Z
perf_0005,song_0005,NhGrb8nfxm8,1976,2293,2025-12-27T14:47:25Z
perf_0006,song_0006,NhGrb8nfxm8,2717,2974,2025-12-27T14:47:25Z
perf_0007,song_0007,NhGrb8nfxm8,3040,3291,2025-12-27T14:47:25Z
perf_0008,song_0008,NhGrb8nfxm8,3334,3630,2025-12-27T14:47:25Z
perf_0009,song_0009,2t1agIpQuWM,1486,1721,2025-12-10T17:07:13Z
perf_0010,song_0010,2t1agIpQuWM,1778,2073,2025-12-10T17:07:13Z
perf_0011,song_0011,2t1agIpQuWM,2178,2444,2025-12-10T17:07:13Z
perf_0012,song_0012,2t1agIpQuWM,2485,2750,2025-12-10T17:07:13Z
perf_0013,song_0013,2t1agIpQuWM,2854,3161,2025-12-10T17:07:13Z
perf_0014,song_0014,2t1agIpQuWM,3416,3720,2025-12-10T17:07:13Z
perf_0015,song_0005,2t1agIpQuWM,3812,4133,2025-12-10T17:07:13Z
perf_0016,song_0015,2t1agIpQuWM,4254,4638,2025-12-10T17:07:13Z
perf_0017,song_0016,2t1agIpQuWM,4750,5060,2025-12-10T17:07:13Z
perf_0018,song_0017,2t1agIpQuWM,5113,5400,2025-12-10T17:07:13Z
perf_0019,song_0003,2t1agIpQuWM,5820,6116,2025-12-10T17:07:13Z
perf_0020,song_0001,2t1agIpQuWM,6148,6379,2025-12-10T17:07:13Z
perf_0021,song_0018,2t1agIpQuWM,6448,6761,2025-12-10T17:07:13Z
perf_0022,song_0019,2t1agIpQuWM,6819,7076,2025-12-10T17:07:13Z
perf_0023,song_0008,2t1agIpQuWM,7251,7543,2025-12-10T17:07:13Z
perf_0024,song_0020,2t1agIpQuWM,7650,8081,2025-12-10T17:07:13Z
perf_0025,song_0021,2t1agIpQuWM,8419,8739,2025-12-10T17:07:13Z
perf_0026,song_0022,2t1agIpQuWM,8873,9213,2025-12-10T17:07:13Z
perf_0027,song_0023,2t1agIpQuWM,9292,9607,2025-12-10T17:07:13Z
perf_0028,song_0024,oPnoS1kgUjM,773,1240,2025-11-14T17:10:20Z
perf_0029,song_0025,oPnoS1kgUjM,1240,1509,2025-11-14T17:10:20Z
perf_0030,song_0026,oPnoS1kgUjM,1509,1834,2025-11-14T17:10:20Z
perf_0031,song_0027,oPnoS1kgUjM,1834,2180,2025-11-14T17:10:20Z
perf_0032,song_0028,oPnoS1kgUjM,2180,2600,2025-11-14T17:10:20Z
perf_0033,song_0029,oPnoS1kgUjM,2600,2868,2025-11-14T17:10:20Z
perf_0034,song_0030,oPnoS1kgUjM,2868,2918,2025-11-14T17:10:20Z
perf_0035,song_0031,oPnoS1kgUjM,2918,3234,2025-11-14T17:10:20Z
perf_0036,song_0032,oPnoS1kgUjM,3234,3604,2025-11-14T17:10:20Z
perf_0037,song_0033,oPnoS1kgUjM,3604,4014,2025-11-14T17:10:20Z
perf_0038,song_0034,oPnoS1kgUjM,4014,4350,2025-11-14T17:10:20Z
perf_0039,song_0035,oPnoS1kgUjM,4350,4789,2025-11-14T17:10:20Z
perf_0040,song_0036,oPnoS1kgUjM,4789,5547,2025-11-14T17:10:20Z
perf_0041,song_0037,oPnoS1kgUjM,5547,5823,2025-11-14T17:10:20Z
perf_0042,song_0038,oPnoS1kgUjM,5823,6248,2025-11-14T17:10:20Z
perf_0043,song_0039,oPnoS1kgUjM,6248,6625,2025-11-14T17:10:20Z
perf_0044,song_0040,oPnoS1kgUjM,6625,6998,2025-11-14T17:10:20Z
perf_0045,song_0041,oPnoS1kgUjM,6998,7626,2025-11-14T17:10:20Z
perf_0046,song_0042,oPnoS1kgUjM,7626,7905,2025-11-14T17:10:20Z
perf_0047,song_0043,oPnoS1kgUjM,7905,8265,2025-11-14T17:10:20Z
perf_0048,song_0044,oPnoS1kgUjM,8265,8575,2025-11-14T17:10:20Z
perf_0049,song_0045,oPnoS1kgUjM,8575,8866,2025-11-14T17:10:20Z
perf_0050,song_0046,oPnoS1kgUjM,8866,9142,2025-11-14T17:10:20Z
perf_0051,song_0047,oPnoS1kgUjM,9142,9442,2025-11-14T17:10:20Z
perf_0052,song_0048,pnxeFZFreFU,1115,1570,2025-09-28T14:48:21Z
perf_0053,song_0049,pnxeFZFreFU,1570,1787,2025-09-28T14:48:21Z
perf_0054,song_0050,pnxeFZFreFU,1787,2128,2025-09-28T14:48:21Z
perf_0055,song_0051,pnxeFZFreFU,2128,2446,2025-09-28T14:48:21Z
perf_0056,song_0052,pnxeFZFreFU,2446,2786,2025-09-28T14:48:21Z
perf_0057,song_0053,pnxeFZFreFU,2786,3136,2025-09-28T14:48:21Z
perf_0058,song_0054,pnxeFZFreFU,3136,3428,2025-09-28T14:48:21Z
perf_0059,song_0055,pnxeFZFreFU,3428,3725,2025-09-28T14:48:21Z
perf_0060,song_0056,pnxeFZFreFU,3725,4343,2025-09-28T14:48:21Z
perf_0061,song_0057,pnxeFZFreFU,4343,4643,2025-09-28T14:48:21Z
perf_0062,song_0058,zmo2hLXfBNU,6529,9734,2025-09-25T17:25:32Z
perf_0063,song_0059,zmo2hLXfBNU,9734,10621,2025-09-25T17:25:32Z
perf_0064,song_0060,zmo2hLXfBNU,10621,10814,2025-09-25T17:25:32Z
perf_0065,song_0061,zmo2hLXfBNU,10814,11098,2025-09-25T17:25:32Z
perf_0066,song_0062,zmo2hLXfBNU,11098,11280,2025-09-25T17:25:32Z
perf_0067,song_0063,zmo2hLXfBNU,11280,11580,2025-09-25T17:25:32Z
perf_0068,song_0064,ISFNqCgF9X8,885,1225,2025-09-20T17:00:29Z
perf_0069,song_0007,ISFNqCgF9X8,1225,1533,2025-09-20T17:00:29Z
perf_0070,song_0065,ISFNqCgF9X8,1533,1886,2025-09-20T17:00:29Z
perf_0071,song_0066,ISFNqCgF9X8,1886,2155,2025-09-20T17:00:29Z
perf_0072,song_0067,ISFNqCgF9X8,2155,2524,2025-09-20T17:00:29Z
perf_0073,song_0068,ISFNqCgF9X8,2524,2822,2025-09-20T17:00:29Z
perf_0074,song_0006,ISFNqCgF9X8,2822,3142,2025-09-20T17:00:29Z
perf_0075,song_0069,ISFNqCgF9X8,3142,3413,2025-09-20T17:00:29Z
perf_0076,song_0070,ISFNqCgF9X8,3413,3734,2025-09-20T17:00:29Z
perf_0077,song_0016,ISFNqCgF9X8,3734,4139,2025-09-20T17:00:29Z
perf_0078,song_0071,ISFNqCgF9X8,4139,4526,2025-09-20T17:00:29Z
perf_0079,song_0072,ISFNqCgF9X8,4526,4875,2025-09-20T17:00:29Z
perf_0080,song_0073,ISFNqCgF9X8,4875,5303,2025-09-20T17:00:29Z
perf_0081,song_0074,ISFNqCgF9X8,5303,5669,2025-09-20T17:00:29Z
perf_0082,song_0001,ISFNqCgF9X8,5669,5981,2025-09-20T17:00:29Z
perf_0083,song_0011,ISFNqCgF9X8,5981,6308,2025-09-20T17:00:29Z
perf_0084,song_0075,ISFNqCgF9X8,6308,6705,2025-09-20T17:00:29Z
perf_0085,song_0076,ISFNqCgF9X8,6705,7005,2025-09-20T17:00:29Z
perf_0086,song_0077,qKisy4gc13A,975,1250,2025-09-14T15:26:02Z
perf_0087,song_0078,qKisy4gc13A,1250,1773,2025-09-14T15:26:02Z
perf_0088,song_0079,qKisy4gc13A,1773,2007,2025-09-14T15:26:02Z
perf_0089,song_0080,qKisy4gc13A,2007,2216,2025-09-14T15:26:02Z
perf_0090,song_0081,qKisy4gc13A,2216,2547,2025-09-14T15:26:02Z
perf_0091,song_0082,qKisy4gc13A,2547,2865,2025-09-14T15:26:02Z
perf_0092,song_0083,qKisy4gc13A,2865,3218,2025-09-14T15:26:02Z
perf_0093,song_0084,qKisy4gc13A,3218,3545,2025-09-14T15:26:02Z
perf_0094,song_0085,qKisy4gc13A,3545,3944,2025-09-14T15:26:02Z
perf_0095,song_0086,qKisy4gc13A,3944,4173,2025-09-14T15:26:02Z
perf_0096,song_0087,qKisy4gc13A,4173,4545,2025-09-14T15:26:02Z
perf_0097,song_0088,qKisy4gc13A,4545,4875,2025-09-14T15:26:02Z
perf_0098,song_0089,qKisy4gc13A,4875,5700,2025-09-14T15:26:02Z
perf_0099,song_0091,qKisy4gc13A,5700,6713,2025-09-14T15:26:02Z
perf_0100,song_0090,qKisy4gc13A,6713,7013,2025-09-14T15:26:02Z
perf_0101,song_0092,qIM8iww9zQQ,1240,1549,2025-09-01T16:43:25Z
perf_0102,song_0093,qIM8iww9zQQ,1549,1788,2025-09-01T16:43:25Z
perf_0103,song_0094,qIM8iww9zQQ,1788,2083,2025-09-01T16:43:25Z
perf_0104,song_0095,qIM8iww9zQQ,2083,2317,2025-09-01T16:43:25Z
perf_0105,song_0096,qIM8iww9zQQ,2317,2560,2025-09-01T16:43:25Z
perf_0106,song_0097,qIM8iww9zQQ,2560,2946,2025-09-01T16:43:25Z
perf_0107,song_0098,qIM8iww9zQQ,2946,3175,2025-09-01T16:43:25Z
perf_0108,song_0099,qIM8iww9zQQ,3175,3375,2025-09-01T16:43:25Z
perf_0109,song_0100,qIM8iww9zQQ,3375,3642,2025-09-01T16:43:25Z
perf_0110,song_0101,qIM8iww9zQQ,3642,3968,2025-09-01T16:43:25Z
perf_0111,song_0102,qIM8iww9zQQ,3968,4235,2025-09-01T16:43:25Z
perf_0112,song_0103,qIM8iww9zQQ,4235,4523,2025-09-01T16:43:25Z
perf_0113,song_0104,qIM8iww9zQQ,4523,4828,2025-09-01T16:43:25Z
perf_0114,song_0105,qIM8iww9zQQ,4828,5055,2025-09-01T16:43:25Z
perf_0115,song_0106,qIM8iww9zQQ,5055,5388,2025-09-01T16:43:25Z
perf_0116,song_0107,qIM8iww9zQQ,5388,5978,2025-09-01T16:43:25Z
perf_0117,song_0108,qIM8iww9zQQ,5978,6366,2025-09-01T16:43:25Z
perf_0118,song_0109,qIM8iww9zQQ,6366,6632,2025-09-01T16:43:25Z
perf_0119,song_0110,qIM8iww9zQQ,6632,7035,2025-09-01T16:43:25Z
perf_0120,song_0111,qIM8iww9zQQ,7035,7277,2025-09-01T16:43:25Z
perf_0121,song_0112,qIM8iww9zQQ,7277,7503,2025-09-01T16:43:25Z
perf_0122,song_0113,qIM8iww9zQQ,7503,7784,2025-09-01T16:43:25Z
perf_0123,song_0114,qIM8iww9zQQ,7784,8049,2025-09-01T16:43:25Z
perf_0124,song_0115,qIM8iww9zQQ,8049,8305,2025-09-01T16:43:25Z
perf_0125,song_0116,qIM8iww9zQQ,8305,8556,2025-09-01T16:43:25Z
perf_0126,song_0117,qIM8iww9zQQ,8556,9115,2025-09-01T16:43:25Z
perf_0127,song_0118,qIM8iww9zQQ,9115,9359,2025-09-01T16:43:25Z
perf_0128,song_0119,qIM8iww9zQQ,9359,9618,2025-09-01T16:43:25Z
perf_0129,song_0120,qIM8iww9zQQ,9618,9918,2025-09-01T16:43:25Z
perf_0130,song_0121,2DyAXgJtpJM,1368,1621,2025-08-24T16:56:21Z
perf_0131,song_0122,2DyAXgJtpJM,1652,1883,2025-08-24T16:56:21Z
perf_0132,song_0123,2DyAXgJtpJM,2701,3015,2025-08-24T16:56:21Z
perf_0133,song_0124,2DyAXgJtpJM,3150,3344,2025-08-24T16:56:21Z
perf_0134,song_0125,2DyAXgJtpJM,3351,3538,2025-08-24T16:56:21Z
perf_0135,song_0126,2DyAXgJtpJM,3545,3798,2025-08-24T16:56:21Z
perf_0136,song_0127,2DyAXgJtpJM,3805,4010,2025-08-24T16:56:21Z
perf_0137,song_0128,2DyAXgJtpJM,4526,4778,2025-08-24T16:56:21Z
perf_0138,song_0129,2DyAXgJtpJM,4783,5063,2025-08-24T16:56:21Z
perf_0139,song_0130,2DyAXgJtpJM,5072,5348,2025-08-24T16:56:21Z
perf_0140,song_0131,2DyAXgJtpJM,5376,5615,2025-08-24T16:56:21Z
perf_0141,song_0132,2DyAXgJtpJM,5650,5836,2025-08-24T16:56:21Z
perf_0142,song_0133,BRYJKfmxHvY,723,809,2025-08-03T11:31:02Z
perf_0143,song_0016,BRYJKfmxHvY,843,1118,2025-08-03T11:31:02Z
perf_0144,song_0134,BRYJKfmxHvY,1132,1374,2025-08-03T11:31:02Z
perf_0145,song_0135,BRYJKfmxHvY,1504,1781,2025-08-03T11:31:02Z
perf_0146,song_0136,BRYJKfmxHvY,1793,2102,2025-08-03T11:31:02Z
perf_0147,song_0137,BRYJKfmxHvY,2138,2382,2025-08-03T11:31:02Z
perf_0148,song_0138,BRYJKfmxHvY,2420,2721,2025-08-03T11:31:02Z
perf_0149,song_0139,BRYJKfmxHvY,2740,2975,2025-08-03T11:31:02Z
perf_0150,song_0140,BRYJKfmxHvY,3119,3427,2025-08-03T11:31:02Z
perf_0151,song_0141,BRYJKfmxHvY,3440,3687,2025-08-03T11:31:02Z
perf_0152,song_0142,BRYJKfmxHvY,3716,4075,2025-08-03T11:31:02Z
perf_0153,song_0069,BRYJKfmxHvY,4096,4289,2025-08-03T11:31:02Z
perf_0154,song_0143,BRYJKfmxHvY,4524,4895,2025-08-03T11:31:02Z
perf_0155,song_0070,BRYJKfmxHvY,4907,5186,2025-08-03T11:31:02Z
perf_0156,song_0144,BRYJKfmxHvY,5195,5289,2025-08-03T11:31:02Z
perf_0157,song_0145,BRYJKfmxHvY,5504,5723,2025-08-03T11:31:02Z
perf_0158,song_0146,BRYJKfmxHvY,5751,5981,2025-08-03T11:31:02Z
perf_0159,song_0147,BRYJKfmxHvY,6079,6477,2025-08-03T11:31:02Z
perf_0160,song_0148,BRYJKfmxHvY,6490,6771,2025-08-03T11:31:02Z
perf_0161,song_0149,BRYJKfmxHvY,7444,7697,2025-08-03T11:31:02Z
perf_0162,song_0150,BRYJKfmxHvY,7723,7890,2025-08-03T11:31:02Z
perf_0163,song_0075,BRYJKfmxHvY,7954,8263,2025-08-03T11:31:02Z
perf_0164,song_0151,BRYJKfmxHvY,8277,8604,2025-08-03T11:31:02Z
perf_0165,song_0066,BRYJKfmxHvY,8624,8842,2025-08-03T11:31:02Z
perf_0166,song_0152,BRYJKfmxHvY,9019,9303,2025-08-03T11:31:02Z
perf_0167,song_0006,BRYJKfmxHvY,9319,9588,2025-08-03T11:31:02Z
perf_0168,song_0153,BRYJKfmxHvY,9602,9940,2025-08-03T11:31:02Z
perf_0169,song_0017,BRYJKfmxHvY,10008,10243,2025-08-03T11:31:02Z
perf_0170,song_0154,BRYJKfmxHvY,10527,10788,2025-08-03T11:31:02Z
perf_0171,song_0015,BRYJKfmxHvY,10876,11228,2025-08-03T11:31:02Z
perf_0172,song_0067,BRYJKfmxHvY,11250,11557,2025-08-03T11:31:02Z
perf_0173,song_0155,BRYJKfmxHvY,11871,12141,2025-08-03T11:31:02Z
perf_0174,song_0156,BRYJKfmxHvY,12166,12408,2025-08-03T11:31:02Z
perf_0175,song_0157,BRYJKfmxHvY,12424,12625,2025-08-03T11:31:02Z
perf_0176,song_0158,BRYJKfmxHvY,13368,13636,2025-08-03T11:31:02Z
perf_0177,song_0007,BRYJKfmxHvY,13666,13895,2025-08-03T11:31:02Z
perf_0178,song_0159,BRYJKfmxHvY,14036,14320,2025-08-03T11:31:02Z
perf_0179,song_0160,BRYJKfmxHvY,14337,14534,2025-08-03T11:31:02Z
perf_0180,song_0065,BRYJKfmxHvY,14547,14799,2025-08-03T11:31:02Z
perf_0181,song_0161,BRYJKfmxHvY,14863,15179,2025-08-03T11:31:02Z
perf_0182,song_0162,BRYJKfmxHvY,15197,15529,2025-08-03T11:31:02Z
perf_0183,song_0163,BRYJKfmxHvY,15727,15989,2025-08-03T11:31:02Z
perf_0184,song_0064,BRYJKfmxHvY,16013,16298,2025-08-03T11:31:02Z
perf_0185,song_0164,BRYJKfmxHvY,16334,16501,2025-08-03T11:31:02Z
perf_0186,song_0165,BRYJKfmxHvY,17123,17324,2025-08-03T11:31:02Z
perf_0187,song_0166,BRYJKfmxHvY,17334,17586,2025-08-03T11:31:02Z
perf_0188,song_0167,BRYJKfmxHvY,17598,17809,2025-08-03T11:31:02Z
perf_0189,song_0168,BRYJKfmxHvY,18581,18645,2025-08-03T11:31:02Z
perf_0190,song_0169,BRYJKfmxHvY,18655,18888,2025-08-03T11:31:02Z
perf_0191,song_0170,BRYJKfmxHvY,18898,19165,2025-08-03T11:31:02Z
perf_0192,song_0171,BRYJKfmxHvY,19177,19467,2025-08-03T11:31:02Z
perf_0193,song_0172,BRYJKfmxHvY,19477,19730,2025-08-03T11:31:02Z
perf_0194,song_0173,BRYJKfmxHvY,19985,20269,2025-08-03T11:31:02Z
perf_0195,song_0174,BRYJKfmxHvY,20324,20667,2025-08-03T11:31:02Z
perf_0196,song_0175,BRYJKfmxHvY,20678,20846,2025-08-03T11:31:02Z
perf_0197,song_0176,BRYJKfmxHvY,21566,21889,2025-08-03T11:31:02Z
perf_0198,song_0177,BRYJKfmxHvY,21903,22104,2025-08-03T11:31:02Z
perf_0199,song_0178,BRYJKfmxHvY,22114,22331,2025-08-03T11:31:02Z
perf_0200,song_0179,BRYJKfmxHvY,22348,22618,2025-08-03T11:31:02Z
perf_0201,song_0180,BRYJKfmxHvY,22635,22854,2025-08-03T11:31:02Z
perf_0202,song_0181,BRYJKfmxHvY,22921,23183,2025-08-03T11:31:02Z
perf_0203,song_0182,BRYJKfmxHvY,23197,23491,2025-08-03T11:31:02Z
perf_0204,song_0183,BRYJKfmxHvY,23695,23940,2025-08-03T11:31:02Z
perf_0205,song_0184,BRYJKfmxHvY,23970,24140,2025-08-03T11:31:02Z
perf_0206,song_0009,HlkqUKPevk4,699,913,2025-08-02T12:24:31Z
perf_0207,song_0011,HlkqUKPevk4,928,1180,2025-08-02T12:24:31Z
perf_0208,song_0018,HlkqUKPevk4,1192,1496,2025-08-02T12:24:31Z
perf_0209,song_0003,HlkqUKPevk4,1520,1767,2025-08-02T12:24:31Z
perf_0210,song_0185,HlkqUKPevk4,1778,2096,2025-08-02T12:24:31Z
perf_0211,song_0004,HlkqUKPevk4,2240,2553,2025-08-02T12:24:31Z
perf_0212,song_0186,HlkqUKPevk4,2569,2867,2025-08-02T12:24:31Z
perf_0213,song_0014,HlkqUKPevk4,2907,3200,2025-08-02T12:24:31Z
perf_0214,song_0187,HlkqUKPevk4,3220,3530,2025-08-02T12:24:31Z
perf_0215,song_0005,HlkqUKPevk4,3541,3857,2025-08-02T12:24:31Z
perf_0216,song_0020,HlkqUKPevk4,4661,5059,2025-08-02T12:24:31Z
perf_0217,song_0019,HlkqUKPevk4,5078,5320,2025-08-02T12:24:31Z
perf_0218,song_0001,HlkqUKPevk4,5335,5567,2025-08-02T12:24:31Z
perf_0219,song_0188,HlkqUKPevk4,5605,5855,2025-08-02T12:24:31Z
perf_0220,song_0074,HlkqUKPevk4,5878,6137,2025-08-02T12:24:31Z
perf_0221,song_0013,HlkqUKPevk4,6283,6530,2025-08-02T12:24:31Z
perf_0222,song_0189,HlkqUKPevk4,6544,6908,2025-08-02T12:24:31Z
perf_0223,song_0190,HlkqUKPevk4,6922,7190,2025-08-02T12:24:31Z
perf_0224,song_0191,HlkqUKPevk4,7336,7570,2025-08-02T12:24:31Z
perf_0225,song_0192,HlkqUKPevk4,7595,7914,2025-08-02T12:24:31Z
perf_0226,song_0193,HlkqUKPevk4,8517,8774,2025-08-02T12:24:31Z
perf_0227,song_0010,HlkqUKPevk4,8795,9063,2025-08-02T12:24:31Z
perf_0228,song_0194,HlkqUKPevk4,9075,9320,2025-08-02T12:24:31Z
perf_0229,song_0195,HlkqUKPevk4,9344,9606,2025-08-02T12:24:31Z
perf_0230,song_0196,HlkqUKPevk4,9623,9844,2025-08-02T12:24:31Z
perf_0231,song_0197,HlkqUKPevk4,10200,10492,2025-08-02T12:24:31Z
perf_0232,song_0198,HlkqUKPevk4,10513,10797,2025-08-02T12:24:31Z
perf_0233,song_0199,HlkqUKPevk4,10807,11059,2025-08-02T12:24:31Z
perf_0234,song_0200,HlkqUKPevk4,11093,11366,2025-08-02T12:24:31Z
perf_0235,song_0201,HlkqUKPevk4,11427,11755,2025-08-02T12:24:31Z
perf_0236,song_0202,HlkqUKPevk4,11767,12049,2025-08-02T12:24:31Z
perf_0237,song_0203,HlkqUKPevk4,12072,12399,2025-08-02T12:24:31Z
perf_0238,song_0204,HlkqUKPevk4,12742,12948,2025-08-02T12:24:31Z
perf_0239,song_0205,HlkqUKPevk4,12973,13221,2025-08-02T12:24:31Z
perf_0240,song_0206,HlkqUKPevk4,13274,13526,2025-08-02T12:24:31Z
perf_0241,song_0207,HlkqUKPevk4,13658,13954,2025-08-02T12:24:31Z
perf_0242,song_0073,HlkqUKPevk4,13969,14315,2025-08-02T12:24:31Z
perf_0243,song_0208,HlkqUKPevk4,14408,14619,2025-08-02T12:24:31Z
perf_0244,song_0008,HlkqUKPevk4,14629,14900,2025-08-02T12:24:31Z
perf_0245,song_0209,HlkqUKPevk4,14959,15174,2025-08-02T12:24:31Z
perf_0246,song_0210,HlkqUKPevk4,15799,16043,2025-08-02T12:24:31Z
perf_0247,song_0211,HlkqUKPevk4,16062,16295,2025-08-02T12:24:31Z
perf_0248,song_0076,HlkqUKPevk4,16313,16688,2025-08-02T12:24:31Z
perf_0249,song_0212,HlkqUKPevk4,16718,16950,2025-08-02T12:24:31Z
perf_0250,song_0213,HlkqUKPevk4,16986,17246,2025-08-02T12:24:31Z
perf_0251,song_0072,HlkqUKPevk4,17413,17706,2025-08-02T12:24:31Z
perf_0252,song_0214,HlkqUKPevk4,17733,17909,2025-08-02T12:24:31Z
perf_0253,song_0215,HlkqUKPevk4,17948,18241,2025-08-02T12:24:31Z
perf_0254,song_0216,HlkqUKPevk4,18259,18528,2025-08-02T12:24:31Z
perf_0255,song_0217,HlkqUKPevk4,18557,18899,2025-08-02T12:24:31Z
perf_0256,song_0218,HlkqUKPevk4,19247,19502,2025-08-02T12:24:31Z
perf_0257,song_0219,HlkqUKPevk4,19515,19907,2025-08-02T12:24:31Z
perf_0258,song_0220,HlkqUKPevk4,19962,20152,2025-08-02T12:24:31Z
perf_0259,song_0221,HlkqUKPevk4,20914,21025,2025-08-02T12:24:31Z
perf_0260,song_0071,HlkqUKPevk4,21037,21345,2025-08-02T12:24:31Z
perf_0261,song_0222,HlkqUKPevk4,21409,21607,2025-08-02T12:24:31Z
perf_0262,song_0223,HlkqUKPevk4,21636,21819,2025-08-02T12:24:31Z
perf_0263,song_0224,HlkqUKPevk4,21864,22083,2025-08-02T12:24:31Z
perf_0264,song_0225,HlkqUKPevk4,22134,22353,2025-08-02T12:24:31Z
perf_0265,song_0226,HlkqUKPevk4,22511,22842,2025-08-02T12:24:31Z
perf_0266,song_0227,HlkqUKPevk4,22857,23198,2025-08-02T12:24:31Z
perf_0267,song_0228,HlkqUKPevk4,23560,23815,2025-08-02T12:24:31Z
perf_0268,song_0229,HlkqUKPevk4,23848,24109,2025-08-02T12:24:31Z
perf_0269,song_0230,HlkqUKPevk4,24169,24470,2025-08-02T12:24:31Z
perf_0270,song_0231,HlkqUKPevk4,24507,24810,2025-08-02T12:24:31Z
perf_0271,song_0232,HlkqUKPevk4,25310,25500,2025-08-02T12:24:31Z
perf_0272,song_0233,HlkqUKPevk4,25514,25719,2025-08-02T12:24:31Z
perf_0273,song_0234,HlkqUKPevk4,25735,25904,2025-08-02T12:24:31Z
perf_0274,song_0235,HlkqUKPevk4,25941,26180,2025-08-02T12:24:31Z
perf_0275,song_0012,HlkqUKPevk4,26230,26469,2025-08-02T12:24:31Z
perf_0276,song_0236,HlkqUKPevk4,26504,26836,2025-08-02T12:24:31Z
perf_0277,song_0037,KnYyMnHPcPc,570,1033,2025-07-17T13:31:55Z
perf_0278,song_0237,KnYyMnHPcPc,1033,1514,2025-07-17T13:31:55Z
perf_0279,song_0024,KnYyMnHPcPc,1514,1937,2025-07-17T13:31:55Z
perf_0280,song_0047,KnYyMnHPcPc,1937,2474,2025-07-17T13:31:55Z
perf_0281,song_0033,KnYyMnHPcPc,2474,2927,2025-07-17T13:31:55Z
perf_0282,song_0032,KnYyMnHPcPc,2927,3362,2025-07-17T13:31:55Z
perf_0283,song_0045,KnYyMnHPcPc,3362,3866,2025-07-17T13:31:55Z
perf_0284,song_0238,KnYyMnHPcPc,3866,4286,2025-07-17T13:31:55Z
perf_0285,song_0239,KnYyMnHPcPc,4286,4636,2025-07-17T13:31:55Z
perf_0286,song_0034,KnYyMnHPcPc,4636,5027,2025-07-17T13:31:55Z
perf_0287,song_0040,KnYyMnHPcPc,5027,5451,2025-07-17T13:31:55Z
perf_0288,song_0041,KnYyMnHPcPc,5451,5827,2025-07-17T13:31:55Z
perf_0289,song_0035,KnYyMnHPcPc,5827,6484,2025-07-17T13:31:55Z
perf_0290,song_0240,KnYyMnHPcPc,6484,6958,2025-07-17T13:31:55Z
perf_0291,song_0044,KnYyMnHPcPc,6958,7333,2025-07-17T13:31:55Z
perf_0292,song_0046,KnYyMnHPcPc,7333,7633,2025-07-17T13:31:55Z
perf_0293,song_0241,ZKQZXVh5MmE,532,588,2025-12-05T18:23:53Z
perf_0294,song_0242,ZKQZXVh5MmE,588,961,2025-12-05T18:23:53Z
perf_0295,song_0243,ZKQZXVh5MmE,1025,1233,2025-12-05T18:23:53Z
perf_0296,song_0244,ZKQZXVh5MmE,1369,1648,2025-12-05T18:23:53Z
perf_0297,song_0245,ZKQZXVh5MmE,1790,2010,2025-12-05T18:23:53Z
perf_0298,song_0246,ZKQZXVh5MmE,2378,2671,2025-12-05T18:23:53Z
perf_0299,song_0247,ZKQZXVh5MmE,2800,3004,2025-12-05T18:23:53Z
perf_0300,song_0248,ZKQZXVh5MmE,3455,3538,2025-12-05T18:23:53Z
perf_0301,song_0249,ZKQZXVh5MmE,3538,3804,2025-12-05T18:23:53Z
perf_0302,song_0250,ZKQZXVh5MmE,3856,4132,2025-12-05T18:23:53Z
perf_0303,song_0251,ZKQZXVh5MmE,4312,4549,2025-12-05T18:23:53Z
perf_0304,song_0252,ZKQZXVh5MmE,5720,6056,2025-12-05T18:23:53Z
perf_0305,song_0253,ZKQZXVh5MmE,6325,6563,2025-12-05T18:23:53Z
perf_0306,song_0254,ZKQZXVh5MmE,6710,7173,2025-12-05T18:23:53Z
perf_0307,song_0255,ZKQZXVh5MmE,7173,7574,2025-12-05T18:23:53Z
perf_0308,song_0256,ZKQZXVh5MmE,7574,7685,2025-12-05T18:23:53Z
perf_0309,song_0257,ZKQZXVh5MmE,7685,7893,2025-12-05T18:23:53Z
perf_0310,song_0258,ZKQZXVh5MmE,7893,8179,2025-12-05T18:23:53Z
perf_0311,song_0259,ZKQZXVh5MmE,8244,8595,2025-12-05T18:23:53Z
perf_0312,song_0260,ZKQZXVh5MmE,8660,8953,2025-12-05T18:23:53Z
perf_0313,song_0261,ZKQZXVh5MmE,9008,9276,2025-12-05T18:23:53Z
perf_0314,song_0262,ZKQZXVh5MmE,9345,9541,2025-12-05T18:23:53Z
perf_0315,song_0263,ZKQZXVh5MmE,9606,9890,2025-12-05T18:23:53Z
perf_0316,song_0264,ZKQZXVh5MmE,9942,9953,2025-12-05T18:23:53Z
perf_0317,song_0265,ZKQZXVh5MmE,9953,10208,2025-12-05T18:23:53Z
perf_0318,song_0266,ZKQZXVh5MmE,10247,10497,2025-12-05T18:23:53Z
perf_0319,song_0267,ZKQZXVh5MmE,10519,10753,2025-12-05T18:23:53Z
perf_0320,song_0268,ZKQZXVh5MmE,10814,11074,2025-12-05T18:23:53Z
perf_0321,song_0269,ZKQZXVh5MmE,11158,11378,2025-12-05T18:23:53Z
perf_0322,song_0270,ZKQZXVh5MmE,11432,11745,2025-12-05T18:23:53Z
perf_0323,song_0271,ZKQZXVh5MmE,11784,12014,2025-12-05T18:23:53Z
perf_0324,song_0272,ZKQZXVh5MmE,12408,12601,2025-12-05T18:23:53Z
perf_0325,song_0273,ZKQZXVh5MmE,12682,12935,2025-12-05T18:23:53Z
perf_0326,song_0274,ZKQZXVh5MmE,13062,13275,2025-12-05T18:23:53Z
perf_0327,song_0275,ZKQZXVh5MmE,13454,13782,2025-12-05T18:23:53Z
perf_0328,song_0276,ZKQZXVh5MmE,13876,14161,2025-12-05T18:23:53Z
perf_0329,song_0277,ZKQZXVh5MmE,14200,14434,2025-12-05T18:23:53Z
perf_0330,song_0278,ZKQZXVh5MmE,14477,14578,2025-12-05T18:23:53Z
perf_0331,song_0279,ZKQZXVh5MmE,14578,14821,2025-12-05T18:23:53Z
perf_0332,song_0280,ZKQZXVh5MmE,14831,15131,2025-12-05T18:23:53Z
perf_0333,song_0282,Jk1AaBW0SOU,712,781,2025-11-28T17:17:19Z
perf_0334,song_0283,Jk1AaBW0SOU,1345,1551,2025-11-28T17:17:19Z
perf_0335,song_0284,Jk1AaBW0SOU,1600,1665,2025-11-28T17:17:19Z
perf_0336,song_0285,Jk1AaBW0SOU,1665,1967,2025-11-28T17:17:19Z
perf_0337,song_0286,Jk1AaBW0SOU,2066,2325,2025-11-28T17:17:19Z
perf_0338,song_0287,Jk1AaBW0SOU,2537,2875,2025-11-28T17:17:19Z
perf_0339,song_0288,Jk1AaBW0SOU,3089,3335,2025-11-28T17:17:19Z
perf_0340,song_0289,Jk1AaBW0SOU,3405,3758,2025-11-28T17:17:19Z
perf_0341,song_0290,Jk1AaBW0SOU,3797,4092,2025-11-28T17:17:19Z
perf_0342,song_0291,Jk1AaBW0SOU,4140,4270,2025-11-28T17:17:19Z
perf_0343,song_0292,Jk1AaBW0SOU,4270,4533,2025-11-28T17:17:19Z
perf_0344,song_0293,Jk1AaBW0SOU,4663,4721,2025-11-28T17:17:19Z
perf_0345,song_0294,Jk1AaBW0SOU,4721,5038,2025-11-28T17:17:19Z
perf_0346,song_0295,Jk1AaBW0SOU,5071,5295,2025-11-28T17:17:19Z
perf_0347,song_0296,Jk1AaBW0SOU,5550,5810,2025-11-28T17:17:19Z
perf_0348,song_0297,Jk1AaBW0SOU,5810,6035,2025-11-28T17:17:19Z
perf_0349,song_0298,Jk1AaBW0SOU,6288,6510,2025-11-28T17:17:19Z
perf_0350,song_0299,Jk1AaBW0SOU,6579,6860,2025-11-28T17:17:19Z
perf_0351,song_0300,Jk1AaBW0SOU,7101,7156,2025-11-28T17:17:19Z
perf_0352,song_0301,Jk1AaBW0SOU,7215,7491,2025-11-28T17:17:19Z
perf_0353,song_0302,Jk1AaBW0SOU,7592,7846,2025-11-28T17:17:19Z
perf_0354,song_0303,Jk1AaBW0SOU,7918,8150,2025-11-28T17:17:19Z
perf_0355,song_0304,Jk1AaBW0SOU,8180,8220,2025-11-28T17:17:19Z
perf_0356,song_0305,Jk1AaBW0SOU,8231,8525,2025-11-28T17:17:19Z
perf_0357,song_0306,Jk1AaBW0SOU,8690,8876,2025-11-28T17:17:19Z
perf_0358,song_0307,Jk1AaBW0SOU,9068,9220,2025-11-28T17:17:19Z
perf_0359,song_0308,Jk1AaBW0SOU,9220,9462,2025-11-28T17:17:19Z
perf_0360,song_0309,Jk1AaBW0SOU,9700,9757,2025-11-28T17:17:19Z
perf_0361,song_0310,Jk1AaBW0SOU,9861,10060,2025-11-28T17:17:19Z
perf_0362,song_0311,Jk1AaBW0SOU,10170,10260,2025-11-28T17:17:19Z
perf_0363,song_0312,Jk1AaBW0SOU,10312,10578,2025-11-28T17:17:19Z
perf_0364,song_0281,Jk1AaBW0SOU,10405,10596,2025-11-28T17:17:19Z
perf_0365,song_0313,Jk1AaBW0SOU,10596,10768,2025-11-28T17:17:19Z
perf_0366,song_0314,fJAY9jz0Zr0,1043,1347,2025-11-27T10:22:35Z
perf_0367,song_0315,fJAY9jz0Zr0,1347,2161,2025-11-27T10:22:35Z
perf_0368,song_0316,fJAY9jz0Zr0,2161,2616,2025-11-27T10:22:35Z
perf_0369,song_0132,fJAY9jz0Zr0,2616,3154,2025-11-27T10:22:35Z
perf_0370,song_0187,fJAY9jz0Zr0,3154,3589,2025-11-27T10:22:35Z
perf_0371,song_0001,fJAY9jz0Zr0,3589,3936,2025-11-27T10:22:35Z
perf_0372,song_0047,fJAY9jz0Zr0,3936,4460,2025-11-27T10:22:35Z
perf_0373,song_0317,fJAY9jz0Zr0,4460,4947,2025-11-27T10:22:35Z
perf_0374,song_0039,fJAY9jz0Zr0,4947,5680,2025-11-27T10:22:35Z
perf_0375,song_0318,fJAY9jz0Zr0,5680,6049,2025-11-27T10:22:35Z
perf_0376,song_0319,fJAY9jz0Zr0,6049,6349,2025-11-27T10:22:35Z
perf_0377,song_0320,EoG2N8awjTc,994,1169,2025-11-25T18:38:36Z
perf_0378,song_0321,EoG2N8awjTc,1210,1445,2025-11-25T18:38:36Z
perf_0379,song_0322,EoG2N8awjTc,1642,1845,2025-11-25T18:38:36Z
perf_0380,song_0323,EoG2N8awjTc,1889,2172,2025-11-25T18:38:36Z
perf_0381,song_0324,EoG2N8awjTc,2250,2523,2025-11-25T18:38:36Z
perf_0382,song_0325,EoG2N8awjTc,2580,2835,2025-11-25T18:38:36Z
perf_0383,song_0326,EoG2N8awjTc,2900,3124,2025-11-25T18:38:36Z
perf_0384,song_0327,EoG2N8awjTc,3153,3212,2025-11-25T18:38:36Z
perf_0385,song_0328,EoG2N8awjTc,3229,3536,2025-11-25T18:38:36Z
perf_0386,song_0329,EoG2N8awjTc,3613,3939,2025-11-25T18:38:36Z
perf_0387,song_0330,EoG2N8awjTc,4026,4234,2025-11-25T18:38:36Z
perf_0388,song_0331,EoG2N8awjTc,4288,4527,2025-11-25T18:38:36Z
perf_0389,song_0332,EoG2N8awjTc,4633,4873,2025-11-25T18:38:36Z
perf_0390,song_0333,EoG2N8awjTc,5016,5263,2025-11-25T18:38:36Z
perf_0391,song_0334,EoG2N8awjTc,5356,5566,2025-11-25T18:38:36Z
perf_0392,song_0335,EoG2N8awjTc,5591,5837,2025-11-25T18:38:36Z
perf_0393,song_0336,EoG2N8awjTc,5972,6159,2025-11-25T18:38:36Z
perf_0394,song_0337,EoG2N8awjTc,6240,6446,2025-11-25T18:38:36Z
perf_0395,song_0338,EoG2N8awjTc,6558,6903,2025-11-25T18:38:36Z
perf_0396,song_0339,EoG2N8awjTc,7362,7696,2025-11-25T18:38:36Z
perf_0397,song_0340,EoG2N8awjTc,8026,8198,2025-11-25T18:38:36Z
perf_0398,song_0341,EoG2N8awjTc,8288,8474,2025-11-25T18:38:36Z
perf_0399,song_0342,EoG2N8awjTc,8866,9187,2025-11-25T18:38:36Z
perf_0400,song_0343,EoG2N8awjTc,9475,9757,2025-11-25T18:38:36Z
perf_0401,song_0344,EoG2N8awjTc,10385,10687,2025-11-25T18:38:36Z
perf_0402,song_0345,EoG2N8awjTc,11101,11354,2025-11-25T18:38:36Z
perf_0403,song_0346,EoG2N8awjTc,11750,11962,2025-11-25T18:38:36Z
perf_0404,song_0347,EoG2N8awjTc,12420,12655,2025-11-25T18:38:36Z
perf_0405,song_0348,EoG2N8awjTc,13055,13295,2025-11-25T18:38:36Z
perf_0406,song_0349,EoG2N8awjTc,13484,13532,2025-11-25T18:38:36Z
perf_0407,song_0350,EoG2N8awjTc,13785,13988,2025-11-25T18:38:36Z
perf_0408,song_0351,EoG2N8awjTc,14182,14402,2025-11-25T18:38:36Z
perf_0409,song_0352,EoG2N8awjTc,14675,14880,2025-11-25T18:38:36Z
perf_0410,song_0353,IXFwt4NO6mw,1149,1338,2025-11-21T17:18:12Z
perf_0411,song_0354,IXFwt4NO6mw,1800,2060,2025-11-21T17:18:12Z
perf_0412,song_0355,IXFwt4NO6mw,2091,2367,2025-11-21T17:18:12Z
perf_0413,song_0356,IXFwt4NO6mw,2418,2716,2025-11-21T17:18:12Z
perf_0414,song_0357,IXFwt4NO6mw,2742,3016,2025-11-21T17:18:12Z
perf_0415,song_0358,IXFwt4NO6mw,3170,3304,2025-11-21T17:18:12Z
perf_0416,song_0359,IXFwt4NO6mw,3406,3663,2025-11-21T17:18:12Z
perf_0417,song_0360,IXFwt4NO6mw,3712,3980,2025-11-21T17:18:12Z
perf_0418,song_0361,IXFwt4NO6mw,4045,4238,2025-11-21T17:18:12Z
perf_0419,song_0362,IXFwt4NO6mw,4360,4665,2025-11-21T17:18:12Z
perf_0420,song_0363,IXFwt4NO6mw,4705,5026,2025-11-21T17:18:12Z
perf_0421,song_0364,IXFwt4NO6mw,5195,5471,2025-11-21T17:18:12Z
perf_0422,song_0365,IXFwt4NO6mw,5545,5785,2025-11-21T17:18:12Z
perf_0423,song_0366,IXFwt4NO6mw,5847,5858,2025-11-21T17:18:12Z
perf_0424,song_0367,IXFwt4NO6mw,5858,6065,2025-11-21T17:18:12Z
perf_0425,song_0368,IXFwt4NO6mw,6114,6329,2025-11-21T17:18:12Z
perf_0426,song_0369,IXFwt4NO6mw,6467,6667,2025-11-21T17:18:12Z
perf_0427,song_0370,IXFwt4NO6mw,6695,6890,2025-11-21T17:18:12Z
perf_0428,song_0371,IXFwt4NO6mw,6946,7149,2025-11-21T17:18:12Z
perf_0429,song_0372,IXFwt4NO6mw,7179,7391,2025-11-21T17:18:12Z
perf_0430,song_0373,IXFwt4NO6mw,7452,7712,2025-11-21T17:18:12Z
perf_0431,song_0374,IXFwt4NO6mw,7794,8090,2025-11-21T17:18:12Z
perf_0432,song_0375,IXFwt4NO6mw,8155,8350,2025-11-21T17:18:12Z
perf_0433,song_0376,IXFwt4NO6mw,8390,8575,2025-11-21T17:18:12Z
perf_0434,song_0377,IXFwt4NO6mw,8633,8826,2025-11-21T17:18:12Z
perf_0435,song_0378,IXFwt4NO6mw,8944,9172,2025-11-21T17:18:12Z
perf_0436,song_0379,IXFwt4NO6mw,9278,9505,2025-11-21T17:18:12Z
perf_0437,song_0380,IXFwt4NO6mw,9586,9838,2025-11-21T17:18:12Z
perf_0438,song_0381,IXFwt4NO6mw,9885,10083,2025-11-21T17:18:12Z
perf_0439,song_0382,IXFwt4NO6mw,10110,10410,2025-11-21T17:18:12Z
perf_0440,song_0383,DuWS2lO8tG8,528,865,2025-11-20T04:51:58Z
perf_0441,song_0226,DuWS2lO8tG8,865,1370,2025-11-20T04:51:58Z
perf_0442,song_0114,DuWS2lO8tG8,1370,1854,2025-11-20T04:51:58Z
perf_0443,song_0120,DuWS2lO8tG8,1854,2235,2025-11-20T04:51:58Z
perf_0444,song_0115,DuWS2lO8tG8,2235,3471,2025-11-20T04:51:58Z
perf_0445,song_0381,DuWS2lO8tG8,3471,4251,2025-11-20T04:51:58Z
perf_0446,song_0384,DuWS2lO8tG8,4251,4573,2025-11-20T04:51:58Z
perf_0447,song_0385,DuWS2lO8tG8,4573,5061,2025-11-20T04:51:58Z
perf_0448,song_0317,DuWS2lO8tG8,5061,5424,2025-11-20T04:51:58Z
perf_0449,song_0386,DuWS2lO8tG8,5424,5724,2025-11-20T04:51:58Z
perf_0450,song_0317,1HHWmpgZDIY,844,1132,2025-11-19T17:01:31Z
perf_0451,song_0047,1HHWmpgZDIY,1221,1622,2025-11-19T17:01:31Z
perf_0452,song_0387,1HHWmpgZDIY,1728,2188,2025-11-19T17:01:31Z
perf_0453,song_0388,1HHWmpgZDIY,2188,2442,2025-11-19T17:01:31Z
perf_0454,song_0389,1HHWmpgZDIY,2547,2824,2025-11-19T17:01:31Z
perf_0455,song_0390,1HHWmpgZDIY,3058,3156,2025-11-19T17:01:31Z
perf_0456,song_0131,1HHWmpgZDIY,3212,3502,2025-11-19T17:01:31Z
perf_0457,song_0130,1HHWmpgZDIY,3586,3926,2025-11-19T17:01:31Z
perf_0458,song_0391,1HHWmpgZDIY,4062,4092,2025-11-19T17:01:31Z
perf_0459,song_0102,1HHWmpgZDIY,4092,4347,2025-11-19T17:01:31Z
perf_0460,song_0392,1HHWmpgZDIY,4424,4654,2025-11-19T17:01:31Z
perf_0461,song_0393,1HHWmpgZDIY,5006,5211,2025-11-19T17:01:31Z
perf_0462,song_0151,1HHWmpgZDIY,5211,5601,2025-11-19T17:01:31Z
perf_0463,song_0148,1HHWmpgZDIY,5696,5997,2025-11-19T17:01:31Z
perf_0464,song_0017,1HHWmpgZDIY,6085,6350,2025-11-19T17:01:31Z
perf_0465,song_0394,1HHWmpgZDIY,6422,6571,2025-11-19T17:01:31Z
perf_0466,song_0007,1HHWmpgZDIY,6571,6836,2025-11-19T17:01:31Z
perf_0467,song_0395,1HHWmpgZDIY,6989,7302,2025-11-19T17:01:31Z
perf_0468,song_0396,1HHWmpgZDIY,7379,7665,2025-11-19T17:01:31Z
perf_0469,song_0397,1HHWmpgZDIY,7665,7917,2025-11-19T17:01:31Z
perf_0470,song_0398,1HHWmpgZDIY,8777,8874,2025-11-19T17:01:31Z
perf_0471,song_0399,1HHWmpgZDIY,9329,9463,2025-11-19T17:01:31Z
perf_0472,song_0400,1HHWmpgZDIY,9530,9648,2025-11-19T17:01:31Z
perf_0473,song_0132,Xb6m25bDFqA,638,850,2025-11-19T00:20:53Z
perf_0474,song_0401,Xb6m25bDFqA,1234,1414,2025-11-19T00:20:53Z
perf_0475,song_0402,Xb6m25bDFqA,1937,2209,2025-11-19T00:20:53Z
perf_0476,song_0319,Xb6m25bDFqA,3202,3458,2025-11-19T00:20:53Z
perf_0477,song_0403,Xb6m25bDFqA,3477,3754,2025-11-19T00:20:53Z
perf_0478,song_0011,Xb6m25bDFqA,3853,4108,2025-11-19T00:20:53Z
perf_0479,song_0001,Xb6m25bDFqA,4162,4402,2025-11-19T00:20:53Z
perf_0480,song_0044,Xb6m25bDFqA,4571,4856,2025-11-19T00:20:53Z
perf_0481,song_0404,Xb6m25bDFqA,5748,6101,2025-11-19T00:20:53Z
perf_0482,song_0405,Xb6m25bDFqA,6101,6329,2025-11-19T00:20:53Z
perf_0483,song_0406,tXCZzJKrK1U,596,968,2025-11-13T04:34:37Z
perf_0484,song_0006,tXCZzJKrK1U,968,1568,2025-11-13T04:34:37Z
perf_0485,song_0182,tXCZzJKrK1U,1568,3045,2025-11-13T04:34:37Z
perf_0486,song_0047,tXCZzJKrK1U,3045,4341,2025-11-13T04:34:37Z
perf_0487,song_0044,tXCZzJKrK1U,4341,4792,2025-11-13T04:34:37Z
perf_0488,song_0046,tXCZzJKrK1U,4792,5092,2025-11-13T04:34:37Z
perf_0489,song_0380,1B-DdOF0h0w,376,832,2025-11-12T00:28:38Z
perf_0490,song_0202,1B-DdOF0h0w,832,1455,2025-11-12T00:28:38Z
perf_0491,song_0319,1B-DdOF0h0w,1455,1752,2025-11-12T00:28:38Z
perf_0492,song_0407,1B-DdOF0h0w,1752,2206,2025-11-12T00:28:38Z
perf_0493,song_0408,1B-DdOF0h0w,2206,2647,2025-11-12T00:28:38Z
perf_0494,song_0117,1B-DdOF0h0w,2647,2911,2025-11-12T00:28:38Z
perf_0495,song_0120,1B-DdOF0h0w,2911,3351,2025-11-12T00:28:38Z
perf_0496,song_0102,1B-DdOF0h0w,3351,3969,2025-11-12T00:28:38Z
perf_0497,song_0409,1B-DdOF0h0w,3969,4855,2025-11-12T00:28:38Z
perf_0498,song_0410,1B-DdOF0h0w,4855,5211,2025-11-12T00:28:38Z
perf_0499,song_0011,1B-DdOF0h0w,5211,5587,2025-11-12T00:28:38Z
perf_0500,song_0385,1B-DdOF0h0w,5587,5887,2025-11-12T00:28:38Z
perf_0501,song_0411,hbYTW2Shn8M,705,1144,2025-11-07T17:37:47Z
perf_0502,song_0412,hbYTW2Shn8M,1144,1433,2025-11-07T17:37:47Z
perf_0503,song_0090,hbYTW2Shn8M,1433,1698,2025-11-07T17:37:47Z
perf_0504,song_0317,hbYTW2Shn8M,1698,2064,2025-11-07T17:37:47Z
perf_0505,song_0413,hbYTW2Shn8M,2064,2303,2025-11-07T17:37:47Z
perf_0506,song_0414,hbYTW2Shn8M,2303,2702,2025-11-07T17:37:47Z
perf_0507,song_0415,hbYTW2Shn8M,2702,3021,2025-11-07T17:37:47Z
perf_0508,song_0416,hbYTW2Shn8M,3021,3390,2025-11-07T17:37:47Z
perf_0509,song_0388,hbYTW2Shn8M,3390,3652,2025-11-07T17:37:47Z
perf_0510,song_0417,hbYTW2Shn8M,3652,3927,2025-11-07T17:37:47Z
perf_0511,song_0418,hbYTW2Shn8M,3927,4215,2025-11-07T17:37:47Z
perf_0512,song_0419,hbYTW2Shn8M,4215,4599,2025-11-07T17:37:47Z
perf_0513,song_0420,hbYTW2Shn8M,4599,4971,2025-11-07T17:37:47Z
perf_0514,song_0319,hbYTW2Shn8M,4971,5258,2025-11-07T17:37:47Z
perf_0515,song_0421,hbYTW2Shn8M,5258,5522,2025-11-07T17:37:47Z
perf_0516,song_0422,hbYTW2Shn8M,5522,5801,2025-11-07T17:37:47Z
perf_0517,song_0423,hbYTW2Shn8M,5801,6229,2025-11-07T17:37:47Z
perf_0518,song_0424,hbYTW2Shn8M,6229,6511,2025-11-07T17:37:47Z
perf_0519,song_0120,hbYTW2Shn8M,6511,6854,2025-11-07T17:37:47Z
perf_0520,song_0105,hbYTW2Shn8M,6854,7111,2025-11-07T17:37:47Z
perf_0521,song_0119,hbYTW2Shn8M,7111,7415,2025-11-07T17:37:47Z
perf_0522,song_0046,hbYTW2Shn8M,7415,7728,2025-11-07T17:37:47Z
perf_0523,song_0384,hbYTW2Shn8M,7728,8102,2025-11-07T17:37:47Z
perf_0524,song_0425,hbYTW2Shn8M,8102,8410,2025-11-07T17:37:47Z
perf_0525,song_0426,hbYTW2Shn8M,8410,8697,2025-11-07T17:37:47Z
perf_0526,song_0410,hbYTW2Shn8M,8697,8949,2025-11-07T17:37:47Z
perf_0527,song_0427,hbYTW2Shn8M,8949,9252,2025-11-07T17:37:47Z
perf_0528,song_0401,hbYTW2Shn8M,9252,9475,2025-11-07T17:37:47Z
perf_0529,song_0428,hbYTW2Shn8M,9475,9798,2025-11-07T17:37:47Z
perf_0530,song_0429,hbYTW2Shn8M,9798,10091,2025-11-07T17:37:47Z
perf_0531,song_0430,hbYTW2Shn8M,10091,10517,2025-11-07T17:37:47Z
perf_0532,song_0431,hbYTW2Shn8M,10517,10881,2025-11-07T17:37:47Z
perf_0533,song_0066,hbYTW2Shn8M,10881,11181,2025-11-07T17:37:47Z
perf_0534,song_0402,cKsSnnauSb8,556,1057,2025-11-05T00:12:08Z
perf_0535,song_0432,cKsSnnauSb8,1057,1458,2025-11-05T00:12:08Z
perf_0536,song_0011,cKsSnnauSb8,1458,2863,2025-11-05T00:12:08Z
perf_0537,song_0001,cKsSnnauSb8,2863,3184,2025-11-05T00:12:08Z
perf_0538,song_0066,cKsSnnauSb8,3184,3547,2025-11-05T00:12:08Z
perf_0539,song_0367,cKsSnnauSb8,3547,3891,2025-11-05T00:12:08Z
perf_0540,song_0374,cKsSnnauSb8,3891,4339,2025-11-05T00:12:08Z
perf_0541,song_0317,cKsSnnauSb8,4339,4826,2025-11-05T00:12:08Z
perf_0542,song_0433,cKsSnnauSb8,4826,5455,2025-11-05T00:12:08Z
perf_0543,song_0434,cKsSnnauSb8,5455,5546,2025-11-05T00:12:08Z
perf_0544,song_0090,cKsSnnauSb8,5546,5831,2025-11-05T00:12:08Z
perf_0545,song_0435,cKsSnnauSb8,5831,6101,2025-11-05T00:12:08Z
perf_0546,song_0421,cKsSnnauSb8,6101,6414,2025-11-05T00:12:08Z
perf_0547,song_0405,cKsSnnauSb8,6414,6864,2025-11-05T00:12:08Z
perf_0548,song_0436,cKsSnnauSb8,6864,7164,2025-11-05T00:12:08Z
perf_0549,song_0437,uoYi0ljk7-A,1638,1891,2025-10-30T12:43:20Z
perf_0550,song_0438,uoYi0ljk7-A,1891,2126,2025-10-30T12:43:20Z
perf_0551,song_0102,uoYi0ljk7-A,2126,2459,2025-10-30T12:43:20Z
perf_0552,song_0105,uoYi0ljk7-A,2459,2725,2025-10-30T12:43:20Z
perf_0553,song_0120,uoYi0ljk7-A,2725,3805,2025-10-30T12:43:20Z
perf_0554,song_0432,uoYi0ljk7-A,3805,4055,2025-10-30T12:43:20Z
perf_0555,song_0439,uoYi0ljk7-A,4055,4462,2025-10-30T12:43:20Z
perf_0556,song_0402,uoYi0ljk7-A,4462,4754,2025-10-30T12:43:20Z
perf_0557,song_0409,uoYi0ljk7-A,4754,5006,2025-10-30T12:43:20Z
perf_0558,song_0318,uoYi0ljk7-A,5006,5437,2025-10-30T12:43:20Z
perf_0559,song_0440,uoYi0ljk7-A,5437,5742,2025-10-30T12:43:20Z
perf_0560,song_0441,uoYi0ljk7-A,5742,6545,2025-10-30T12:43:20Z
perf_0561,song_0442,uoYi0ljk7-A,6545,6900,2025-10-30T12:43:20Z
perf_0562,song_0367,uoYi0ljk7-A,6900,7160,2025-10-30T12:43:20Z
perf_0563,song_0375,uoYi0ljk7-A,7160,7404,2025-10-30T12:43:20Z
perf_0564,song_0372,uoYi0ljk7-A,7404,7679,2025-10-30T12:43:20Z
perf_0565,song_0374,uoYi0ljk7-A,7679,8110,2025-10-30T12:43:20Z
perf_0566,song_0368,uoYi0ljk7-A,8110,8373,2025-10-30T12:43:20Z
perf_0567,song_0379,uoYi0ljk7-A,8373,8657,2025-10-30T12:43:20Z
perf_0568,song_0370,uoYi0ljk7-A,8657,8941,2025-10-30T12:43:20Z
perf_0569,song_0443,uoYi0ljk7-A,8941,9249,2025-10-30T12:43:20Z
perf_0570,song_0315,uoYi0ljk7-A,9249,9603,2025-10-30T12:43:20Z
perf_0571,song_0444,uoYi0ljk7-A,9603,10435,2025-10-30T12:43:20Z
perf_0572,song_0413,uoYi0ljk7-A,10435,10682,2025-10-30T12:43:20Z
perf_0573,song_0445,uoYi0ljk7-A,10682,10901,2025-10-30T12:43:20Z
perf_0574,song_0419,uoYi0ljk7-A,10901,11211,2025-10-30T12:43:20Z
perf_0575,song_0446,uoYi0ljk7-A,11211,11498,2025-10-30T12:43:20Z
perf_0576,song_0447,uoYi0ljk7-A,11498,12013,2025-10-30T12:43:20Z
perf_0577,song_0433,uoYi0ljk7-A,12013,12315,2025-10-30T12:43:20Z
perf_0578,song_0410,uoYi0ljk7-A,12315,12551,2025-10-30T12:43:20Z
perf_0579,song_0427,uoYi0ljk7-A,12551,12888,2025-10-30T12:43:20Z
perf_0580,song_0424,uoYi0ljk7-A,12888,13241,2025-10-30T12:43:20Z
perf_0581,song_0448,uoYi0ljk7-A,13241,13567,2025-10-30T12:43:20Z
perf_0582,song_0411,uoYi0ljk7-A,13567,13819,2025-10-30T12:43:20Z
perf_0583,song_0047,uoYi0ljk7-A,13819,14209,2025-10-30T12:43:20Z
perf_0584,song_0046,uoYi0ljk7-A,14209,14231,2025-10-30T12:43:20Z
perf_0585,song_0449,uoYi0ljk7-A,14231,14569,2025-10-30T12:43:20Z
perf_0586,song_0397,uoYi0ljk7-A,14569,14869,2025-10-30T12:43:20Z
perf_0587,song_0450,XoB6JwaXaXQ,1418,2080,2025-10-29T14:00:55Z
perf_0588,song_0451,XoB6JwaXaXQ,2080,2330,2025-10-29T14:00:55Z
perf_0589,song_0452,XoB6JwaXaXQ,2330,2907,2025-10-29T14:00:55Z
perf_0590,song_0429,XoB6JwaXaXQ,2907,3154,2025-10-29T14:00:55Z
perf_0591,song_0431,XoB6JwaXaXQ,3154,3461,2025-10-29T14:00:55Z
perf_0592,song_0430,XoB6JwaXaXQ,3461,3743,2025-10-29T14:00:55Z
perf_0593,song_0453,XoB6JwaXaXQ,3743,4013,2025-10-29T14:00:55Z
perf_0594,song_0066,XoB6JwaXaXQ,4013,4528,2025-10-29T14:00:55Z
perf_0595,song_0454,XoB6JwaXaXQ,4528,4800,2025-10-29T14:00:55Z
perf_0596,song_0455,XoB6JwaXaXQ,4800,5100,2025-10-29T14:00:55Z
perf_0597,song_0408,GrGhp-P27mQ,1756,2136,2025-10-27T18:21:53Z
perf_0598,song_0456,GrGhp-P27mQ,2136,2936,2025-10-27T18:21:53Z
perf_0599,song_0108,GrGhp-P27mQ,2936,3985,2025-10-27T18:21:53Z
perf_0600,song_0457,GrGhp-P27mQ,3985,4351,2025-10-27T18:21:53Z
perf_0601,song_0007,GrGhp-P27mQ,4351,4997,2025-10-27T18:21:53Z
perf_0602,song_0200,GrGhp-P27mQ,4997,5359,2025-10-27T18:21:53Z
perf_0603,song_0186,GrGhp-P27mQ,5359,5998,2025-10-27T18:21:53Z
perf_0604,song_0459,GrGhp-P27mQ,5998,6668,2025-10-27T18:21:53Z
perf_0605,song_0458,GrGhp-P27mQ,6668,6968,2025-10-27T18:21:53Z
perf_0606,song_0460,bY4un1F4MSQ,1254,2277,2025-10-24T17:46:21Z
perf_0607,song_0461,bY4un1F4MSQ,2277,2845,2025-10-24T17:46:21Z
perf_0608,song_0462,bY4un1F4MSQ,2845,3144,2025-10-24T17:46:21Z
perf_0609,song_0370,bY4un1F4MSQ,3144,3424,2025-10-24T17:46:21Z
perf_0610,song_0463,bY4un1F4MSQ,3424,3443,2025-10-24T17:46:21Z
perf_0611,song_0464,bY4un1F4MSQ,3622,3967,2025-10-24T17:46:21Z
perf_0612,song_0007,bY4un1F4MSQ,3967,4589,2025-10-24T17:46:21Z
perf_0613,song_0151,bY4un1F4MSQ,4589,5135,2025-10-24T17:46:21Z
perf_0614,song_0132,bY4un1F4MSQ,5135,5435,2025-10-24T17:46:21Z
perf_0615,song_0392,Aacs2df4isg,703,1658,2025-10-23T10:20:10Z
perf_0616,song_0105,Aacs2df4isg,1658,2003,2025-10-23T10:20:10Z
perf_0617,song_0359,Aacs2df4isg,2003,2394,2025-10-23T10:20:10Z
perf_0618,song_0356,Aacs2df4isg,2394,2824,2025-10-23T10:20:10Z
perf_0619,song_0357,Aacs2df4isg,2824,3219,2025-10-23T10:20:10Z
perf_0620,song_0367,Aacs2df4isg,3219,3684,2025-10-23T10:20:10Z
perf_0621,song_0465,Aacs2df4isg,3684,4180,2025-10-23T10:20:10Z
perf_0622,song_0466,Aacs2df4isg,4180,4541,2025-10-23T10:20:10Z
perf_0623,song_0467,Aacs2df4isg,4541,4825,2025-10-23T10:20:10Z
perf_0624,song_0403,Aacs2df4isg,4825,5203,2025-10-23T10:20:10Z
perf_0625,song_0319,Aacs2df4isg,5203,5648,2025-10-23T10:20:10Z
perf_0626,song_0132,Aacs2df4isg,5648,6070,2025-10-23T10:20:10Z
perf_0627,song_0401,Aacs2df4isg,6070,6286,2025-10-23T10:20:10Z
perf_0628,song_0468,Aacs2df4isg,6286,7193,2025-10-23T10:20:10Z
perf_0629,song_0411,Aacs2df4isg,7193,7493,2025-10-23T10:20:10Z
perf_0630,song_0469,w1xVWGdySPk,664,1327,2025-10-19T18:34:36Z
perf_0631,song_0381,w1xVWGdySPk,1327,1744,2025-10-19T18:34:36Z
perf_0632,song_0470,w1xVWGdySPk,1744,2027,2025-10-19T18:34:36Z
perf_0633,song_0115,w1xVWGdySPk,2027,2506,2025-10-19T18:34:36Z
perf_0634,song_0419,w1xVWGdySPk,2506,2934,2025-10-19T18:34:36Z
perf_0635,song_0047,w1xVWGdySPk,2934,3407,2025-10-19T18:34:36Z
perf_0636,song_0132,w1xVWGdySPk,3407,3785,2025-10-19T18:34:36Z
perf_0637,song_0154,w1xVWGdySPk,3785,4152,2025-10-19T18:34:36Z
perf_0638,song_0374,w1xVWGdySPk,4152,4591,2025-10-19T18:34:36Z
perf_0639,song_0365,w1xVWGdySPk,4591,4950,2025-10-19T18:34:36Z
perf_0640,song_0444,w1xVWGdySPk,4950,5364,2025-10-19T18:34:36Z
perf_0641,song_0441,w1xVWGdySPk,5364,5664,2025-10-19T18:34:36Z
perf_0642,song_0355,GZMKRBkW4PE,678,1040,2025-10-17T09:55:18Z
perf_0643,song_0471,GZMKRBkW4PE,1040,1624,2025-10-17T09:55:18Z
perf_0644,song_0146,GZMKRBkW4PE,1624,2764,2025-10-17T09:55:18Z
perf_0645,song_0318,GZMKRBkW4PE,2764,4643,2025-10-17T09:55:18Z
perf_0646,song_0472,GZMKRBkW4PE,4643,4943,2025-10-17T09:55:18Z
perf_0647,song_0421,oRXxaSre1rU,1694,2339,2025-10-16T13:38:23Z
perf_0648,song_0473,oRXxaSre1rU,2339,2676,2025-10-16T13:38:23Z
perf_0649,song_0446,oRXxaSre1rU,2676,3330,2025-10-16T13:38:23Z
perf_0650,song_0420,oRXxaSre1rU,3330,3548,2025-10-16T13:38:23Z
perf_0651,song_0411,oRXxaSre1rU,3548,3953,2025-10-16T13:38:23Z
perf_0652,song_0423,oRXxaSre1rU,3953,4294,2025-10-16T13:38:23Z
perf_0653,song_0047,oRXxaSre1rU,4294,5544,2025-10-16T13:38:23Z
perf_0654,song_0475,oRXxaSre1rU,5544,6120,2025-10-16T13:38:23Z
perf_0655,song_0427,oRXxaSre1rU,6120,6420,2025-10-16T13:38:23Z
perf_0656,song_0410,oRXxaSre1rU,6420,6854,2025-10-16T13:38:23Z
perf_0657,song_0002,oRXxaSre1rU,6854,7122,2025-10-16T13:38:23Z
perf_0658,song_0476,oRXxaSre1rU,7122,7469,2025-10-16T13:38:23Z
perf_0659,song_0188,oRXxaSre1rU,7469,8643,2025-10-16T13:38:23Z
perf_0660,song_0445,oRXxaSre1rU,8643,8973,2025-10-16T13:38:23Z
perf_0661,song_0433,oRXxaSre1rU,8973,9431,2025-10-16T13:38:23Z
perf_0662,song_0419,oRXxaSre1rU,9431,9702,2025-10-16T13:38:23Z
perf_0663,song_0422,oRXxaSre1rU,9702,10159,2025-10-16T13:38:23Z
perf_0664,song_0474,oRXxaSre1rU,10159,10576,2025-10-16T13:38:23Z
perf_0665,song_0429,oRXxaSre1rU,10576,11003,2025-10-16T13:38:23Z
perf_0666,song_0388,oRXxaSre1rU,11003,11275,2025-10-16T13:38:23Z
perf_0667,song_0417,oRXxaSre1rU,11275,11588,2025-10-16T13:38:23Z
perf_0668,song_0401,oRXxaSre1rU,11588,11888,2025-10-16T13:38:23Z
perf_0669,song_0427,1AgQLDIr718,431,903,2025-10-14T23:49:40Z
perf_0670,song_0011,1AgQLDIr718,903,1304,2025-10-14T23:49:40Z
perf_0671,song_0096,1AgQLDIr718,1304,1613,2025-10-14T23:49:40Z
perf_0672,song_0416,1AgQLDIr718,1613,1994,2025-10-14T23:49:40Z
perf_0673,song_0066,1AgQLDIr718,1994,2367,2025-10-14T23:49:40Z
perf_0674,song_0384,1AgQLDIr718,2367,2831,2025-10-14T23:49:40Z
perf_0675,song_0477,1AgQLDIr718,2831,3168,2025-10-14T23:49:40Z
perf_0676,song_0132,1AgQLDIr718,3168,3432,2025-10-14T23:49:40Z
perf_0677,song_0069,1AgQLDIr718,3432,3780,2025-10-14T23:49:40Z
perf_0678,song_0478,1AgQLDIr718,3780,4053,2025-10-14T23:49:40Z
perf_0679,song_0407,1AgQLDIr718,4053,4595,2025-10-14T23:49:40Z
perf_0680,song_0319,1AgQLDIr718,4595,4895,2025-10-14T23:49:40Z
perf_0681,song_0388,3kfAwI36HW8,968,1475,2025-10-14T14:37:53Z
perf_0682,song_0100,3kfAwI36HW8,1475,2100,2025-10-14T14:37:53Z
perf_0683,song_0354,3kfAwI36HW8,2100,2473,2025-10-14T14:37:53Z
perf_0684,song_0438,3kfAwI36HW8,2473,2784,2025-10-14T14:37:53Z
perf_0685,song_0479,3kfAwI36HW8,2784,3244,2025-10-14T14:37:53Z
perf_0686,song_0437,3kfAwI36HW8,3244,3617,2025-10-14T14:37:53Z
perf_0687,song_0480,3kfAwI36HW8,3617,4080,2025-10-14T14:37:53Z
perf_0688,song_0443,3kfAwI36HW8,4080,4381,2025-10-14T14:37:53Z
perf_0689,song_0481,3kfAwI36HW8,4381,4941,2025-10-14T14:37:53Z
perf_0690,song_0001,3kfAwI36HW8,4941,5299,2025-10-14T14:37:53Z
perf_0691,song_0422,3kfAwI36HW8,5299,5622,2025-10-14T14:37:53Z
perf_0692,song_0007,3kfAwI36HW8,5622,5957,2025-10-14T14:37:53Z
perf_0693,song_0482,3kfAwI36HW8,5957,6005,2025-10-14T14:37:53Z
perf_0694,song_0397,3kfAwI36HW8,6510,6886,2025-10-14T14:37:53Z
perf_0695,song_0441,3kfAwI36HW8,6886,7301,2025-10-14T14:37:53Z
perf_0696,song_0318,3kfAwI36HW8,7301,7720,2025-10-14T14:37:53Z
perf_0697,song_0315,3kfAwI36HW8,7720,8065,2025-10-14T14:37:53Z
perf_0698,song_0444,3kfAwI36HW8,8065,8500,2025-10-14T14:37:53Z
perf_0699,song_0465,3kfAwI36HW8,8500,9693,2025-10-14T14:37:53Z
perf_0700,song_0458,3kfAwI36HW8,9693,9993,2025-10-14T14:37:53Z
perf_0701,song_0483,8bDL-I0kWqc,439,495,2025-10-14T05:34:17Z
perf_0702,song_0379,8bDL-I0kWqc,867,1144,2025-10-14T05:34:17Z
perf_0703,song_0370,8bDL-I0kWqc,1144,1447,2025-10-14T05:34:17Z
perf_0704,song_0484,8bDL-I0kWqc,1447,1808,2025-10-14T05:34:17Z
perf_0705,song_0417,8bDL-I0kWqc,1808,2145,2025-10-14T05:34:17Z
perf_0706,song_0044,8bDL-I0kWqc,2145,2477,2025-10-14T05:34:17Z
perf_0707,song_0047,8bDL-I0kWqc,2477,3075,2025-10-14T05:34:17Z
perf_0708,song_0466,8bDL-I0kWqc,3075,3347,2025-10-14T05:34:17Z
perf_0709,song_0485,8bDL-I0kWqc,3347,3795,2025-10-14T05:34:17Z
perf_0710,song_0439,8bDL-I0kWqc,3795,4120,2025-10-14T05:34:17Z
perf_0711,song_0486,8bDL-I0kWqc,4120,4442,2025-10-14T05:34:17Z
perf_0712,song_0487,8bDL-I0kWqc,4442,4951,2025-10-14T05:34:17Z
perf_0713,song_0383,8bDL-I0kWqc,4951,5280,2025-10-14T05:34:17Z
perf_0714,song_0401,8bDL-I0kWqc,5280,5540,2025-10-14T05:34:17Z
perf_0715,song_0392,8bDL-I0kWqc,5540,5834,2025-10-14T05:34:17Z
perf_0716,song_0120,8bDL-I0kWqc,5834,6182,2025-10-14T05:34:17Z
perf_0717,song_0102,8bDL-I0kWqc,6182,6543,2025-10-14T05:34:17Z
perf_0718,song_0423,8bDL-I0kWqc,6543,7001,2025-10-14T05:34:17Z
perf_0719,song_0433,8bDL-I0kWqc,7001,7356,2025-10-14T05:34:17Z
perf_0720,song_0411,8bDL-I0kWqc,7356,7694,2025-10-14T05:34:17Z
perf_0721,song_0385,8bDL-I0kWqc,7694,8045,2025-10-14T05:34:17Z
perf_0722,song_0447,8bDL-I0kWqc,8045,8405,2025-10-14T05:34:17Z
perf_0723,song_0413,8bDL-I0kWqc,8405,8705,2025-10-14T05:34:17Z
perf_0724,song_0489,1sOnXlfpW5M,417,547,2025-10-12T01:30:39Z
perf_0725,song_0490,1sOnXlfpW5M,547,691,2025-10-12T01:30:39Z
perf_0726,song_0157,1sOnXlfpW5M,691,936,2025-10-12T01:30:39Z
perf_0727,song_0491,1sOnXlfpW5M,936,1336,2025-10-12T01:30:39Z
perf_0728,song_0006,1sOnXlfpW5M,1336,1650,2025-10-12T01:30:39Z
perf_0729,song_0492,1sOnXlfpW5M,1650,1835,2025-10-12T01:30:39Z
perf_0730,song_0493,1sOnXlfpW5M,1835,1894,2025-10-12T01:30:39Z
perf_0731,song_0410,1sOnXlfpW5M,1894,2607,2025-10-12T01:30:39Z
perf_0732,song_0494,1sOnXlfpW5M,2607,3630,2025-10-12T01:30:39Z
perf_0733,song_0488,1sOnXlfpW5M,3630,4194,2025-10-12T01:30:39Z
perf_0734,song_0440,1sOnXlfpW5M,4194,4507,2025-10-12T01:30:39Z
perf_0735,song_0132,1sOnXlfpW5M,4507,4876,2025-10-12T01:30:39Z
perf_0736,song_0064,1sOnXlfpW5M,4876,5176,2025-10-12T01:30:39Z
perf_0737,song_0402,LmiCmtttwWU,384,784,2025-10-09T00:06:48Z
perf_0738,song_0436,LmiCmtttwWU,784,1531,2025-10-09T00:06:48Z
perf_0739,song_0496,LmiCmtttwWU,1531,1693,2025-10-09T00:06:48Z
perf_0740,song_0497,LmiCmtttwWU,1693,1738,2025-10-09T00:06:48Z
perf_0741,song_0363,LmiCmtttwWU,1738,2148,2025-10-09T00:06:48Z
perf_0742,song_0165,LmiCmtttwWU,2148,2522,2025-10-09T00:06:48Z
perf_0743,song_0161,LmiCmtttwWU,2522,2993,2025-10-09T00:06:48Z
perf_0744,song_0001,LmiCmtttwWU,2993,3447,2025-10-09T00:06:48Z
perf_0745,song_0195,LmiCmtttwWU,3447,4061,2025-10-09T00:06:48Z
perf_0746,song_0477,LmiCmtttwWU,4061,4332,2025-10-09T00:06:48Z
perf_0747,song_0467,LmiCmtttwWU,4332,4658,2025-10-09T00:06:48Z
perf_0748,song_0121,LmiCmtttwWU,4658,4984,2025-10-09T00:06:48Z
perf_0749,song_0416,LmiCmtttwWU,4984,5303,2025-10-09T00:06:48Z
perf_0750,song_0433,LmiCmtttwWU,5303,5642,2025-10-09T00:06:48Z
perf_0751,song_0495,LmiCmtttwWU,5642,6002,2025-10-09T00:06:48Z
perf_0752,song_0409,LmiCmtttwWU,6002,6339,2025-10-09T00:06:48Z
perf_0753,song_0485,LmiCmtttwWU,6339,6671,2025-10-09T00:06:48Z
perf_0754,song_0011,LmiCmtttwWU,6671,6971,2025-10-09T00:06:48Z
perf_0755,song_0501,xeJpCAJ0Jnc,433,494,2025-10-08T11:04:10Z
perf_0756,song_0502,xeJpCAJ0Jnc,494,637,2025-10-08T11:04:10Z
perf_0757,song_0503,xeJpCAJ0Jnc,637,709,2025-10-08T11:04:10Z
perf_0758,song_0504,xeJpCAJ0Jnc,709,905,2025-10-08T11:04:10Z
perf_0759,song_0440,xeJpCAJ0Jnc,905,1283,2025-10-08T11:04:10Z
perf_0760,song_0432,xeJpCAJ0Jnc,1283,1516,2025-10-08T11:04:10Z
perf_0761,song_0505,xeJpCAJ0Jnc,1516,1882,2025-10-08T11:04:10Z
perf_0762,song_0102,xeJpCAJ0Jnc,1882,2207,2025-10-08T11:04:10Z
perf_0763,song_0105,xeJpCAJ0Jnc,2207,2576,2025-10-08T11:04:10Z
perf_0764,song_0498,xeJpCAJ0Jnc,2576,3288,2025-10-08T11:04:10Z
perf_0765,song_0359,xeJpCAJ0Jnc,3288,3683,2025-10-08T11:04:10Z
perf_0766,song_0506,xeJpCAJ0Jnc,3683,3832,2025-10-08T11:04:10Z
perf_0767,song_0361,xeJpCAJ0Jnc,3832,4149,2025-10-08T11:04:10Z
perf_0768,song_0507,xeJpCAJ0Jnc,4149,4391,2025-10-08T11:04:10Z
perf_0769,song_0360,xeJpCAJ0Jnc,4391,4848,2025-10-08T11:04:10Z
perf_0770,song_0319,xeJpCAJ0Jnc,4848,5269,2025-10-08T11:04:10Z
perf_0771,song_0407,xeJpCAJ0Jnc,5269,5639,2025-10-08T11:04:10Z
perf_0772,song_0374,xeJpCAJ0Jnc,5639,6157,2025-10-08T11:04:10Z
perf_0773,song_0405,xeJpCAJ0Jnc,6157,6404,2025-10-08T11:04:10Z
perf_0774,song_0421,xeJpCAJ0Jnc,6404,6720,2025-10-08T11:04:10Z
perf_0775,song_0446,xeJpCAJ0Jnc,6720,7039,2025-10-08T11:04:10Z
perf_0776,song_0447,xeJpCAJ0Jnc,7039,7387,2025-10-08T11:04:10Z
perf_0777,song_0499,xeJpCAJ0Jnc,7387,7721,2025-10-08T11:04:10Z
perf_0778,song_0508,xeJpCAJ0Jnc,7721,7875,2025-10-08T11:04:10Z
perf_0779,song_0445,xeJpCAJ0Jnc,7875,8180,2025-10-08T11:04:10Z
perf_0780,song_0500,xeJpCAJ0Jnc,8180,8512,2025-10-08T11:04:10Z
perf_0781,song_0423,xeJpCAJ0Jnc,8512,8796,2025-10-08T11:04:10Z
perf_0782,song_0509,xeJpCAJ0Jnc,8796,9096,2025-10-08T11:04:10Z
perf_0783,song_0481,QbWeaWBNiCA,713,1167,2025-10-05T01:30:19Z
perf_0784,song_0409,QbWeaWBNiCA,1167,1388,2025-10-05T01:30:19Z
perf_0785,song_0402,QbWeaWBNiCA,1388,1832,2025-10-05T01:30:19Z
perf_0786,song_0486,QbWeaWBNiCA,1832,2102,2025-10-05T01:30:19Z
perf_0787,song_0428,QbWeaWBNiCA,2102,2443,2025-10-05T01:30:19Z
perf_0788,song_0011,QbWeaWBNiCA,2443,3178,2025-10-05T01:30:19Z
perf_0789,song_0437,QbWeaWBNiCA,3178,3474,2025-10-05T01:30:19Z
perf_0790,song_0117,QbWeaWBNiCA,3474,3774,2025-10-05T01:30:19Z
perf_0791,song_0510,QbWeaWBNiCA,3774,4511,2025-10-05T01:30:19Z
perf_0792,song_0408,QbWeaWBNiCA,4511,4817,2025-10-05T01:30:19Z
perf_0793,song_0401,QbWeaWBNiCA,4817,5132,2025-10-05T01:30:19Z
perf_0794,song_0441,QbWeaWBNiCA,5132,5499,2025-10-05T01:30:19Z
perf_0795,song_0511,QbWeaWBNiCA,5499,5833,2025-10-05T01:30:19Z
perf_0796,song_0383,QbWeaWBNiCA,5833,6235,2025-10-05T01:30:19Z
perf_0797,song_0410,QbWeaWBNiCA,6235,6526,2025-10-05T01:30:19Z
perf_0798,song_0427,QbWeaWBNiCA,6526,6958,2025-10-05T01:30:19Z
perf_0799,song_0385,QbWeaWBNiCA,6958,7164,2025-10-05T01:30:19Z
perf_0800,song_0512,QbWeaWBNiCA,7164,7464,2025-10-05T01:30:19Z
perf_0801,song_0318,lbWA9l9sHlc,1519,1902,2025-10-04T16:45:16Z
perf_0802,song_0129,lbWA9l9sHlc,1902,2234,2025-10-04T16:45:16Z
perf_0803,song_0193,lbWA9l9sHlc,2234,2551,2025-10-04T16:45:16Z
perf_0804,song_0513,lbWA9l9sHlc,2551,2864,2025-10-04T16:45:16Z
perf_0805,song_0102,lbWA9l9sHlc,2864,3173,2025-10-04T16:45:16Z
perf_0806,song_0103,lbWA9l9sHlc,3173,3552,2025-10-04T16:45:16Z
perf_0807,song_0372,lbWA9l9sHlc,3552,3801,2025-10-04T16:45:16Z
perf_0808,song_0442,lbWA9l9sHlc,3801,4092,2025-10-04T16:45:16Z
perf_0809,song_0142,lbWA9l9sHlc,4092,4499,2025-10-04T16:45:16Z
perf_0810,song_0005,lbWA9l9sHlc,4499,4939,2025-10-04T16:45:16Z
perf_0811,song_0444,lbWA9l9sHlc,4939,5259,2025-10-04T16:45:16Z
perf_0812,song_0405,lbWA9l9sHlc,5259,5522,2025-10-04T16:45:16Z
perf_0813,song_0514,lbWA9l9sHlc,5522,5834,2025-10-04T16:45:16Z
perf_0814,song_0065,lbWA9l9sHlc,5834,6190,2025-10-04T16:45:16Z
perf_0815,song_0439,lbWA9l9sHlc,6190,6540,2025-10-04T16:45:16Z
perf_0816,song_0515,lbWA9l9sHlc,6540,6777,2025-10-04T16:45:16Z
perf_0817,song_0146,lbWA9l9sHlc,6777,7093,2025-10-04T16:45:16Z
perf_0818,song_0516,lbWA9l9sHlc,7093,7334,2025-10-04T16:45:16Z
perf_0819,song_0517,lbWA9l9sHlc,7334,7631,2025-10-04T16:45:16Z
perf_0820,song_0090,lbWA9l9sHlc,7631,7893,2025-10-04T16:45:16Z
perf_0821,song_0057,lbWA9l9sHlc,7893,8287,2025-10-04T16:45:16Z
perf_0822,song_0518,lbWA9l9sHlc,8287,8569,2025-10-04T16:45:16Z
perf_0823,song_0053,lbWA9l9sHlc,8569,8920,2025-10-04T16:45:16Z
perf_0824,song_0208,lbWA9l9sHlc,8920,9220,2025-10-04T16:45:16Z
perf_0825,song_0209,lbWA9l9sHlc,9220,9467,2025-10-04T16:45:16Z
perf_0826,song_0132,lbWA9l9sHlc,9467,9750,2025-10-04T16:45:16Z
perf_0827,song_0519,lbWA9l9sHlc,9750,10170,2025-10-04T16:45:16Z
perf_0828,song_0044,lbWA9l9sHlc,10170,10550,2025-10-04T16:45:16Z
perf_0829,song_0520,lbWA9l9sHlc,10550,10950,2025-10-04T16:45:16Z
perf_0830,song_0521,lbWA9l9sHlc,10950,11323,2025-10-04T16:45:16Z
perf_0831,song_0472,lbWA9l9sHlc,11323,11610,2025-10-04T16:45:16Z
perf_0832,song_0397,lbWA9l9sHlc,11610,11921,2025-10-04T16:45:16Z
perf_0833,song_0458,lbWA9l9sHlc,11921,12221,2025-10-04T16:45:16Z
perf_0834,song_0522,rbqxK0Qyv2w,877,1569,2025-10-02T18:22:57Z
perf_0835,song_0523,rbqxK0Qyv2w,1569,1829,2025-10-02T18:22:57Z
perf_0836,song_0377,rbqxK0Qyv2w,1829,2085,2025-10-02T18:22:57Z
perf_0837,song_0524,rbqxK0Qyv2w,2085,2305,2025-10-02T18:22:57Z
perf_0838,song_0525,rbqxK0Qyv2w,2305,3438,2025-10-02T18:22:57Z
perf_0839,song_0131,rbqxK0Qyv2w,3438,3725,2025-10-02T18:22:57Z
perf_0840,song_0124,rbqxK0Qyv2w,3725,3931,2025-10-02T18:22:57Z
perf_0841,song_0125,rbqxK0Qyv2w,3931,4123,2025-10-02T18:22:57Z
perf_0842,song_0477,rbqxK0Qyv2w,4123,4369,2025-10-02T18:22:57Z
perf_0843,song_0526,rbqxK0Qyv2w,4369,4611,2025-10-02T18:22:57Z
perf_0844,song_0368,rbqxK0Qyv2w,4611,4865,2025-10-02T18:22:57Z
perf_0845,song_0527,rbqxK0Qyv2w,4865,5117,2025-10-02T18:22:57Z
perf_0846,song_0528,rbqxK0Qyv2w,5117,5354,2025-10-02T18:22:57Z
perf_0847,song_0370,rbqxK0Qyv2w,5354,5786,2025-10-02T18:22:57Z
perf_0848,song_0410,rbqxK0Qyv2w,5786,6076,2025-10-02T18:22:57Z
perf_0849,song_0429,rbqxK0Qyv2w,6076,6309,2025-10-02T18:22:57Z
perf_0850,song_0423,rbqxK0Qyv2w,6309,6606,2025-10-02T18:22:57Z
perf_0851,song_0485,rbqxK0Qyv2w,6606,6924,2025-10-02T18:22:57Z
perf_0852,song_0416,rbqxK0Qyv2w,6924,7176,2025-10-02T18:22:57Z
perf_0853,song_0367,rbqxK0Qyv2w,7176,7472,2025-10-02T18:22:57Z
perf_0854,song_0374,rbqxK0Qyv2w,7472,7806,2025-10-02T18:22:57Z
perf_0855,song_0529,rbqxK0Qyv2w,7806,8174,2025-10-02T18:22:57Z
perf_0856,song_0369,rbqxK0Qyv2w,8174,8412,2025-10-02T18:22:57Z
perf_0857,song_0319,rbqxK0Qyv2w,8412,8682,2025-10-02T18:22:57Z
perf_0858,song_0478,rbqxK0Qyv2w,8682,8978,2025-10-02T18:22:57Z
perf_0859,song_0120,rbqxK0Qyv2w,8978,9336,2025-10-02T18:22:57Z
perf_0860,song_0119,rbqxK0Qyv2w,9336,9613,2025-10-02T18:22:57Z
perf_0861,song_0117,rbqxK0Qyv2w,9613,9900,2025-10-02T18:22:57Z
perf_0862,song_0530,rbqxK0Qyv2w,9900,9940,2025-10-02T18:22:57Z
perf_0863,song_0439,rbqxK0Qyv2w,10481,10832,2025-10-02T18:22:57Z
perf_0864,song_0531,rbqxK0Qyv2w,10832,10849,2025-10-02T18:22:57Z
perf_0865,song_0007,rbqxK0Qyv2w,10849,11319,2025-10-02T18:22:57Z
perf_0866,song_0001,rbqxK0Qyv2w,11319,11631,2025-10-02T18:22:57Z
perf_0867,song_0167,rbqxK0Qyv2w,11631,11930,2025-10-02T18:22:57Z
perf_0868,song_0069,rbqxK0Qyv2w,11930,12267,2025-10-02T18:22:57Z
perf_0869,song_0006,rbqxK0Qyv2w,12267,12590,2025-10-02T18:22:57Z
perf_0870,song_0227,rbqxK0Qyv2w,12590,13080,2025-10-02T18:22:57Z
perf_0871,song_0151,rbqxK0Qyv2w,13080,13484,2025-10-02T18:22:57Z
perf_0872,song_0008,rbqxK0Qyv2w,13484,13801,2025-10-02T18:22:57Z
perf_0873,song_0164,rbqxK0Qyv2w,13801,14083,2025-10-02T18:22:57Z
perf_0874,song_0011,rbqxK0Qyv2w,14083,14383,2025-10-02T18:22:57Z
perf_0875,song_0532,A_oW9Fz4K3k,535,657,2025-10-01T16:25:07Z
perf_0876,song_0491,A_oW9Fz4K3k,657,1292,2025-10-01T16:25:07Z
perf_0877,song_0148,A_oW9Fz4K3k,1292,1676,2025-10-01T16:25:07Z
perf_0878,song_0539,A_oW9Fz4K3k,1676,1900,2025-10-01T16:25:07Z
perf_0879,song_0533,A_oW9Fz4K3k,1900,2010,2025-10-01T16:25:07Z
perf_0880,song_0534,A_oW9Fz4K3k,2010,2058,2025-10-01T16:25:07Z
perf_0881,song_0540,A_oW9Fz4K3k,2058,2864,2025-10-01T16:25:07Z
perf_0882,song_0541,A_oW9Fz4K3k,2864,4727,2025-10-01T16:25:07Z
perf_0883,song_0542,A_oW9Fz4K3k,4727,5054,2025-10-01T16:25:07Z
perf_0884,song_0535,A_oW9Fz4K3k,5054,5631,2025-10-01T16:25:07Z
perf_0885,song_0536,A_oW9Fz4K3k,5631,5771,2025-10-01T16:25:07Z
perf_0886,song_0537,A_oW9Fz4K3k,5771,6215,2025-10-01T16:25:07Z
perf_0887,song_0538,A_oW9Fz4K3k,6215,6515,2025-10-01T16:25:07Z
perf_0888,song_0102,146CpIqqhTQ,975,1425,2025-09-30T13:12:53Z
perf_0889,song_0432,146CpIqqhTQ,1425,1666,2025-09-30T13:12:53Z
perf_0890,song_0441,146CpIqqhTQ,1666,2013,2025-09-30T13:12:53Z
perf_0891,song_0466,146CpIqqhTQ,2013,2459,2025-09-30T13:12:53Z
perf_0892,song_0129,146CpIqqhTQ,2459,2835,2025-09-30T13:12:53Z
perf_0893,song_0486,146CpIqqhTQ,2835,3154,2025-09-30T13:12:53Z
perf_0894,song_0315,146CpIqqhTQ,3154,3717,2025-09-30T13:12:53Z
perf_0895,song_0420,146CpIqqhTQ,3717,3989,2025-09-30T13:12:53Z
perf_0896,song_0381,146CpIqqhTQ,3989,4378,2025-09-30T13:12:53Z
perf_0897,song_0319,146CpIqqhTQ,4378,4766,2025-09-30T13:12:53Z
perf_0898,song_0403,146CpIqqhTQ,4766,5097,2025-09-30T13:12:53Z
perf_0899,song_0427,146CpIqqhTQ,5097,5398,2025-09-30T13:12:53Z
perf_0900,song_0097,146CpIqqhTQ,5398,5673,2025-09-30T13:12:53Z
perf_0901,song_0120,146CpIqqhTQ,5673,6038,2025-09-30T13:12:53Z
perf_0902,song_0117,146CpIqqhTQ,6038,6378,2025-09-30T13:12:53Z
perf_0903,song_0115,146CpIqqhTQ,6378,6723,2025-09-30T13:12:53Z
perf_0904,song_0374,146CpIqqhTQ,6723,7066,2025-09-30T13:12:53Z
perf_0905,song_0131,146CpIqqhTQ,7066,7368,2025-09-30T13:12:53Z
perf_0906,song_0132,146CpIqqhTQ,7368,8017,2025-09-30T13:12:53Z
perf_0907,song_0006,146CpIqqhTQ,8017,8338,2025-09-30T13:12:53Z
perf_0908,song_0001,146CpIqqhTQ,8338,8614,2025-09-30T13:12:53Z
perf_0909,song_0007,146CpIqqhTQ,8614,8626,2025-09-30T13:12:53Z
perf_0910,song_0543,146CpIqqhTQ,8626,9006,2025-09-30T13:12:53Z
perf_0911,song_0458,146CpIqqhTQ,9006,9306,2025-09-30T13:12:53Z
perf_0912,song_0485,OpuJsPLdI7c,1228,1617,2025-09-29T18:48:05Z
perf_0913,song_0484,OpuJsPLdI7c,1617,1921,2025-09-29T18:48:05Z
perf_0914,song_0418,OpuJsPLdI7c,1921,2303,2025-09-29T18:48:05Z
perf_0915,song_0417,OpuJsPLdI7c,2303,2570,2025-09-29T18:48:05Z
perf_0916,song_0421,OpuJsPLdI7c,2570,2890,2025-09-29T18:48:05Z
perf_0917,song_0367,OpuJsPLdI7c,2890,3144,2025-09-29T18:48:05Z
perf_0918,song_0047,OpuJsPLdI7c,3144,3508,2025-09-29T18:48:05Z
perf_0919,song_0046,OpuJsPLdI7c,3508,3796,2025-09-29T18:48:05Z
perf_0920,song_0044,OpuJsPLdI7c,3796,4106,2025-09-29T18:48:05Z
perf_0921,song_0376,OpuJsPLdI7c,4106,4367,2025-09-29T18:48:05Z
perf_0922,song_0438,OpuJsPLdI7c,4367,4622,2025-09-29T18:48:05Z
perf_0923,song_0112,OpuJsPLdI7c,4622,4876,2025-09-29T18:48:05Z
perf_0924,song_0092,OpuJsPLdI7c,4876,5206,2025-09-29T18:48:05Z
perf_0925,song_0403,OpuJsPLdI7c,5206,5525,2025-09-29T18:48:05Z
perf_0926,song_0370,OpuJsPLdI7c,5525,5804,2025-09-29T18:48:05Z
perf_0927,song_0369,OpuJsPLdI7c,5804,6043,2025-09-29T18:48:05Z
perf_0928,song_0544,OpuJsPLdI7c,6043,6341,2025-09-29T18:48:05Z
perf_0929,song_0007,OpuJsPLdI7c,6341,6818,2025-09-29T18:48:05Z
perf_0930,song_0001,OpuJsPLdI7c,6818,7091,2025-09-29T18:48:05Z
perf_0931,song_0069,OpuJsPLdI7c,7091,7391,2025-09-29T18:48:05Z
perf_0932,song_0437,2UHvo5D5nYo,826,1126,2025-09-27T16:00:46Z
perf_0933,song_0103,2UHvo5D5nYo,1126,1520,2025-09-27T16:00:46Z
perf_0934,song_0362,2UHvo5D5nYo,1520,1836,2025-09-27T16:00:46Z
perf_0935,song_0315,2UHvo5D5nYo,1836,2215,2025-09-27T16:00:46Z
perf_0936,song_0048,2UHvo5D5nYo,2215,2577,2025-09-27T16:00:46Z
perf_0937,song_0460,2UHvo5D5nYo,2577,2894,2025-09-27T16:00:46Z
perf_0938,song_0385,2UHvo5D5nYo,2894,3267,2025-09-27T16:00:46Z
perf_0939,song_0120,2UHvo5D5nYo,3267,3618,2025-09-27T16:00:46Z
perf_0940,song_0545,2UHvo5D5nYo,3618,3957,2025-09-27T16:00:46Z
perf_0941,song_0546,2UHvo5D5nYo,3957,4257,2025-09-27T16:00:46Z
perf_0942,song_0445,ZqXExRQaTxM,986,1242,2025-09-26T17:07:03Z
perf_0943,song_0433,ZqXExRQaTxM,1242,1654,2025-09-26T17:07:03Z
perf_0944,song_0443,ZqXExRQaTxM,1654,1887,2025-09-26T17:07:03Z
perf_0945,song_0427,ZqXExRQaTxM,1887,2240,2025-09-26T17:07:03Z
perf_0946,song_0047,ZqXExRQaTxM,2240,3044,2025-09-26T17:07:03Z
perf_0947,song_0423,ZqXExRQaTxM,3044,3340,2025-09-26T17:07:03Z
perf_0948,song_0468,ZqXExRQaTxM,3340,3720,2025-09-26T17:07:03Z
perf_0949,song_0411,ZqXExRQaTxM,3720,4159,2025-09-26T17:07:03Z
perf_0950,song_0422,ZqXExRQaTxM,4159,4683,2025-09-26T17:07:03Z
perf_0951,song_0066,ZqXExRQaTxM,4683,5131,2025-09-26T17:07:03Z
perf_0952,song_0188,ZqXExRQaTxM,5131,5431,2025-09-26T17:07:03Z
perf_0953,song_0439,0NdIroW6EO8,731,1108,2025-09-26T10:22:17Z
perf_0954,song_0105,0NdIroW6EO8,1108,1358,2025-09-26T10:22:17Z
perf_0955,song_0146,0NdIroW6EO8,1358,2196,2025-09-26T10:22:17Z
perf_0956,song_0372,0NdIroW6EO8,2196,2446,2025-09-26T10:22:17Z
perf_0957,song_0402,0NdIroW6EO8,2446,2736,2025-09-26T10:22:17Z
perf_0958,song_0119,0NdIroW6EO8,2736,3007,2025-09-26T10:22:17Z
perf_0959,song_0466,0NdIroW6EO8,3007,3316,2025-09-26T10:22:17Z
perf_0960,song_0485,0NdIroW6EO8,3316,3662,2025-09-26T10:22:17Z
perf_0961,song_0388,0NdIroW6EO8,3662,3988,2025-09-26T10:22:17Z
perf_0962,song_0401,0NdIroW6EO8,3988,4562,2025-09-26T10:22:17Z
perf_0963,song_0090,0NdIroW6EO8,4562,4804,2025-09-26T10:22:17Z
perf_0964,song_0048,0NdIroW6EO8,4804,5172,2025-09-26T10:22:17Z
perf_0965,song_0409,0NdIroW6EO8,5172,5434,2025-09-26T10:22:17Z
perf_0966,song_0421,0NdIroW6EO8,5434,5716,2025-09-26T10:22:17Z
perf_0967,song_0102,0NdIroW6EO8,5716,6017,2025-09-26T10:22:17Z
perf_0968,song_0132,0NdIroW6EO8,6017,6327,2025-09-26T10:22:17Z
perf_0969,song_0354,0NdIroW6EO8,6327,6620,2025-09-26T10:22:17Z
perf_0970,song_0319,0NdIroW6EO8,6620,6928,2025-09-26T10:22:17Z
perf_0971,song_0547,0NdIroW6EO8,6928,7310,2025-09-26T10:22:17Z
perf_0972,song_0006,0NdIroW6EO8,7310,7605,2025-09-26T10:22:17Z
perf_0973,song_0467,0NdIroW6EO8,7605,7905,2025-09-26T10:22:17Z
perf_0974,song_0548,oN6YPLl8Y84,300,548,2025-09-24T16:55:29Z
perf_0975,song_0549,oN6YPLl8Y84,548,731,2025-09-24T16:55:29Z
perf_0976,song_0491,oN6YPLl8Y84,731,1048,2025-09-24T16:55:29Z
perf_0977,song_0550,oN6YPLl8Y84,1048,1292,2025-09-24T16:55:29Z
perf_0978,song_0551,oN6YPLl8Y84,1292,2738,2025-09-24T16:55:29Z
perf_0979,song_0552,oN6YPLl8Y84,2738,3465,2025-09-24T16:55:29Z
perf_0980,song_0563,oN6YPLl8Y84,3465,4732,2025-09-24T16:55:29Z
perf_0981,song_0526,oN6YPLl8Y84,4732,7074,2025-09-24T16:55:29Z
perf_0982,song_0553,oN6YPLl8Y84,7074,7485,2025-09-24T16:55:29Z
perf_0983,song_0554,oN6YPLl8Y84,7485,7712,2025-09-24T16:55:29Z
perf_0984,song_0555,oN6YPLl8Y84,7712,7787,2025-09-24T16:55:29Z
perf_0985,song_0556,oN6YPLl8Y84,7787,8061,2025-09-24T16:55:29Z
perf_0986,song_0557,oN6YPLl8Y84,8061,8303,2025-09-24T16:55:29Z
perf_0987,song_0558,oN6YPLl8Y84,8303,8370,2025-09-24T16:55:29Z
perf_0988,song_0559,oN6YPLl8Y84,8370,8730,2025-09-24T16:55:29Z
perf_0989,song_0560,oN6YPLl8Y84,8730,9088,2025-09-24T16:55:29Z
perf_0990,song_0561,oN6YPLl8Y84,9088,9794,2025-09-24T16:55:29Z
perf_0991,song_0562,oN6YPLl8Y84,9794,10094,2025-09-24T16:55:29Z
perf_0992,song_0564,dUkM_uE7dMo,1398,2024,2025-09-23T19:04:07Z
perf_0993,song_0229,dUkM_uE7dMo,2024,3015,2025-09-23T19:04:07Z
perf_0994,song_0405,dUkM_uE7dMo,3015,3358,2025-09-23T19:04:07Z
perf_0995,song_0565,dUkM_uE7dMo,3358,3801,2025-09-23T19:04:07Z
perf_0996,song_0441,dUkM_uE7dMo,3801,4294,2025-09-23T19:04:07Z
perf_0997,song_0566,dUkM_uE7dMo,4294,4896,2025-09-23T19:04:07Z
perf_0998,song_0567,dUkM_uE7dMo,4896,5814,2025-09-23T19:04:07Z
perf_0999,song_0568,dUkM_uE7dMo,5814,6114,2025-09-23T19:04:07Z
perf_1000,song_0491,Bl8o-p8ZkfQ,481,846,2025-09-22T19:19:50Z
perf_1001,song_0569,Bl8o-p8ZkfQ,846,1242,2025-09-22T19:19:50Z
perf_1002,song_0570,Bl8o-p8ZkfQ,1242,1368,2025-09-22T19:19:50Z
perf_1003,song_0571,Bl8o-p8ZkfQ,1368,2827,2025-09-22T19:19:50Z
perf_1004,song_0572,Bl8o-p8ZkfQ,2827,2885,2025-09-22T19:19:50Z
perf_1005,song_0573,Bl8o-p8ZkfQ,2885,3034,2025-09-22T19:19:50Z
perf_1006,song_0574,Bl8o-p8ZkfQ,3034,3136,2025-09-22T19:19:50Z
perf_1007,song_0579,Bl8o-p8ZkfQ,3136,3516,2025-09-22T19:19:50Z
perf_1008,song_0575,Bl8o-p8ZkfQ,3516,3618,2025-09-22T19:19:50Z
perf_1009,song_0576,Bl8o-p8ZkfQ,3618,4951,2025-09-22T19:19:50Z
perf_1010,song_0577,Bl8o-p8ZkfQ,4951,5182,2025-09-22T19:19:50Z
perf_1011,song_0578,Bl8o-p8ZkfQ,5182,5482,2025-09-22T19:19:50Z
perf_1012,song_0581,cOkNFDhO7HE,171,421,2025-09-21T21:23:52Z
perf_1013,song_0157,cOkNFDhO7HE,421,745,2025-09-21T21:23:52Z
perf_1014,song_0582,cOkNFDhO7HE,745,856,2025-09-21T21:23:52Z
perf_1015,song_0139,cOkNFDhO7HE,856,1333,2025-09-21T21:23:52Z
perf_1016,song_0001,cOkNFDhO7HE,1333,1652,2025-09-21T21:23:52Z
perf_1017,song_0583,cOkNFDhO7HE,1652,1718,2025-09-21T21:23:52Z
perf_1018,song_0209,cOkNFDhO7HE,1718,1943,2025-09-21T21:23:52Z
perf_1019,song_0584,cOkNFDhO7HE,1943,2013,2025-09-21T21:23:52Z
perf_1020,song_0158,cOkNFDhO7HE,2013,2417,2025-09-21T21:23:52Z
perf_1021,song_0212,cOkNFDhO7HE,2417,2979,2025-09-21T21:23:52Z
perf_1022,song_0580,cOkNFDhO7HE,2979,3355,2025-09-21T21:23:52Z
perf_1023,song_0194,cOkNFDhO7HE,3355,3693,2025-09-21T21:23:52Z
perf_1024,song_0164,cOkNFDhO7HE,3693,3934,2025-09-21T21:23:52Z
perf_1025,song_0178,cOkNFDhO7HE,3934,4242,2025-09-21T21:23:52Z
perf_1026,song_0206,cOkNFDhO7HE,4242,4592,2025-09-21T21:23:52Z
perf_1027,song_0211,cOkNFDhO7HE,4592,4923,2025-09-21T21:23:52Z
perf_1028,song_0220,cOkNFDhO7HE,4923,5198,2025-09-21T21:23:52Z
perf_1029,song_0010,cOkNFDhO7HE,5198,5465,2025-09-21T21:23:52Z
perf_1030,song_0585,cOkNFDhO7HE,5465,5536,2025-09-21T21:23:52Z
perf_1031,song_0176,cOkNFDhO7HE,5536,5949,2025-09-21T21:23:52Z
perf_1032,song_0188,cOkNFDhO7HE,5949,6228,2025-09-21T21:23:52Z
perf_1033,song_0586,cOkNFDhO7HE,6228,6315,2025-09-21T21:23:52Z
perf_1034,song_0011,cOkNFDhO7HE,6315,6645,2025-09-21T21:23:52Z
perf_1035,song_0587,cOkNFDhO7HE,6645,6945,2025-09-21T21:23:52Z
perf_1036,song_0593,DYQ4cT4rYz8,63,356,2025-09-19T19:26:31Z
perf_1037,song_0491,DYQ4cT4rYz8,356,804,2025-09-19T19:26:31Z
perf_1038,song_0594,DYQ4cT4rYz8,804,1080,2025-09-19T19:26:31Z
perf_1039,song_0129,DYQ4cT4rYz8,1080,1475,2025-09-19T19:26:31Z
perf_1040,song_0131,DYQ4cT4rYz8,1475,2107,2025-09-19T19:26:31Z
perf_1041,song_0464,DYQ4cT4rYz8,2107,2383,2025-09-19T19:26:31Z
perf_1042,song_0588,DYQ4cT4rYz8,2383,2722,2025-09-19T19:26:31Z
perf_1043,song_0589,DYQ4cT4rYz8,2722,2897,2025-09-19T19:26:31Z
perf_1044,song_0595,DYQ4cT4rYz8,2897,3034,2025-09-19T19:26:31Z
perf_1045,song_0466,DYQ4cT4rYz8,4041,4315,2025-09-19T19:26:31Z
perf_1046,song_0590,DYQ4cT4rYz8,4315,4672,2025-09-19T19:26:31Z
perf_1047,song_0487,DYQ4cT4rYz8,4672,4957,2025-09-19T19:26:31Z
perf_1048,song_0591,DYQ4cT4rYz8,4957,5184,2025-09-19T19:26:31Z
perf_1049,song_0078,DYQ4cT4rYz8,5184,5404,2025-09-19T19:26:31Z
perf_1050,song_0090,DYQ4cT4rYz8,5404,5647,2025-09-19T19:26:31Z
perf_1051,song_0546,DYQ4cT4rYz8,5647,5921,2025-09-19T19:26:31Z
perf_1052,song_0315,DYQ4cT4rYz8,5921,6216,2025-09-19T19:26:31Z
perf_1053,song_0596,DYQ4cT4rYz8,6216,6321,2025-09-19T19:26:31Z
perf_1054,song_0319,DYQ4cT4rYz8,6321,6578,2025-09-19T19:26:31Z
perf_1055,song_0597,DYQ4cT4rYz8,6578,6677,2025-09-19T19:26:31Z
perf_1056,song_0592,DYQ4cT4rYz8,6677,6922,2025-09-19T19:26:31Z
perf_1057,song_0598,DYQ4cT4rYz8,6922,6943,2025-09-19T19:26:31Z
perf_1058,song_0069,DYQ4cT4rYz8,6943,7069,2025-09-19T19:26:31Z
perf_1059,song_0595,DYQ4cT4rYz8,7069,8077,2025-09-19T19:26:31Z
perf_1060,song_0006,DYQ4cT4rYz8,8077,8346,2025-09-19T19:26:31Z
perf_1061,song_0066,DYQ4cT4rYz8,8346,8641,2025-09-19T19:26:31Z
perf_1062,song_0005,DYQ4cT4rYz8,8641,9047,2025-09-19T19:26:31Z
perf_1063,song_0200,DYQ4cT4rYz8,9047,9391,2025-09-19T19:26:31Z
perf_1064,song_0007,DYQ4cT4rYz8,9391,9691,2025-09-19T19:26:31Z
perf_1065,song_0599,CI_EGcqIkbs,1289,1786,2025-09-13T19:17:22Z
perf_1066,song_0359,CI_EGcqIkbs,1786,2073,2025-09-13T19:17:22Z
perf_1067,song_0355,CI_EGcqIkbs,2073,2359,2025-09-13T19:17:22Z
perf_1068,song_0460,CI_EGcqIkbs,2359,2731,2025-09-13T19:17:22Z
perf_1069,song_0442,CI_EGcqIkbs,2731,3078,2025-09-13T19:17:22Z
perf_1070,song_0401,CI_EGcqIkbs,3078,3329,2025-09-13T19:17:22Z
perf_1071,song_0092,CI_EGcqIkbs,3329,3652,2025-09-13T19:17:22Z
perf_1072,song_0098,CI_EGcqIkbs,3652,3949,2025-09-13T19:17:22Z
perf_1073,song_0114,CI_EGcqIkbs,3949,4354,2025-09-13T19:17:22Z
perf_1074,song_0427,CI_EGcqIkbs,4354,4666,2025-09-13T19:17:22Z
perf_1075,song_0433,CI_EGcqIkbs,4666,4948,2025-09-13T19:17:22Z
perf_1076,song_0486,CI_EGcqIkbs,4948,5177,2025-09-13T19:17:22Z
perf_1077,song_0423,CI_EGcqIkbs,5177,5449,2025-09-13T19:17:22Z
perf_1078,song_0047,CI_EGcqIkbs,5449,5891,2025-09-13T19:17:22Z
perf_1079,song_0411,CI_EGcqIkbs,5891,6145,2025-09-13T19:17:22Z
perf_1080,song_0385,CI_EGcqIkbs,6145,6417,2025-09-13T19:17:22Z
perf_1081,song_0367,CI_EGcqIkbs,6417,6689,2025-09-13T19:17:22Z
perf_1082,song_0374,CI_EGcqIkbs,6689,7053,2025-09-13T19:17:22Z
perf_1083,song_0354,CI_EGcqIkbs,7053,7335,2025-09-13T19:17:22Z
perf_1084,song_0419,CI_EGcqIkbs,7335,7858,2025-09-13T19:17:22Z
perf_1085,song_0467,CI_EGcqIkbs,7858,8185,2025-09-13T19:17:22Z
perf_1086,song_0429,CI_EGcqIkbs,8185,8461,2025-09-13T19:17:22Z
perf_1087,song_0430,CI_EGcqIkbs,8461,8974,2025-09-13T19:17:22Z
perf_1088,song_0402,CI_EGcqIkbs,8974,9322,2025-09-13T19:17:22Z
perf_1089,song_0372,CI_EGcqIkbs,9322,10014,2025-09-13T19:17:22Z
perf_1090,song_0006,CI_EGcqIkbs,10014,10258,2025-09-13T19:17:22Z
perf_1091,song_0202,CI_EGcqIkbs,10258,10664,2025-09-13T19:17:22Z
perf_1092,song_0001,CI_EGcqIkbs,10664,10964,2025-09-13T19:17:22Z
perf_1093,song_0447,caiO8LTLxGQ,805,1136,2025-09-12T19:20:50Z
perf_1094,song_0600,caiO8LTLxGQ,1136,1744,2025-09-12T19:20:50Z
perf_1095,song_0480,caiO8LTLxGQ,1744,2283,2025-09-12T19:20:50Z
perf_1096,song_0129,caiO8LTLxGQ,2283,2811,2025-09-12T19:20:50Z
perf_1097,song_0132,caiO8LTLxGQ,2811,3167,2025-09-12T19:20:50Z
perf_1098,song_0315,caiO8LTLxGQ,3167,3530,2025-09-12T19:20:50Z
perf_1099,song_0102,caiO8LTLxGQ,3530,4397,2025-09-12T19:20:50Z
perf_1100,song_0361,caiO8LTLxGQ,4397,4639,2025-09-12T19:20:50Z
perf_1101,song_0011,caiO8LTLxGQ,4639,4989,2025-09-12T19:20:50Z
perf_1102,song_0405,caiO8LTLxGQ,4989,5985,2025-09-12T19:20:50Z
perf_1103,song_0601,caiO8LTLxGQ,5985,6729,2025-09-12T19:20:50Z
perf_1104,song_0077,caiO8LTLxGQ,6729,7286,2025-09-12T19:20:50Z
perf_1105,song_0379,caiO8LTLxGQ,7286,8151,2025-09-12T19:20:50Z
perf_1106,song_0370,caiO8LTLxGQ,8151,8830,2025-09-12T19:20:50Z
perf_1107,song_0369,caiO8LTLxGQ,8830,9525,2025-09-12T19:20:50Z
perf_1108,song_0407,caiO8LTLxGQ,9525,9845,2025-09-12T19:20:50Z
perf_1109,song_0487,caiO8LTLxGQ,9845,10129,2025-09-12T19:20:50Z
perf_1110,song_0466,caiO8LTLxGQ,10129,10450,2025-09-12T19:20:50Z
perf_1111,song_0381,caiO8LTLxGQ,10450,10750,2025-09-12T19:20:50Z
perf_1112,song_0402,DEnxw--Apuo,878,1294,2025-09-10T11:24:41Z
perf_1113,song_0588,DEnxw--Apuo,1294,1663,2025-09-10T11:24:41Z
perf_1114,song_0511,DEnxw--Apuo,1663,2262,2025-09-10T11:24:41Z
perf_1115,song_0602,DEnxw--Apuo,2262,3849,2025-09-10T11:24:41Z
perf_1116,song_0105,DEnxw--Apuo,3849,4069,2025-09-10T11:24:41Z
perf_1117,song_0117,DEnxw--Apuo,4069,4606,2025-09-10T11:24:41Z
perf_1118,song_0360,DEnxw--Apuo,4606,4901,2025-09-10T11:24:41Z
perf_1119,song_0603,DEnxw--Apuo,4901,5183,2025-09-10T11:24:41Z
perf_1120,song_0008,DEnxw--Apuo,5183,5555,2025-09-10T11:24:41Z
perf_1121,song_0318,DEnxw--Apuo,5555,5889,2025-09-10T11:24:41Z
perf_1122,song_0439,DEnxw--Apuo,5889,6261,2025-09-10T11:24:41Z
perf_1123,song_0604,DEnxw--Apuo,6261,6575,2025-09-10T11:24:41Z
perf_1124,song_0430,DEnxw--Apuo,6575,6866,2025-09-10T11:24:41Z
perf_1125,song_0478,DEnxw--Apuo,6866,7146,2025-09-10T11:24:41Z
perf_1126,song_0074,DEnxw--Apuo,7146,7659,2025-09-10T11:24:41Z
perf_1127,song_0605,DEnxw--Apuo,7659,7929,2025-09-10T11:24:41Z
perf_1128,song_0004,DEnxw--Apuo,7929,8286,2025-09-10T11:24:41Z
perf_1129,song_0409,DEnxw--Apuo,8286,8474,2025-09-10T11:24:41Z
perf_1130,song_0606,DEnxw--Apuo,8474,8609,2025-09-10T11:24:41Z
perf_1131,song_0119,DEnxw--Apuo,8609,8859,2025-09-10T11:24:41Z
perf_1132,song_0107,DEnxw--Apuo,8859,9178,2025-09-10T11:24:41Z
perf_1133,song_0110,DEnxw--Apuo,9178,9814,2025-09-10T11:24:41Z
perf_1134,song_0466,DEnxw--Apuo,9814,10064,2025-09-10T11:24:41Z
perf_1135,song_0447,DEnxw--Apuo,10064,10355,2025-09-10T11:24:41Z
perf_1136,song_0607,DEnxw--Apuo,10355,10655,2025-09-10T11:24:41Z
perf_1137,song_0418,LiJztl5KMxc,1829,2215,2025-09-09T18:10:42Z
perf_1138,song_0484,LiJztl5KMxc,2215,2736,2025-09-09T18:10:42Z
perf_1139,song_0608,LiJztl5KMxc,2736,3191,2025-09-09T18:10:42Z
perf_1140,song_0113,LiJztl5KMxc,3191,3481,2025-09-09T18:10:42Z
perf_1141,song_0112,LiJztl5KMxc,3481,3749,2025-09-09T18:10:42Z
perf_1142,song_0116,LiJztl5KMxc,3749,4927,2025-09-09T18:10:42Z
perf_1143,song_0372,LiJztl5KMxc,4927,5175,2025-09-09T18:10:42Z
perf_1144,song_0525,LiJztl5KMxc,5175,5380,2025-09-09T18:10:42Z
perf_1145,song_0188,LiJztl5KMxc,5380,6665,2025-09-09T18:10:42Z
perf_1146,song_0047,LiJztl5KMxc,6665,7014,2025-09-09T18:10:42Z
perf_1147,song_0037,LiJztl5KMxc,7014,7250,2025-09-09T18:10:42Z
perf_1148,song_0046,LiJztl5KMxc,7250,7801,2025-09-09T18:10:42Z
perf_1149,song_0384,LiJztl5KMxc,7801,8133,2025-09-09T18:10:42Z
perf_1150,song_0081,LiJztl5KMxc,8133,8415,2025-09-09T18:10:42Z
perf_1151,song_0420,LiJztl5KMxc,8415,8644,2025-09-09T18:10:42Z
perf_1152,song_0120,LiJztl5KMxc,8644,9043,2025-09-09T18:10:42Z
perf_1153,song_0069,LiJztl5KMxc,9043,9260,2025-09-09T18:10:42Z
perf_1154,song_0007,LiJztl5KMxc,9260,9631,2025-09-09T18:10:42Z
perf_1155,song_0134,LiJztl5KMxc,9631,9932,2025-09-09T18:10:42Z
perf_1156,song_0072,LiJztl5KMxc,9932,11183,2025-09-09T18:10:42Z
perf_1157,song_0068,LiJztl5KMxc,11183,11474,2025-09-09T18:10:42Z
perf_1158,song_0146,LiJztl5KMxc,11474,11734,2025-09-09T18:10:42Z
perf_1159,song_0016,LiJztl5KMxc,11734,12054,2025-09-09T18:10:42Z
perf_1160,song_0001,LiJztl5KMxc,12054,12354,2025-09-09T18:10:42Z
perf_1161,song_0609,agytmgvZhR0,980,1393,2025-09-08T20:10:04Z
perf_1162,song_0610,agytmgvZhR0,1393,1880,2025-09-08T20:10:04Z
perf_1163,song_0132,agytmgvZhR0,1880,2245,2025-09-08T20:10:04Z
perf_1164,song_0611,agytmgvZhR0,2245,2681,2025-09-08T20:10:04Z
perf_1165,song_0612,agytmgvZhR0,2681,3012,2025-09-08T20:10:04Z
perf_1166,song_0513,agytmgvZhR0,3012,3569,2025-09-08T20:10:04Z
perf_1167,song_0613,agytmgvZhR0,3569,3929,2025-09-08T20:10:04Z
perf_1168,song_0140,agytmgvZhR0,3929,4494,2025-09-08T20:10:04Z
perf_1169,song_0186,agytmgvZhR0,4494,4838,2025-09-08T20:10:04Z
perf_1170,song_0217,agytmgvZhR0,4838,5304,2025-09-08T20:10:04Z
perf_1171,song_0142,agytmgvZhR0,5304,5735,2025-09-08T20:10:04Z
perf_1172,song_0033,agytmgvZhR0,5735,6700,2025-09-08T20:10:04Z
perf_1173,song_0614,agytmgvZhR0,6700,7059,2025-09-08T20:10:04Z
perf_1174,song_0466,agytmgvZhR0,7059,7440,2025-09-08T20:10:04Z
perf_1175,song_0465,agytmgvZhR0,7440,8123,2025-09-08T20:10:04Z
perf_1176,song_0444,agytmgvZhR0,8123,8526,2025-09-08T20:10:04Z
perf_1177,song_0315,agytmgvZhR0,8526,8912,2025-09-08T20:10:04Z
perf_1178,song_0464,agytmgvZhR0,8912,9273,2025-09-08T20:10:04Z
perf_1179,song_0615,agytmgvZhR0,9273,9749,2025-09-08T20:10:04Z
perf_1180,song_0392,agytmgvZhR0,9749,10247,2025-09-08T20:10:04Z
perf_1181,song_0075,agytmgvZhR0,10247,10729,2025-09-08T20:10:04Z
perf_1182,song_0015,agytmgvZhR0,10729,11410,2025-09-08T20:10:04Z
perf_1183,song_0193,agytmgvZhR0,11410,11797,2025-09-08T20:10:04Z
perf_1184,song_0151,agytmgvZhR0,11797,12293,2025-09-08T20:10:04Z
perf_1185,song_0157,agytmgvZhR0,12293,12593,2025-09-08T20:10:04Z
perf_1186,song_0438,B4AXr25lQqQ,1204,1612,2025-09-06T17:47:30Z
perf_1187,song_0353,B4AXr25lQqQ,1612,2068,2025-09-06T17:47:30Z
perf_1188,song_0616,B4AXr25lQqQ,2068,2538,2025-09-06T17:47:30Z
perf_1189,song_0617,B4AXr25lQqQ,2538,2780,2025-09-06T17:47:30Z
perf_1190,song_0359,B4AXr25lQqQ,2780,3058,2025-09-06T17:47:30Z
perf_1191,song_0361,B4AXr25lQqQ,3058,3328,2025-09-06T17:47:30Z
perf_1192,song_0381,B4AXr25lQqQ,3328,3625,2025-09-06T17:47:30Z
perf_1193,song_0618,B4AXr25lQqQ,3625,3958,2025-09-06T17:47:30Z
perf_1194,song_0619,B4AXr25lQqQ,3958,4338,2025-09-06T17:47:30Z
perf_1195,song_0620,B4AXr25lQqQ,4338,4602,2025-09-06T17:47:30Z
perf_1196,song_0524,B4AXr25lQqQ,4602,4820,2025-09-06T17:47:30Z
perf_1197,song_0374,B4AXr25lQqQ,4820,5134,2025-09-06T17:47:30Z
perf_1198,song_0528,B4AXr25lQqQ,5134,5375,2025-09-06T17:47:30Z
perf_1199,song_0369,B4AXr25lQqQ,5375,5611,2025-09-06T17:47:30Z
perf_1200,song_0375,B4AXr25lQqQ,5611,5840,2025-09-06T17:47:30Z
perf_1201,song_0621,B4AXr25lQqQ,5840,6065,2025-09-06T17:47:30Z
perf_1202,song_0378,B4AXr25lQqQ,6065,6330,2025-09-06T17:47:30Z
perf_1203,song_0529,B4AXr25lQqQ,6330,6970,2025-09-06T17:47:30Z
perf_1204,song_0622,B4AXr25lQqQ,6970,6987,2025-09-06T17:47:30Z
perf_1205,song_0364,B4AXr25lQqQ,7268,7545,2025-09-06T17:47:30Z
perf_1206,song_0623,B4AXr25lQqQ,7545,7903,2025-09-06T17:47:30Z
perf_1207,song_0362,B4AXr25lQqQ,7903,8231,2025-09-06T17:47:30Z
perf_1208,song_0624,B4AXr25lQqQ,8231,8869,2025-09-06T17:47:30Z
perf_1209,song_0373,B4AXr25lQqQ,8869,9124,2025-09-06T17:47:30Z
perf_1210,song_0367,B4AXr25lQqQ,9124,9411,2025-09-06T17:47:30Z
perf_1211,song_0380,B4AXr25lQqQ,9411,9929,2025-09-06T17:47:30Z
perf_1212,song_0379,B4AXr25lQqQ,9929,10213,2025-09-06T17:47:30Z
perf_1213,song_0370,B4AXr25lQqQ,10213,10516,2025-09-06T17:47:30Z
perf_1214,song_0365,B4AXr25lQqQ,10516,10813,2025-09-06T17:47:30Z
perf_1215,song_0625,B4AXr25lQqQ,10813,11108,2025-09-06T17:47:30Z
perf_1216,song_0355,B4AXr25lQqQ,11108,11414,2025-09-06T17:47:30Z
perf_1217,song_0357,B4AXr25lQqQ,11414,11814,2025-09-06T17:47:30Z
perf_1218,song_0377,B4AXr25lQqQ,11814,12114,2025-09-06T17:47:30Z
perf_1219,song_0414,ar_RvxAt9cs,2132,3263,2025-09-05T18:51:58Z
perf_1220,song_0057,ar_RvxAt9cs,3263,3621,2025-09-05T18:51:58Z
perf_1221,song_0411,ar_RvxAt9cs,3621,3904,2025-09-05T18:51:58Z
perf_1222,song_0443,ar_RvxAt9cs,3904,4594,2025-09-05T18:51:58Z
perf_1223,song_0188,ar_RvxAt9cs,4594,5351,2025-09-05T18:51:58Z
perf_1224,song_0401,ar_RvxAt9cs,5351,5540,2025-09-05T18:51:58Z
perf_1225,song_0447,ar_RvxAt9cs,5540,5844,2025-09-05T18:51:58Z
perf_1226,song_0605,ar_RvxAt9cs,5844,6116,2025-09-05T18:51:58Z
perf_1227,song_0409,ar_RvxAt9cs,6116,6323,2025-09-05T18:51:58Z
perf_1228,song_0416,ar_RvxAt9cs,6323,6544,2025-09-05T18:51:58Z
perf_1229,song_0417,ar_RvxAt9cs,6544,6800,2025-09-05T18:51:58Z
perf_1230,song_0423,ar_RvxAt9cs,6800,7054,2025-09-05T18:51:58Z
perf_1231,song_0484,ar_RvxAt9cs,7054,7357,2025-09-05T18:51:58Z
perf_1232,song_0418,ar_RvxAt9cs,7357,7644,2025-09-05T18:51:58Z
perf_1233,song_0420,ar_RvxAt9cs,7644,7845,2025-09-05T18:51:58Z
perf_1234,song_0429,ar_RvxAt9cs,7845,8123,2025-09-05T18:51:58Z
perf_1235,song_0431,ar_RvxAt9cs,8123,8323,2025-09-05T18:51:58Z
perf_1236,song_0430,ar_RvxAt9cs,8323,8599,2025-09-05T18:51:58Z
perf_1237,song_0066,ar_RvxAt9cs,8599,8850,2025-09-05T18:51:58Z
perf_1238,song_0421,ar_RvxAt9cs,8850,9109,2025-09-05T18:51:58Z
perf_1239,song_0428,ar_RvxAt9cs,9109,9371,2025-09-05T18:51:58Z
perf_1240,song_0120,ar_RvxAt9cs,9371,9657,2025-09-05T18:51:58Z
perf_1241,song_0319,ar_RvxAt9cs,9657,9921,2025-09-05T18:51:58Z
perf_1242,song_0455,ar_RvxAt9cs,9921,10199,2025-09-05T18:51:58Z
perf_1243,song_0446,ar_RvxAt9cs,10199,10486,2025-09-05T18:51:58Z
perf_1244,song_0433,ar_RvxAt9cs,10486,10773,2025-09-05T18:51:58Z
perf_1245,song_0546,ar_RvxAt9cs,10773,11088,2025-09-05T18:51:58Z
perf_1246,song_0424,ar_RvxAt9cs,11088,11383,2025-09-05T18:51:58Z
perf_1247,song_0626,ar_RvxAt9cs,11383,11659,2025-09-05T18:51:58Z
perf_1248,song_0627,ar_RvxAt9cs,11659,12151,2025-09-05T18:51:58Z
perf_1249,song_0445,ar_RvxAt9cs,12151,12632,2025-09-05T18:51:58Z
perf_1250,song_0426,ar_RvxAt9cs,12632,12932,2025-09-05T18:51:58Z
perf_1251,song_0007,j2U9G8f5BSg,1493,1986,2025-09-03T20:19:27Z
perf_1252,song_0628,j2U9G8f5BSg,1986,2589,2025-09-03T20:19:27Z
perf_1253,song_0048,j2U9G8f5BSg,2589,3025,2025-09-03T20:19:27Z
perf_1254,song_0129,j2U9G8f5BSg,3025,3557,2025-09-03T20:19:27Z
perf_1255,song_0629,j2U9G8f5BSg,3557,3852,2025-09-03T20:19:27Z
perf_1256,song_0630,j2U9G8f5BSg,3852,4180,2025-09-03T20:19:27Z
perf_1257,song_0316,j2U9G8f5BSg,4180,4776,2025-09-03T20:19:27Z
perf_1258,song_0132,j2U9G8f5BSg,4776,5126,2025-09-03T20:19:27Z
perf_1259,song_0631,j2U9G8f5BSg,5126,5917,2025-09-03T20:19:27Z
perf_1260,song_0315,j2U9G8f5BSg,5917,6311,2025-09-03T20:19:27Z
perf_1261,song_0372,j2U9G8f5BSg,6311,6592,2025-09-03T20:19:27Z
perf_1262,song_0612,j2U9G8f5BSg,6592,7429,2025-09-03T20:19:27Z
perf_1263,song_0033,j2U9G8f5BSg,7429,8052,2025-09-03T20:19:27Z
perf_1264,song_0520,j2U9G8f5BSg,8052,8537,2025-09-03T20:19:27Z
perf_1265,song_0632,j2U9G8f5BSg,8537,9093,2025-09-03T20:19:27Z
perf_1266,song_0314,j2U9G8f5BSg,9093,9523,2025-09-03T20:19:27Z
perf_1267,song_0478,j2U9G8f5BSg,9523,9771,2025-09-03T20:19:27Z
perf_1268,song_0546,j2U9G8f5BSg,9771,10042,2025-09-03T20:19:27Z
perf_1269,song_0467,j2U9G8f5BSg,10042,10265,2025-09-03T20:19:27Z
perf_1270,song_0008,j2U9G8f5BSg,10265,10565,2025-09-03T20:19:27Z
perf_1271,song_0601,19ShypARiKc,1038,1858,2025-09-02T19:45:41Z
perf_1272,song_0633,19ShypARiKc,1858,2310,2025-09-02T19:45:41Z
perf_1273,song_0397,19ShypARiKc,2310,3499,2025-09-02T19:45:41Z
perf_1274,song_0634,19ShypARiKc,3499,3728,2025-09-02T19:45:41Z
perf_1275,song_0418,19ShypARiKc,3728,4245,2025-09-02T19:45:41Z
perf_1276,song_0471,19ShypARiKc,4245,4534,2025-09-02T19:45:41Z
perf_1277,song_0635,19ShypARiKc,4534,4768,2025-09-02T19:45:41Z
perf_1278,song_0636,19ShypARiKc,4768,5341,2025-09-02T19:45:41Z
perf_1279,song_0488,19ShypARiKc,5341,5666,2025-09-02T19:45:41Z
perf_1280,song_0385,19ShypARiKc,5666,5922,2025-09-02T19:45:41Z
perf_1281,song_0411,19ShypARiKc,5922,6157,2025-09-02T19:45:41Z
perf_1282,song_0446,19ShypARiKc,6157,6454,2025-09-02T19:45:41Z
perf_1283,song_0499,19ShypARiKc,6454,6891,2025-09-02T19:45:41Z
perf_1284,song_0637,19ShypARiKc,6891,7349,2025-09-02T19:45:41Z
perf_1285,song_0432,19ShypARiKc,7349,7589,2025-09-02T19:45:41Z
perf_1286,song_0638,19ShypARiKc,7589,7867,2025-09-02T19:45:41Z
perf_1287,song_0639,19ShypARiKc,7867,8213,2025-09-02T19:45:41Z
perf_1288,song_0640,19ShypARiKc,8213,8481,2025-09-02T19:45:41Z
perf_1289,song_0425,19ShypARiKc,8481,8794,2025-09-02T19:45:41Z
perf_1290,song_0547,19ShypARiKc,8794,9269,2025-09-02T19:45:41Z
perf_1291,song_0641,19ShypARiKc,9269,9570,2025-09-02T19:45:41Z
perf_1292,song_0515,19ShypARiKc,9570,9825,2025-09-02T19:45:41Z
perf_1293,song_0439,19ShypARiKc,9825,10241,2025-09-02T19:45:41Z
perf_1294,song_0642,19ShypARiKc,10241,10510,2025-09-02T19:45:41Z
perf_1295,song_0481,19ShypARiKc,10510,11335,2025-09-02T19:45:41Z
perf_1296,song_0436,19ShypARiKc,11335,11598,2025-09-02T19:45:41Z
perf_1297,song_0643,19ShypARiKc,11598,12458,2025-09-02T19:45:41Z
perf_1298,song_0421,19ShypARiKc,12458,12721,2025-09-02T19:45:41Z
perf_1299,song_0405,19ShypARiKc,12721,13021,2025-09-02T19:45:41Z
perf_1300,song_0429,VpqN8bJ0pfc,1167,1397,2025-08-21T17:35:26Z
perf_1301,song_0430,VpqN8bJ0pfc,1397,1780,2025-08-21T17:35:26Z
perf_1302,song_0411,VpqN8bJ0pfc,1780,2271,2025-08-21T17:35:26Z
perf_1303,song_0412,VpqN8bJ0pfc,2271,2610,2025-08-21T17:35:26Z
perf_1304,song_0644,VpqN8bJ0pfc,2610,2838,2025-08-21T17:35:26Z
perf_1305,song_0645,VpqN8bJ0pfc,2838,3119,2025-08-21T17:35:26Z
perf_1306,song_0646,VpqN8bJ0pfc,3119,3400,2025-08-21T17:35:26Z
perf_1307,song_0647,VpqN8bJ0pfc,3400,3609,2025-08-21T17:35:26Z
perf_1308,song_0420,VpqN8bJ0pfc,3609,3827,2025-08-21T17:35:26Z
perf_1309,song_0546,VpqN8bJ0pfc,3827,4078,2025-08-21T17:35:26Z
perf_1310,song_0648,VpqN8bJ0pfc,4078,4399,2025-08-21T17:35:26Z
perf_1311,song_0046,VpqN8bJ0pfc,4399,4726,2025-08-21T17:35:26Z
perf_1312,song_0425,VpqN8bJ0pfc,4726,5482,2025-08-21T17:35:26Z
perf_1313,song_0418,VpqN8bJ0pfc,5482,5721,2025-08-21T17:35:26Z
perf_1314,song_0649,VpqN8bJ0pfc,5721,6636,2025-08-21T17:35:26Z
perf_1315,song_0650,VpqN8bJ0pfc,6636,6886,2025-08-21T17:35:26Z
perf_1316,song_0495,VpqN8bJ0pfc,6886,7148,2025-08-21T17:35:26Z
perf_1317,song_0634,VpqN8bJ0pfc,7148,7614,2025-08-21T17:35:26Z
perf_1318,song_0003,VpqN8bJ0pfc,7614,7875,2025-08-21T17:35:26Z
perf_1319,song_0066,VpqN8bJ0pfc,7875,8183,2025-08-21T17:35:26Z
perf_1320,song_0455,VpqN8bJ0pfc,8183,9271,2025-08-21T17:35:26Z
perf_1321,song_0651,VpqN8bJ0pfc,9271,9830,2025-08-21T17:35:26Z
perf_1322,song_0047,VpqN8bJ0pfc,9830,10180,2025-08-21T17:35:26Z
perf_1323,song_0410,VpqN8bJ0pfc,10180,10412,2025-08-21T17:35:26Z
perf_1324,song_0002,VpqN8bJ0pfc,10412,10737,2025-08-21T17:35:26Z
perf_1325,song_0452,VpqN8bJ0pfc,10737,10964,2025-08-21T17:35:26Z
perf_1326,song_0431,VpqN8bJ0pfc,10964,11264,2025-08-21T17:35:26Z
perf_1327,song_0652,m2X2bZ-O6U4,1049,1095,2025-08-20T16:30:12Z
perf_1328,song_0444,m2X2bZ-O6U4,1416,1702,2025-08-20T16:30:12Z
perf_1329,song_0315,m2X2bZ-O6U4,1702,2968,2025-08-20T16:30:12Z
perf_1330,song_0362,m2X2bZ-O6U4,2968,4368,2025-08-20T16:30:12Z
perf_1331,song_0653,m2X2bZ-O6U4,4368,4680,2025-08-20T16:30:12Z
perf_1332,song_0609,m2X2bZ-O6U4,4680,5006,2025-08-20T16:30:12Z
perf_1333,song_0654,m2X2bZ-O6U4,5006,5358,2025-08-20T16:30:12Z
perf_1334,song_0466,m2X2bZ-O6U4,5358,5723,2025-08-20T16:30:12Z
perf_1335,song_0465,m2X2bZ-O6U4,5723,6527,2025-08-20T16:30:12Z
perf_1336,song_0624,m2X2bZ-O6U4,6527,6833,2025-08-20T16:30:12Z
perf_1337,song_0359,m2X2bZ-O6U4,6833,7133,2025-08-20T16:30:12Z
perf_1338,song_0048,N72prMJhR2Q,1140,1480,2025-08-19T18:34:47Z
perf_1339,song_0615,N72prMJhR2Q,1480,1516,2025-08-19T18:34:47Z
perf_1340,song_0655,N72prMJhR2Q,1516,1932,2025-08-19T18:34:47Z
perf_1341,song_0656,N72prMJhR2Q,1932,2226,2025-08-19T18:34:47Z
perf_1342,song_0442,N72prMJhR2Q,2226,2778,2025-08-19T18:34:47Z
perf_1343,song_0657,N72prMJhR2Q,2778,3069,2025-08-19T18:34:47Z
perf_1344,song_0110,N72prMJhR2Q,3069,3425,2025-08-19T18:34:47Z
perf_1345,song_0102,N72prMJhR2Q,3425,3708,2025-08-19T18:34:47Z
perf_1346,song_0103,N72prMJhR2Q,3708,3947,2025-08-19T18:34:47Z
perf_1347,song_0092,N72prMJhR2Q,3947,4227,2025-08-19T18:34:47Z
perf_1348,song_0658,N72prMJhR2Q,4227,4823,2025-08-19T18:34:47Z
perf_1349,song_0659,N72prMJhR2Q,4823,5090,2025-08-19T18:34:47Z
perf_1350,song_0135,N72prMJhR2Q,5090,5376,2025-08-19T18:34:47Z
perf_1351,song_0660,N72prMJhR2Q,5376,5656,2025-08-19T18:34:47Z
perf_1352,song_0661,N72prMJhR2Q,5656,5950,2025-08-19T18:34:47Z
perf_1353,song_0662,N72prMJhR2Q,5950,6269,2025-08-19T18:34:47Z
perf_1354,song_0392,N72prMJhR2Q,6269,6535,2025-08-19T18:34:47Z
perf_1355,song_0547,N72prMJhR2Q,6535,6846,2025-08-19T18:34:47Z
perf_1356,song_0117,N72prMJhR2Q,6846,7069,2025-08-19T18:34:47Z
perf_1357,song_0439,N72prMJhR2Q,7069,7390,2025-08-19T18:34:47Z
perf_1358,song_0486,N72prMJhR2Q,7390,7650,2025-08-19T18:34:47Z
perf_1359,song_0112,N72prMJhR2Q,7650,7876,2025-08-19T18:34:47Z
perf_1360,song_0114,N72prMJhR2Q,7876,8139,2025-08-19T18:34:47Z
perf_1361,song_0111,N72prMJhR2Q,8139,8381,2025-08-19T18:34:47Z
perf_1362,song_0097,N72prMJhR2Q,8381,8667,2025-08-19T18:34:47Z
perf_1363,song_0663,N72prMJhR2Q,8667,8741,2025-08-19T18:34:47Z
perf_1364,song_0007,N72prMJhR2Q,8741,9037,2025-08-19T18:34:47Z
perf_1365,song_0193,N72prMJhR2Q,9037,9779,2025-08-19T18:34:47Z
perf_1366,song_0318,N72prMJhR2Q,9779,10126,2025-08-19T18:34:47Z
perf_1367,song_0664,N72prMJhR2Q,10126,10395,2025-08-19T18:34:47Z
perf_1368,song_0665,N72prMJhR2Q,10395,11250,2025-08-19T18:34:47Z
perf_1369,song_0098,N72prMJhR2Q,11250,11550,2025-08-19T18:34:47Z
perf_1370,song_0513,G900qZaUqGg,746,1040,2025-08-18T18:59:19Z
perf_1371,song_0666,G900qZaUqGg,1252,1520,2025-08-18T18:59:19Z
perf_1372,song_0667,G900qZaUqGg,1697,2098,2025-08-18T18:59:19Z
perf_1373,song_0033,G900qZaUqGg,2255,2577,2025-08-18T18:59:19Z
perf_1374,song_0032,G900qZaUqGg,2595,2900,2025-08-18T18:59:19Z
perf_1375,song_0485,G900qZaUqGg,3067,3332,2025-08-18T18:59:19Z
perf_1376,song_0668,G900qZaUqGg,3376,3696,2025-08-18T18:59:19Z
perf_1377,song_0516,G900qZaUqGg,3952,4145,2025-08-18T18:59:19Z
perf_1378,song_0409,G900qZaUqGg,4156,4343,2025-08-18T18:59:19Z
perf_1379,song_0441,G900qZaUqGg,4367,4627,2025-08-18T18:59:19Z
perf_1380,song_0464,G900qZaUqGg,4706,4937,2025-08-18T18:59:19Z
perf_1381,song_0121,G900qZaUqGg,4960,5217,2025-08-18T18:59:19Z
perf_1382,song_0383,G900qZaUqGg,5239,5466,2025-08-18T18:59:19Z
perf_1383,song_0546,G900qZaUqGg,5504,5758,2025-08-18T18:59:19Z
perf_1384,song_0467,G900qZaUqGg,5789,6013,2025-08-18T18:59:19Z
perf_1385,song_0612,G900qZaUqGg,6066,6342,2025-08-18T18:59:19Z
perf_1386,song_0319,G900qZaUqGg,6382,6625,2025-08-18T18:59:19Z
perf_1387,song_0403,G900qZaUqGg,6662,6928,2025-08-18T18:59:19Z
perf_1388,song_0318,G900qZaUqGg,6967,7251,2025-08-18T18:59:19Z
perf_1389,song_0479,G900qZaUqGg,7315,7613,2025-08-18T18:59:19Z
perf_1390,song_0437,G900qZaUqGg,7656,7856,2025-08-18T18:59:19Z
perf_1391,song_0007,G900qZaUqGg,7910,8151,2025-08-18T18:59:19Z
perf_1392,song_0065,G900qZaUqGg,8224,8485,2025-08-18T18:59:19Z
perf_1393,song_0001,G900qZaUqGg,8674,8911,2025-08-18T18:59:19Z
perf_1394,song_0167,G900qZaUqGg,8948,9157,2025-08-18T18:59:19Z
perf_1395,song_0008,G900qZaUqGg,9176,9455,2025-08-18T18:59:19Z
perf_1396,song_0069,G900qZaUqGg,9475,9678,2025-08-18T18:59:19Z
perf_1397,song_0075,G900qZaUqGg,9898,10227,2025-08-18T18:59:19Z
perf_1398,song_0066,G900qZaUqGg,11005,11221,2025-08-18T18:59:19Z
perf_1399,song_0146,G900qZaUqGg,11228,11465,2025-08-18T18:59:19Z
perf_1400,song_0164,G900qZaUqGg,11485,11663,2025-08-18T18:59:19Z
perf_1401,song_0154,G900qZaUqGg,11708,11962,2025-08-18T18:59:19Z
perf_1402,song_0064,G900qZaUqGg,12071,12351,2025-08-18T18:59:19Z
perf_1403,song_0199,G900qZaUqGg,12827,13097,2025-08-18T18:59:19Z
perf_1404,song_0006,G900qZaUqGg,13132,13396,2025-08-18T18:59:19Z
perf_1405,song_0134,G900qZaUqGg,13450,13698,2025-08-18T18:59:19Z
perf_1406,song_0200,G900qZaUqGg,13760,14104,2025-08-18T18:59:19Z
perf_1407,song_0024,9DGL-LRRU0c,1355,1647,2025-08-16T19:28:54Z
perf_1408,song_0041,9DGL-LRRU0c,1793,2054,2025-08-16T19:28:54Z
perf_1409,song_0098,9DGL-LRRU0c,2173,2398,2025-08-16T19:28:54Z
perf_1410,song_0105,9DGL-LRRU0c,2473,2677,2025-08-16T19:28:54Z
perf_1411,song_0601,9DGL-LRRU0c,2709,2949,2025-08-16T19:28:54Z
perf_1412,song_0114,9DGL-LRRU0c,2958,3197,2025-08-16T19:28:54Z
perf_1413,song_0452,9DGL-LRRU0c,3315,3530,2025-08-16T19:28:54Z
perf_1414,song_0418,9DGL-LRRU0c,3545,3793,2025-08-16T19:28:54Z
perf_1415,song_0478,9DGL-LRRU0c,3810,4021,2025-08-16T19:28:54Z
perf_1416,song_0319,9DGL-LRRU0c,4038,4284,2025-08-16T19:28:54Z
perf_1417,song_0007,9DGL-LRRU0c,4293,4530,2025-08-16T19:28:54Z
perf_1418,song_0134,9DGL-LRRU0c,4682,4939,2025-08-16T19:28:54Z
perf_1419,song_0669,9DGL-LRRU0c,4965,5209,2025-08-16T19:28:54Z
perf_1420,song_0670,9DGL-LRRU0c,6260,6448,2025-08-16T19:28:54Z
perf_1421,song_0131,9DGL-LRRU0c,6489,6727,2025-08-16T19:28:54Z
perf_1422,song_0188,9DGL-LRRU0c,6821,7092,2025-08-16T19:28:54Z
perf_1423,song_0486,9DGL-LRRU0c,7148,7326,2025-08-16T19:28:54Z
perf_1424,song_0466,9DGL-LRRU0c,7354,7586,2025-08-16T19:28:54Z
perf_1425,song_0671,9DGL-LRRU0c,8789,9030,2025-08-16T19:28:54Z
perf_1426,song_0101,9DGL-LRRU0c,9205,9489,2025-08-16T19:28:54Z
perf_1427,song_0119,9DGL-LRRU0c,9509,9745,2025-08-16T19:28:54Z
perf_1428,song_0116,9DGL-LRRU0c,9793,10013,2025-08-16T19:28:54Z
perf_1429,song_0112,9DGL-LRRU0c,10053,10252,2025-08-16T19:28:54Z
perf_1430,song_0672,9DGL-LRRU0c,10616,10758,2025-08-16T19:28:54Z
perf_1431,song_0106,9DGL-LRRU0c,10782,11108,2025-08-16T19:28:54Z
perf_1432,song_0118,9DGL-LRRU0c,11121,11357,2025-08-16T19:28:54Z
perf_1433,song_0196,9DGL-LRRU0c,11547,11775,2025-08-16T19:28:54Z
perf_1434,song_0388,9DGL-LRRU0c,12387,12555,2025-08-16T19:28:54Z
perf_1435,song_0640,9DGL-LRRU0c,12726,12928,2025-08-16T19:28:54Z
perf_1436,song_0397,9DGL-LRRU0c,13273,13494,2025-08-16T19:28:54Z
perf_1437,song_0372,QmQ6fQlPcdY,1088,1545,2025-08-14T17:05:42Z
perf_1438,song_0371,QmQ6fQlPcdY,1545,2172,2025-08-14T17:05:42Z
perf_1439,song_0673,QmQ6fQlPcdY,2172,2581,2025-08-14T17:05:42Z
perf_1440,song_0354,QmQ6fQlPcdY,2581,3398,2025-08-14T17:05:42Z
perf_1441,song_0378,QmQ6fQlPcdY,3398,3694,2025-08-14T17:05:42Z
perf_1442,song_0359,QmQ6fQlPcdY,3694,3933,2025-08-14T17:05:42Z
perf_1443,song_0360,QmQ6fQlPcdY,3933,4199,2025-08-14T17:05:42Z
perf_1444,song_0361,QmQ6fQlPcdY,4199,4508,2025-08-14T17:05:42Z
perf_1445,song_0674,QmQ6fQlPcdY,4508,4719,2025-08-14T17:05:42Z
perf_1446,song_0625,QmQ6fQlPcdY,4719,5024,2025-08-14T17:05:42Z
perf_1447,song_0363,QmQ6fQlPcdY,5024,5561,2025-08-14T17:05:42Z
perf_1448,song_0624,QmQ6fQlPcdY,5561,5942,2025-08-14T17:05:42Z
perf_1449,song_0362,QmQ6fQlPcdY,5942,6247,2025-08-14T17:05:42Z
perf_1450,song_0381,QmQ6fQlPcdY,6247,6585,2025-08-14T17:05:42Z
perf_1451,song_0365,QmQ6fQlPcdY,6585,6818,2025-08-14T17:05:42Z
perf_1452,song_0529,QmQ6fQlPcdY,6818,7342,2025-08-14T17:05:42Z
perf_1453,song_0380,QmQ6fQlPcdY,7342,7616,2025-08-14T17:05:42Z
perf_1454,song_0675,QmQ6fQlPcdY,7616,7861,2025-08-14T17:05:42Z
perf_1455,song_0370,QmQ6fQlPcdY,7861,8136,2025-08-14T17:05:42Z
perf_1456,song_0369,QmQ6fQlPcdY,8136,8455,2025-08-14T17:05:42Z
perf_1457,song_0676,QmQ6fQlPcdY,8455,8805,2025-08-14T17:05:42Z
perf_1458,song_0353,QmQ6fQlPcdY,8805,9009,2025-08-14T17:05:42Z
perf_1459,song_0374,QmQ6fQlPcdY,9009,9306,2025-08-14T17:05:42Z
perf_1460,song_0367,QmQ6fQlPcdY,9306,9606,2025-08-14T17:05:42Z
perf_1461,song_0373,dC089t-RiRY,914,1324,2025-08-13T19:03:02Z
perf_1462,song_0357,dC089t-RiRY,1324,1835,2025-08-13T19:03:02Z
perf_1463,song_0237,dC089t-RiRY,1835,2174,2025-08-13T19:03:02Z
perf_1464,song_0403,dC089t-RiRY,2174,2612,2025-08-13T19:03:02Z
perf_1465,song_0638,dC089t-RiRY,2612,2994,2025-08-13T19:03:02Z
perf_1466,song_0443,dC089t-RiRY,2994,3295,2025-08-13T19:03:02Z
perf_1467,song_0677,dC089t-RiRY,3295,3556,2025-08-13T19:03:02Z
perf_1468,song_0678,dC089t-RiRY,3556,3953,2025-08-13T19:03:02Z
perf_1469,song_0679,dC089t-RiRY,3953,4074,2025-08-13T19:03:02Z
perf_1470,song_0680,dC089t-RiRY,4074,4490,2025-08-13T19:03:02Z
perf_1471,song_0681,dC089t-RiRY,4490,4863,2025-08-13T19:03:02Z
perf_1472,song_0639,dC089t-RiRY,4863,5414,2025-08-13T19:03:02Z
perf_1473,song_0682,dC089t-RiRY,5414,5787,2025-08-13T19:03:02Z
perf_1474,song_0446,dC089t-RiRY,5787,6077,2025-08-13T19:03:02Z
perf_1475,song_0683,dC089t-RiRY,6077,6670,2025-08-13T19:03:02Z
perf_1476,song_0635,dC089t-RiRY,6670,6909,2025-08-13T19:03:02Z
perf_1477,song_0001,dC089t-RiRY,6909,7162,2025-08-13T19:03:02Z
perf_1478,song_0069,dC089t-RiRY,7162,7428,2025-08-13T19:03:02Z
perf_1479,song_0065,dC089t-RiRY,7428,7840,2025-08-13T19:03:02Z
perf_1480,song_0488,dC089t-RiRY,7840,8154,2025-08-13T19:03:02Z
perf_1481,song_0439,dC089t-RiRY,8154,8466,2025-08-13T19:03:02Z
perf_1482,song_0315,dC089t-RiRY,8466,8755,2025-08-13T19:03:02Z
perf_1483,song_0402,dC089t-RiRY,8755,9034,2025-08-13T19:03:02Z
perf_1484,song_0441,dC089t-RiRY,9034,9446,2025-08-13T19:03:02Z
perf_1485,song_0401,dC089t-RiRY,9446,9659,2025-08-13T19:03:02Z
perf_1486,song_0433,dC089t-RiRY,9659,9966,2025-08-13T19:03:02Z
perf_1487,song_0178,dC089t-RiRY,9966,10240,2025-08-13T19:03:02Z
perf_1488,song_0167,dC089t-RiRY,10240,10584,2025-08-13T19:03:02Z
perf_1489,song_0068,dC089t-RiRY,10584,10875,2025-08-13T19:03:02Z
perf_1490,song_0164,dC089t-RiRY,10875,11141,2025-08-13T19:03:02Z
perf_1491,song_0064,dC089t-RiRY,11141,11878,2025-08-13T19:03:02Z
perf_1492,song_0472,dC089t-RiRY,11878,12350,2025-08-13T19:03:02Z
perf_1493,song_0044,dC089t-RiRY,12350,13385,2025-08-13T19:03:02Z
perf_1494,song_0045,dC089t-RiRY,13385,14035,2025-08-13T19:03:02Z
perf_1495,song_0685,dC089t-RiRY,14035,14312,2025-08-13T19:03:02Z
perf_1496,song_0209,dC089t-RiRY,14312,14555,2025-08-13T19:03:02Z
perf_1497,song_0684,dC089t-RiRY,14555,14598,2025-08-13T19:03:02Z
perf_1498,song_0686,wDr39WqUL0E,1119,1388,2025-08-11T18:34:48Z
perf_1499,song_0405,wDr39WqUL0E,1388,1673,2025-08-11T18:34:48Z
perf_1500,song_0687,wDr39WqUL0E,1673,1991,2025-08-11T18:34:48Z
perf_1501,song_0688,wDr39WqUL0E,1991,2387,2025-08-11T18:34:48Z
perf_1502,song_0444,wDr39WqUL0E,2387,2740,2025-08-11T18:34:48Z
perf_1503,song_0689,wDr39WqUL0E,2740,3005,2025-08-11T18:34:48Z
perf_1504,song_0609,wDr39WqUL0E,3005,3352,2025-08-11T18:34:48Z
perf_1505,song_0610,wDr39WqUL0E,3352,4003,2025-08-11T18:34:48Z
perf_1506,song_0690,wDr39WqUL0E,4003,4255,2025-08-11T18:34:48Z
perf_1507,song_0547,wDr39WqUL0E,4255,4657,2025-08-11T18:34:48Z
perf_1508,song_0511,wDr39WqUL0E,4657,5038,2025-08-11T18:34:48Z
perf_1509,song_0484,wDr39WqUL0E,5038,5435,2025-08-11T18:34:48Z
perf_1510,song_0691,wDr39WqUL0E,5435,5872,2025-08-11T18:34:48Z
perf_1511,song_0425,wDr39WqUL0E,5872,6200,2025-08-11T18:34:48Z
perf_1512,song_0008,wDr39WqUL0E,6200,6478,2025-08-11T18:34:48Z
perf_1513,song_0066,wDr39WqUL0E,6478,6920,2025-08-11T18:34:48Z
perf_1514,song_0495,wDr39WqUL0E,6920,7276,2025-08-11T18:34:48Z
perf_1515,song_0692,wDr39WqUL0E,7276,7576,2025-08-11T18:34:48Z
perf_1516,song_0693,k7asFBbkFYs,1416,1769,2025-08-10T18:20:31Z
perf_1517,song_0694,k7asFBbkFYs,1769,2126,2025-08-10T18:20:31Z
perf_1518,song_0695,k7asFBbkFYs,2126,2569,2025-08-10T18:20:31Z
perf_1519,song_0696,k7asFBbkFYs,2569,3117,2025-08-10T18:20:31Z
perf_1520,song_0697,k7asFBbkFYs,3117,3695,2025-08-10T18:20:31Z
perf_1521,song_0698,k7asFBbkFYs,3695,4181,2025-08-10T18:20:31Z
perf_1522,song_0699,k7asFBbkFYs,4181,4535,2025-08-10T18:20:31Z
perf_1523,song_0700,k7asFBbkFYs,4535,4775,2025-08-10T18:20:31Z
perf_1524,song_0701,k7asFBbkFYs,4775,5180,2025-08-10T18:20:31Z
perf_1525,song_0702,k7asFBbkFYs,5180,6457,2025-08-10T18:20:31Z
perf_1526,song_0703,k7asFBbkFYs,6457,6743,2025-08-10T18:20:31Z
perf_1527,song_0704,k7asFBbkFYs,6743,7377,2025-08-10T18:20:31Z
perf_1528,song_0705,k7asFBbkFYs,7377,7664,2025-08-10T18:20:31Z
perf_1529,song_0706,k7asFBbkFYs,7664,8168,2025-08-10T18:20:31Z
perf_1530,song_0707,k7asFBbkFYs,8168,8528,2025-08-10T18:20:31Z
perf_1531,song_0708,k7asFBbkFYs,8528,8958,2025-08-10T18:20:31Z
perf_1532,song_0709,k7asFBbkFYs,8958,9208,2025-08-10T18:20:31Z
perf_1533,song_0710,k7asFBbkFYs,9208,9524,2025-08-10T18:20:31Z
perf_1534,song_0711,k7asFBbkFYs,9524,9862,2025-08-10T18:20:31Z
perf_1535,song_0712,k7asFBbkFYs,9862,11086,2025-08-10T18:20:31Z
perf_1536,song_0713,k7asFBbkFYs,11086,11386,2025-08-10T18:20:31Z
perf_1537,song_0402,PCFJGWsxuXg,825,1084,2025-08-09T19:28:13Z
perf_1538,song_0432,PCFJGWsxuXg,1096,1306,2025-08-09T19:28:13Z
perf_1539,song_0444,PCFJGWsxuXg,1450,1713,2025-08-09T19:28:13Z
perf_1540,song_0667,PCFJGWsxuXg,1847,2235,2025-08-09T19:28:13Z
perf_1541,song_0110,PCFJGWsxuXg,2449,2752,2025-08-09T19:28:13Z
perf_1542,song_0102,PCFJGWsxuXg,2933,3189,2025-08-09T19:28:13Z
perf_1543,song_0364,PCFJGWsxuXg,3218,3472,2025-08-09T19:28:13Z
perf_1544,song_0354,PCFJGWsxuXg,3508,3753,2025-08-09T19:28:13Z
perf_1545,song_0624,PCFJGWsxuXg,3796,4057,2025-08-09T19:28:13Z
perf_1546,song_0714,PCFJGWsxuXg,4130,4359,2025-08-09T19:28:13Z
perf_1547,song_0609,PCFJGWsxuXg,4386,4680,2025-08-09T19:28:13Z
perf_1548,song_0064,PCFJGWsxuXg,4739,5029,2025-08-09T19:28:13Z
perf_1549,song_0070,PCFJGWsxuXg,5085,5346,2025-08-09T19:28:13Z
perf_1550,song_0006,PCFJGWsxuXg,5469,5727,2025-08-09T19:28:13Z
perf_1551,song_0008,PCFJGWsxuXg,5757,6029,2025-08-09T19:28:13Z
perf_1552,song_0001,PCFJGWsxuXg,6076,6319,2025-08-09T19:28:13Z
perf_1553,song_0007,PCFJGWsxuXg,6354,6594,2025-08-09T19:28:13Z
perf_1554,song_0134,PCFJGWsxuXg,7251,7506,2025-08-09T19:28:13Z
perf_1555,song_0069,PCFJGWsxuXg,7548,7744,2025-08-09T19:28:13Z
perf_1556,song_0487,eXlDZNtJpi8,298,524,2025-08-08T17:28:19Z
perf_1557,song_0372,eXlDZNtJpi8,553,759,2025-08-08T17:28:19Z
perf_1558,song_0315,eXlDZNtJpi8,788,1062,2025-08-08T17:28:19Z
perf_1559,song_0118,eXlDZNtJpi8,1135,1381,2025-08-08T17:28:19Z
perf_1560,song_0370,eXlDZNtJpi8,1395,1586,2025-08-08T17:28:19Z
perf_1561,song_0374,eXlDZNtJpi8,1601,1891,2025-08-08T17:28:19Z
perf_1562,song_0443,eXlDZNtJpi8,1949,2158,2025-08-08T17:28:19Z
perf_1563,song_0715,eXlDZNtJpi8,2235,2508,2025-08-08T17:28:19Z
perf_1564,song_0661,eXlDZNtJpi8,2588,2887,2025-08-08T17:28:19Z
perf_1565,song_0405,eXlDZNtJpi8,2906,3110,2025-08-08T17:28:19Z
perf_1566,song_0421,eXlDZNtJpi8,3136,3372,2025-08-08T17:28:19Z
perf_1567,song_0319,eXlDZNtJpi8,3392,3646,2025-08-08T17:28:19Z
perf_1568,song_0403,eXlDZNtJpi8,3657,3913,2025-08-08T17:28:19Z
perf_1569,song_0716,eXlDZNtJpi8,3949,4162,2025-08-08T17:28:19Z
perf_1570,song_0001,eXlDZNtJpi8,4229,4467,2025-08-08T17:28:19Z
perf_1571,song_0008,eXlDZNtJpi8,4482,4747,2025-08-08T17:28:19Z
perf_1572,song_0717,eXlDZNtJpi8,4761,5038,2025-08-08T17:28:19Z
perf_1573,song_0389,eXlDZNtJpi8,5067,5305,2025-08-08T17:28:19Z
perf_1574,song_0488,eXlDZNtJpi8,5363,5663,2025-08-08T17:28:19Z
perf_1575,song_0411,eXlDZNtJpi8,5676,5889,2025-08-08T17:28:19Z
perf_1576,song_0423,eXlDZNtJpi8,5911,6144,2025-08-08T17:28:19Z
perf_1577,song_0007,eXlDZNtJpi8,6291,6530,2025-08-08T17:28:19Z
perf_1578,song_0006,eXlDZNtJpi8,6557,6818,2025-08-08T17:28:19Z
perf_1579,song_0639,eXlDZNtJpi8,6847,7168,2025-08-08T17:28:19Z
perf_1580,song_0718,WmYhdrcYxLA,441,441,2025-08-07T16:27:03Z
perf_1581,song_0719,WmYhdrcYxLA,441,745,2025-08-07T16:27:03Z
perf_1582,song_0447,WmYhdrcYxLA,745,745,2025-08-07T16:27:03Z
perf_1583,song_0720,WmYhdrcYxLA,745,1111,2025-08-07T16:27:03Z
perf_1584,song_0588,WmYhdrcYxLA,1111,1542,2025-08-07T16:27:03Z
perf_1585,song_0721,WmYhdrcYxLA,1542,1542,2025-08-07T16:27:03Z
perf_1586,song_0722,WmYhdrcYxLA,1542,1853,2025-08-07T16:27:03Z
perf_1587,song_0723,WmYhdrcYxLA,1853,2037,2025-08-07T16:27:03Z
perf_1588,song_0514,WmYhdrcYxLA,2037,2037,2025-08-07T16:27:03Z
perf_1589,song_0724,WmYhdrcYxLA,2037,2341,2025-08-07T16:27:03Z
perf_1590,song_0515,WmYhdrcYxLA,2341,2341,2025-08-07T16:27:03Z
perf_1591,song_0725,WmYhdrcYxLA,2341,2669,2025-08-07T16:27:03Z
perf_1592,song_0065,WmYhdrcYxLA,2669,2948,2025-08-07T16:27:03Z
perf_1593,song_0164,WmYhdrcYxLA,2948,3541,2025-08-07T16:27:03Z
perf_1594,song_0140,WmYhdrcYxLA,3541,3864,2025-08-07T16:27:03Z
perf_1595,song_0726,WmYhdrcYxLA,3864,4516,2025-08-07T16:27:03Z
perf_1596,song_0106,WmYhdrcYxLA,4516,4516,2025-08-07T16:27:03Z
perf_1597,song_0727,WmYhdrcYxLA,4516,4847,2025-08-07T16:27:03Z
perf_1598,song_0728,WmYhdrcYxLA,4847,4847,2025-08-07T16:27:03Z
perf_1599,song_0729,WmYhdrcYxLA,4847,5101,2025-08-07T16:27:03Z
perf_1600,song_0392,WmYhdrcYxLA,5101,5101,2025-08-07T16:27:03Z
perf_1601,song_0730,WmYhdrcYxLA,5101,5353,2025-08-07T16:27:03Z
perf_1602,song_0101,WmYhdrcYxLA,5353,5353,2025-08-07T16:27:03Z
perf_1603,song_0731,WmYhdrcYxLA,5353,5669,2025-08-07T16:27:03Z
perf_1604,song_0367,WmYhdrcYxLA,5669,5669,2025-08-07T16:27:03Z
perf_1605,song_0732,WmYhdrcYxLA,5669,5897,2025-08-07T16:27:03Z
perf_1606,song_0418,WmYhdrcYxLA,5897,6286,2025-08-07T16:27:03Z
perf_1607,song_0439,WmYhdrcYxLA,6286,6286,2025-08-07T16:27:03Z
perf_1608,song_0733,WmYhdrcYxLA,6286,6598,2025-08-07T16:27:03Z
perf_1609,song_0545,WmYhdrcYxLA,6598,6598,2025-08-07T16:27:03Z
perf_1610,song_0734,WmYhdrcYxLA,6598,6913,2025-08-07T16:27:03Z
perf_1611,song_0408,WmYhdrcYxLA,6913,7310,2025-08-07T16:27:03Z
perf_1612,song_0735,WmYhdrcYxLA,7310,7617,2025-08-07T16:27:03Z
perf_1613,song_0467,WmYhdrcYxLA,7617,7917,2025-08-07T16:27:03Z
perf_1614,song_0442,nMP02CeqvD0,399,735,2025-08-06T16:35:41Z
perf_1615,song_0465,nMP02CeqvD0,735,1169,2025-08-06T16:35:41Z
perf_1616,song_0407,nMP02CeqvD0,1169,1169,2025-08-06T16:35:41Z
perf_1617,song_0736,nMP02CeqvD0,1169,1464,2025-08-06T16:35:41Z
perf_1618,song_0602,nMP02CeqvD0,1464,1763,2025-08-06T16:35:41Z
perf_1619,song_0612,nMP02CeqvD0,1763,1763,2025-08-06T16:35:41Z
perf_1620,song_0737,nMP02CeqvD0,1763,2191,2025-08-06T16:35:41Z
perf_1621,song_0479,nMP02CeqvD0,2191,2504,2025-08-06T16:35:41Z
perf_1622,song_0738,nMP02CeqvD0,2504,2504,2025-08-06T16:35:41Z
perf_1623,song_0739,nMP02CeqvD0,2504,2848,2025-08-06T16:35:41Z
perf_1624,song_0640,nMP02CeqvD0,2848,3106,2025-08-06T16:35:41Z
perf_1625,song_0414,nMP02CeqvD0,3106,3511,2025-08-06T16:35:41Z
perf_1626,song_0409,nMP02CeqvD0,3511,3511,2025-08-06T16:35:41Z
perf_1627,song_0740,nMP02CeqvD0,3511,3754,2025-08-06T16:35:41Z
perf_1628,song_0741,nMP02CeqvD0,3754,3754,2025-08-06T16:35:41Z
perf_1629,song_0742,nMP02CeqvD0,3754,4003,2025-08-06T16:35:41Z
perf_1630,song_0388,nMP02CeqvD0,4003,4003,2025-08-06T16:35:41Z
perf_1631,song_0743,nMP02CeqvD0,4003,4302,2025-08-06T16:35:41Z
perf_1632,song_0744,nMP02CeqvD0,4302,4525,2025-08-06T16:35:41Z
perf_1633,song_0639,nMP02CeqvD0,4525,4525,2025-08-06T16:35:41Z
perf_1634,song_0745,nMP02CeqvD0,4525,4854,2025-08-06T16:35:41Z
perf_1635,song_0012,nMP02CeqvD0,4854,5154,2025-08-06T16:35:41Z
perf_1636,song_0238,nMP02CeqvD0,5154,5569,2025-08-06T16:35:41Z
perf_1637,song_0746,nMP02CeqvD0,5569,5899,2025-08-06T16:35:41Z
perf_1638,song_0102,nMP02CeqvD0,5899,5899,2025-08-06T16:35:41Z
perf_1639,song_0747,nMP02CeqvD0,5899,6195,2025-08-06T16:35:41Z
perf_1640,song_0103,nMP02CeqvD0,6195,6195,2025-08-06T16:35:41Z
perf_1641,song_0748,nMP02CeqvD0,6195,6475,2025-08-06T16:35:41Z
perf_1642,song_0749,nMP02CeqvD0,6475,6818,2025-08-06T16:35:41Z
perf_1643,song_0653,nMP02CeqvD0,6818,6818,2025-08-06T16:35:41Z
perf_1644,song_0750,nMP02CeqvD0,6818,7113,2025-08-06T16:35:41Z
perf_1645,song_0439,nMP02CeqvD0,7113,7113,2025-08-06T16:35:41Z
perf_1646,song_0733,nMP02CeqvD0,7113,7454,2025-08-06T16:35:41Z
perf_1647,song_0751,nMP02CeqvD0,7454,7454,2025-08-06T16:35:41Z
perf_1648,song_0752,nMP02CeqvD0,7454,7754,2025-08-06T16:35:41Z
perf_1649,song_0110,MokfNvrXf4k,343,343,2025-08-05T16:47:45Z
perf_1650,song_0753,MokfNvrXf4k,343,718,2025-08-05T16:47:45Z
perf_1651,song_0615,MokfNvrXf4k,718,718,2025-08-05T16:47:45Z
perf_1652,song_0754,MokfNvrXf4k,718,1062,2025-08-05T16:47:45Z
perf_1653,song_0755,MokfNvrXf4k,1062,1382,2025-08-05T16:47:45Z
perf_1654,song_0514,MokfNvrXf4k,1382,1382,2025-08-05T16:47:45Z
perf_1655,song_0724,MokfNvrXf4k,1382,1679,2025-08-05T16:47:45Z
perf_1656,song_0392,MokfNvrXf4k,1679,1679,2025-08-05T16:47:45Z
perf_1657,song_0730,MokfNvrXf4k,1679,1972,2025-08-05T16:47:45Z
perf_1658,song_0660,MokfNvrXf4k,1972,1972,2025-08-05T16:47:45Z
perf_1659,song_0756,MokfNvrXf4k,1972,2326,2025-08-05T16:47:45Z
perf_1660,song_0385,MokfNvrXf4k,2326,2326,2025-08-05T16:47:45Z
perf_1661,song_0757,MokfNvrXf4k,2326,2626,2025-08-05T16:47:45Z
perf_1662,song_0006,p7fml_AqBoA,288,574,2025-08-04T23:11:57Z
perf_1663,song_0402,p7fml_AqBoA,574,574,2025-08-04T23:11:57Z
perf_1664,song_0758,p7fml_AqBoA,574,845,2025-08-04T23:11:57Z
perf_1665,song_0486,p7fml_AqBoA,845,845,2025-08-04T23:11:57Z
perf_1666,song_0759,p7fml_AqBoA,845,1046,2025-08-04T23:11:57Z
perf_1667,song_0439,p7fml_AqBoA,1046,1046,2025-08-04T23:11:57Z
perf_1668,song_0733,p7fml_AqBoA,1046,1374,2025-08-04T23:11:57Z
perf_1669,song_0760,p7fml_AqBoA,1374,1824,2025-08-04T23:11:57Z
perf_1670,song_0432,p7fml_AqBoA,1824,1824,2025-08-04T23:11:57Z
perf_1671,song_0761,p7fml_AqBoA,1824,2041,2025-08-04T23:11:57Z
perf_1672,song_0485,p7fml_AqBoA,2041,2380,2025-08-04T23:11:57Z
perf_1673,song_0467,p7fml_AqBoA,2380,2652,2025-08-04T23:11:57Z
perf_1674,song_0117,p7fml_AqBoA,2652,2652,2025-08-04T23:11:57Z
perf_1675,song_0762,p7fml_AqBoA,2652,2907,2025-08-04T23:11:57Z
perf_1676,song_0007,p7fml_AqBoA,2907,3300,2025-08-04T23:11:57Z
perf_1677,song_0468,p7fml_AqBoA,3300,3600,2025-08-04T23:11:57Z
perf_1678,song_0763,xTy--TUT5pU,1,873,2025-08-01T16:36:40Z
perf_1679,song_0764,xTy--TUT5pU,873,1093,2025-08-01T16:36:40Z
perf_1680,song_0472,xTy--TUT5pU,1093,1385,2025-08-01T16:36:40Z
perf_1681,song_0765,xTy--TUT5pU,1385,1910,2025-08-01T16:36:40Z
perf_1682,song_0766,xTy--TUT5pU,1910,2294,2025-08-01T16:36:40Z
perf_1683,song_0767,xTy--TUT5pU,2294,2779,2025-08-01T16:36:40Z
perf_1684,song_0458,xTy--TUT5pU,2779,3003,2025-08-01T16:36:40Z
perf_1685,song_0768,xTy--TUT5pU,3003,3303,2025-08-01T16:36:40Z
perf_1686,song_0603,Y9UuyIcQKQk,455,820,2025-07-31T12:02:54Z
perf_1687,song_0769,Y9UuyIcQKQk,820,1182,2025-07-31T12:02:54Z
perf_1688,song_0770,Y9UuyIcQKQk,1182,1481,2025-07-31T12:02:54Z
perf_1689,song_0544,Y9UuyIcQKQk,1481,1763,2025-07-31T12:02:54Z
perf_1690,song_0771,Y9UuyIcQKQk,1763,2128,2025-07-31T12:02:54Z
perf_1691,song_0656,Y9UuyIcQKQk,2128,2413,2025-07-31T12:02:54Z
perf_1692,song_0460,Y9UuyIcQKQk,2413,2933,2025-07-31T12:02:54Z
perf_1693,song_0772,Y9UuyIcQKQk,2933,2933,2025-07-31T12:02:54Z
perf_1694,song_0773,Y9UuyIcQKQk,2933,3288,2025-07-31T12:02:54Z
perf_1695,song_0774,Y9UuyIcQKQk,3288,3589,2025-07-31T12:02:54Z
perf_1696,song_0471,Y9UuyIcQKQk,3589,3889,2025-07-31T12:02:54Z
perf_1697,song_0145,6mTAr79ArrI,440,666,2026-02-12T15:55:23Z
perf_1698,song_0133,6mTAr79ArrI,838,918,2026-02-12T15:55:23Z
perf_1699,song_0017,6mTAr79ArrI,1044,1286,2026-02-12T15:55:23Z
perf_1700,song_0198,6mTAr79ArrI,1422,1775,2026-02-12T15:55:23Z
perf_1701,song_0140,6mTAr79ArrI,1891,2239,2026-02-12T15:55:23Z
perf_1702,song_0001,6mTAr79ArrI,2341,2595,2026-02-12T15:55:23Z
perf_1703,song_0006,6mTAr79ArrI,2665,2922,2026-02-12T15:55:23Z
perf_1704,song_0151,6mTAr79ArrI,2993,3323,2026-02-12T15:55:23Z
perf_1705,song_0169,6mTAr79ArrI,3393,3628,2026-02-12T15:55:23Z
perf_1706,song_0076,6mTAr79ArrI,3719,4126,2026-02-12T15:55:23Z
perf_1707,song_0216,6mTAr79ArrI,4219,4505,2026-02-12T15:55:23Z
perf_1708,song_0204,6mTAr79ArrI,4609,4844,2026-02-12T15:55:23Z
perf_1709,song_0175,6mTAr79ArrI,5047,5237,2026-02-12T15:55:23Z
perf_1710,song_0775,6mTAr79ArrI,5479,5729,2026-02-12T15:55:23Z
perf_1711,song_0013,6mTAr79ArrI,5780,6055,2026-02-12T15:55:23Z
perf_1712,song_0143,6mTAr79ArrI,6111,6484,2026-02-12T15:55:23Z
perf_1713,song_0214,6mTAr79ArrI,6688,6876,2026-02-12T15:55:23Z
perf_1714,song_0075,6mTAr79ArrI,6968,7313,2026-02-12T15:55:23Z
perf_1715,song_0147,6mTAr79ArrI,7404,7798,2026-02-12T15:55:23Z
perf_1716,song_0008,6mTAr79ArrI,8047,8330,2026-02-12T15:55:23Z
perf_1717,song_0776,6mTAr79ArrI,8557,9087,2026-02-12T15:55:23Z
perf_1718,song_0777,6mTAr79ArrI,9087,9387,2026-02-12T15:55:23Z
perf_1719,song_0778,bTLgf9izWLI,1164,1355,2026-02-10T16:45:52Z
perf_1720,song_0779,bTLgf9izWLI,1355,1754,2026-02-10T16:45:52Z
perf_1721,song_0780,bTLgf9izWLI,1754,2003,2026-02-10T16:45:52Z
perf_1722,song_0781,bTLgf9izWLI,2003,2074,2026-02-10T16:45:52Z
perf_1723,song_0198,bTLgf9izWLI,2074,2385,2026-02-10T16:45:52Z
perf_1724,song_0007,bTLgf9izWLI,2450,2682,2026-02-10T16:45:52Z
perf_1725,song_0008,bTLgf9izWLI,2720,2986,2026-02-10T16:45:52Z
perf_1726,song_0231,bTLgf9izWLI,3068,3357,2026-02-10T16:45:52Z
perf_1727,song_0174,bTLgf9izWLI,3417,3788,2026-02-10T16:45:52Z
perf_1728,song_0013,bTLgf9izWLI,3841,4127,2026-02-10T16:45:52Z
perf_1729,song_0012,bTLgf9izWLI,4703,4976,2026-02-10T16:45:52Z
perf_1730,song_0140,bTLgf9izWLI,5106,5425,2026-02-10T16:45:52Z
perf_1731,song_0070,bTLgf9izWLI,5527,5790,2026-02-10T16:45:52Z
perf_1732,song_0207,bTLgf9izWLI,5850,6158,2026-02-10T16:45:52Z
perf_1733,song_0782,bTLgf9izWLI,7044,8305,2026-02-10T16:45:52Z
perf_1734,song_0010,bTLgf9izWLI,8305,8579,2026-02-10T16:45:52Z
perf_1735,song_0783,bTLgf9izWLI,8603,8672,2026-02-10T16:45:52Z
perf_1736,song_0223,bTLgf9izWLI,8672,8860,2026-02-10T16:45:52Z
perf_1737,song_0202,bTLgf9izWLI,8960,9236,2026-02-10T16:45:52Z
perf_1738,song_0784,bTLgf9izWLI,9258,9491,2026-02-10T16:45:52Z
perf_1739,song_0154,bTLgf9izWLI,9562,9829,2026-02-10T16:45:52Z
perf_1740,song_0785,bTLgf9izWLI,9919,10205,2026-02-10T16:45:52Z
perf_1741,song_0786,bTLgf9izWLI,10269,10606,2026-02-10T16:45:52Z
perf_1742,song_0787,bTLgf9izWLI,10701,11060,2026-02-10T16:45:52Z
perf_1743,song_0788,bTLgf9izWLI,11267,11363,2026-02-10T16:45:52Z
perf_1744,song_0789,bTLgf9izWLI,12718,13018,2026-02-10T16:45:52Z
perf_1745,song_0790,O8yf9_l-Imc,1209,1590,2026-02-26T14:40:16Z
perf_1746,song_0791,O8yf9_l-Imc,1590,1864,2026-02-26T14:40:16Z
perf_1747,song_0792,O8yf9_l-Imc,1864,2260,2026-02-26T14:40:16Z
perf_1748,song_0793,O8yf9_l-Imc,2260,2574,2026-02-26T14:40:16Z
perf_1749,song_0794,O8yf9_l-Imc,2574,2844,2026-02-26T14:40:16Z
perf_1750,song_0795,O8yf9_l-Imc,2844,3165,2026-02-26T14:40:16Z
perf_1751,song_0796,O8yf9_l-Imc,3165,3552,2026-02-26T14:40:16Z
perf_1752,song_0797,O8yf9_l-Imc,3552,3852,2026-02-26T14:40:16Z
perf_1753,song_0186,EwczGARgoVc,693,996,2026-02-21T15:59:05Z
perf_1754,song_0216,EwczGARgoVc,1070,1363,2026-02-21T15:59:05Z
perf_1755,song_0624,EwczGARgoVc,1449,1723,2026-02-21T15:59:05Z
perf_1756,song_0653,EwczGARgoVc,1782,2073,2026-02-21T15:59:05Z
perf_1757,song_0464,EwczGARgoVc,2141,2402,2026-02-21T15:59:05Z
perf_1758,song_0441,EwczGARgoVc,2475,2711,2026-02-21T15:59:05Z
perf_1759,song_0798,EwczGARgoVc,3300,3333,2026-02-21T15:59:05Z
perf_1760,song_0032,EwczGARgoVc,3333,3631,2026-02-21T15:59:05Z
perf_1761,song_0799,EwczGARgoVc,3702,3765,2026-02-21T15:59:05Z
perf_1762,song_0800,EwczGARgoVc,3851,4138,2026-02-21T15:59:05Z
perf_1763,song_0397,EwczGARgoVc,4220,4470,2026-02-21T15:59:05Z
perf_1764,song_0801,lt2hQpuJEsg,1040,1164,2026-02-20T15:14:34Z
perf_1765,song_0802,lt2hQpuJEsg,1164,1394,2026-02-20T15:14:34Z
perf_1766,song_0116,lt2hQpuJEsg,1450,1680,2026-02-20T15:14:34Z
perf_1767,song_0647,lt2hQpuJEsg,1766,1942,2026-02-20T15:14:34Z
perf_1768,song_0420,lt2hQpuJEsg,1967,2177,2026-02-20T15:14:34Z
perf_1769,song_0124,lt2hQpuJEsg,2261,2466,2026-02-20T15:14:34Z
perf_1770,song_0046,lt2hQpuJEsg,2896,3144,2026-02-20T15:14:34Z
perf_1771,song_0447,lt2hQpuJEsg,3188,3447,2026-02-20T15:14:34Z
perf_1772,song_0771,lt2hQpuJEsg,3493,3775,2026-02-20T15:14:34Z
perf_1773,song_0544,lt2hQpuJEsg,3786,4025,2026-02-20T15:14:34Z
perf_1774,song_0386,lt2hQpuJEsg,4089,4259,2026-02-20T15:14:34Z
perf_1775,song_0803,lt2hQpuJEsg,4879,5699,2026-02-20T15:14:34Z
perf_1776,song_0804,lt2hQpuJEsg,5699,5999,2026-02-20T15:14:34Z
perf_1777,song_0069,SslH231V_3E,706,903,2026-02-15T08:41:57Z
perf_1778,song_0422,SslH231V_3E,1575,1815,2026-02-15T08:41:57Z
perf_1779,song_0520,SslH231V_3E,1888,2246,2026-02-15T08:41:57Z
perf_1780,song_0408,SslH231V_3E,2386,2634,2026-02-15T08:41:57Z
perf_1781,song_0755,SslH231V_3E,2789,3040,2026-02-15T08:41:57Z
perf_1782,song_0401,SslH231V_3E,3095,3270,2026-02-15T08:41:57Z
perf_1783,song_0317,SslH231V_3E,3343,3583,2026-02-15T08:41:57Z
perf_1784,song_0487,SslH231V_3E,3705,3932,2026-02-15T08:41:57Z
perf_1785,song_0805,SslH231V_3E,4095,4237,2026-02-15T08:41:57Z
perf_1786,song_0806,SslH231V_3E,4329,4528,2026-02-15T08:41:57Z
perf_1787,song_0807,SslH231V_3E,4576,4786,2026-02-15T08:41:57Z
perf_1788,song_0808,SslH231V_3E,4860,5038,2026-02-15T08:41:57Z
perf_1789,song_0809,SslH231V_3E,5736,5985,2026-02-15T08:41:57Z
perf_1790,song_0810,SslH231V_3E,6120,6286,2026-02-15T08:41:57Z
perf_1791,song_0811,SslH231V_3E,6764,7064,2026-02-15T08:41:57Z
perf_1792,song_0812,tv0iCYVhcbc,1290,1554,2026-02-13T16:02:27Z
perf_1793,song_0813,tv0iCYVhcbc,1554,1905,2026-02-13T16:02:27Z
perf_1794,song_0814,tv0iCYVhcbc,1905,2275,2026-02-13T16:02:27Z
perf_1795,song_0815,tv0iCYVhcbc,2275,2691,2026-02-13T16:02:27Z
perf_1796,song_0816,tv0iCYVhcbc,2691,2939,2026-02-13T16:02:27Z
perf_1797,song_0817,tv0iCYVhcbc,2939,3249,2026-02-13T16:02:27Z
perf_1798,song_0818,tv0iCYVhcbc,3249,3589,2026-02-13T16:02:27Z
perf_1799,song_0819,tv0iCYVhcbc,3589,3801,2026-02-13T16:02:27Z
perf_1800,song_0820,tv0iCYVhcbc,3801,4123,2026-02-13T16:02:27Z
perf_1801,song_0821,tv0iCYVhcbc,4123,4721,2026-02-13T16:02:27Z
perf_1802,song_0822,tv0iCYVhcbc,4721,5050,2026-02-13T16:02:27Z
perf_1803,song_0823,tv0iCYVhcbc,5050,5480,2026-02-13T16:02:27Z
perf_1804,song_0824,tv0iCYVhcbc,5480,5881,2026-02-13T16:02:27Z
perf_1805,song_0825,tv0iCYVhcbc,5881,6641,2026-02-13T16:02:27Z
perf_1806,song_0826,tv0iCYVhcbc,6641,7217,2026-02-13T16:02:27Z
perf_1807,song_0827,tv0iCYVhcbc,7217,7512,2026-02-13T16:02:27Z
perf_1808,song_0828,tv0iCYVhcbc,7512,8009,2026-02-13T16:02:27Z
perf_1809,song_0829,tv0iCYVhcbc,8009,8229,2026-02-13T16:02:27Z
perf_1810,song_0830,tv0iCYVhcbc,8229,8639,2026-02-13T16:02:27Z
perf_1811,song_0831,tv0iCYVhcbc,8639,8996,2026-02-13T16:02:27Z
perf_1812,song_0832,tv0iCYVhcbc,8996,9336,2026-02-13T16:02:27Z
perf_1813,song_0833,tv0iCYVhcbc,9336,9818,2026-02-13T16:02:27Z
perf_1814,song_0834,tv0iCYVhcbc,9818,10118,2026-02-13T16:02:27Z
perf_1815,song_0460,F4fhxy5cWag,447,758,2026-02-05T14:51:17Z
perf_1816,song_0419,F4fhxy5cWag,1086,1347,2026-02-05T14:51:17Z
perf_1817,song_0367,F4fhxy5cWag,1408,1611,2026-02-05T14:51:17Z
perf_1818,song_0447,F4fhxy5cWag,1656,1934,2026-02-05T14:51:17Z
perf_1819,song_0446,F4fhxy5cWag,1969,2239,2026-02-05T14:51:17Z
perf_1820,song_0384,F4fhxy5cWag,2294,2576,2026-02-05T14:51:17Z
perf_1821,song_0499,F4fhxy5cWag,2602,2912,2026-02-05T14:51:17Z
perf_1822,song_0639,F4fhxy5cWag,2958,3279,2026-02-05T14:51:17Z
perf_1823,song_0007,F4fhxy5cWag,3310,3547,2026-02-05T14:51:17Z
perf_1824,song_0835,F4fhxy5cWag,3868,4167,2026-02-05T14:51:17Z
perf_1825,song_0836,F4fhxy5cWag,4167,4210,2026-02-05T14:51:17Z
perf_1826,song_0837,F4fhxy5cWag,4210,4551,2026-02-05T14:51:17Z
perf_1827,song_0838,F4fhxy5cWag,4551,4644,2026-02-05T14:51:17Z
perf_1828,song_0839,F4fhxy5cWag,4644,4699,2026-02-05T14:51:17Z
perf_1829,song_0386,F4fhxy5cWag,4699,4888,2026-02-05T14:51:17Z
perf_1830,song_0840,F4fhxy5cWag,5099,5399,2026-02-05T14:51:17Z
perf_1831,song_0841,n2C2nCVlgOc,655,890,2026-02-04T15:58:23Z
perf_1832,song_0842,n2C2nCVlgOc,1091,1401,2026-02-04T15:58:23Z
perf_1833,song_0843,n2C2nCVlgOc,1777,1849,2026-02-04T15:58:23Z
perf_1834,song_0844,n2C2nCVlgOc,2213,2342,2026-02-04T15:58:23Z
perf_1835,song_0845,n2C2nCVlgOc,2455,2637,2026-02-04T15:58:23Z
perf_1836,song_0846,n2C2nCVlgOc,2898,3154,2026-02-04T15:58:23Z
perf_1837,song_0458,n2C2nCVlgOc,3950,4172,2026-02-04T15:58:23Z
perf_1838,song_0397,n2C2nCVlgOc,4220,4429,2026-02-04T15:58:23Z
perf_1839,song_0847,n2C2nCVlgOc,4696,5307,2026-02-04T15:58:23Z
perf_1840,song_0848,n2C2nCVlgOc,5307,5607,2026-02-04T15:58:23Z
perf_1841,song_0849,t8PexGHReAs,476,671,2026-02-02T16:18:57Z
perf_1842,song_0850,t8PexGHReAs,1087,1360,2026-02-02T16:18:57Z
perf_1843,song_0851,t8PexGHReAs,1405,1619,2026-02-02T16:18:57Z
perf_1844,song_0141,t8PexGHReAs,2194,2429,2026-02-02T16:18:57Z
perf_1845,song_0185,t8PexGHReAs,2559,2854,2026-02-02T16:18:57Z
perf_1846,song_0186,t8PexGHReAs,3034,3316,2026-02-02T16:18:57Z
perf_1847,song_0148,t8PexGHReAs,3623,3898,2026-02-02T16:18:57Z
perf_1848,song_0671,t8PexGHReAs,4171,4409,2026-02-02T16:18:57Z
perf_1849,song_0115,t8PexGHReAs,4555,4806,2026-02-02T16:18:57Z
perf_1850,song_0005,t8PexGHReAs,4950,5275,2026-02-02T16:18:57Z
perf_1851,song_0852,t8PexGHReAs,5502,5773,2026-02-02T16:18:57Z
perf_1852,song_0466,t8PexGHReAs,6222,6455,2026-02-02T16:18:57Z
perf_1853,song_0853,t8PexGHReAs,6559,6822,2026-02-02T16:18:57Z
perf_1854,song_0654,t8PexGHReAs,6924,7261,2026-02-02T16:18:57Z
perf_1855,song_0854,t8PexGHReAs,7623,7923,2026-02-02T16:18:57Z
perf_1856,song_0855,NtNwoc44qMU,481,963,2026-01-24T16:26:40Z
perf_1857,song_0076,NtNwoc44qMU,963,1369,2026-01-24T16:26:40Z
perf_1858,song_0513,NtNwoc44qMU,1492,1759,2026-01-24T16:26:40Z
perf_1859,song_0856,NtNwoc44qMU,1824,2184,2026-01-24T16:26:40Z
perf_1860,song_0682,NtNwoc44qMU,2221,2508,2026-01-24T16:26:40Z
perf_1861,song_0640,NtNwoc44qMU,2574,2798,2026-01-24T16:26:40Z
perf_1862,song_0098,NtNwoc44qMU,2839,3051,2026-01-24T16:26:40Z
perf_1863,song_0115,NtNwoc44qMU,3135,3399,2026-01-24T16:26:40Z
perf_1864,song_0157,NtNwoc44qMU,3541,3755,2026-01-24T16:26:40Z
perf_1865,song_0034,NtNwoc44qMU,3811,4060,2026-01-24T16:26:40Z
perf_1866,song_0035,NtNwoc44qMU,4080,4416,2026-01-24T16:26:40Z
perf_1867,song_0469,NtNwoc44qMU,4535,4806,2026-01-24T16:26:40Z
perf_1868,song_0857,NtNwoc44qMU,4838,5097,2026-01-24T16:26:40Z
perf_1869,song_0432,NtNwoc44qMU,5136,5331,2026-01-24T16:26:40Z
perf_1870,song_0858,NtNwoc44qMU,5369,5651,2026-01-24T16:26:40Z
perf_1871,song_0446,NtNwoc44qMU,5748,6024,2026-01-24T16:26:40Z
perf_1872,song_0102,NtNwoc44qMU,6114,6367,2026-01-24T16:26:40Z
perf_1873,song_0859,NtNwoc44qMU,7830,8130,2026-01-24T16:26:40Z
perf_1874,song_0381,afgOTM1XsmM,789,997,2026-01-22T15:22:39Z
perf_1875,song_0362,afgOTM1XsmM,1052,1352,2026-01-22T15:22:39Z
perf_1876,song_0653,afgOTM1XsmM,2111,2376,2026-01-22T15:22:39Z
perf_1877,song_0101,afgOTM1XsmM,2481,2780,2026-01-22T15:22:39Z
perf_1878,song_0032,afgOTM1XsmM,4347,4647,2026-01-22T15:22:39Z
perf_1879,song_0047,afgOTM1XsmM,4725,5052,2026-01-22T15:22:39Z
perf_1880,song_0074,afgOTM1XsmM,5196,5472,2026-01-22T15:22:39Z
perf_1881,song_0860,afgOTM1XsmM,5698,5998,2026-01-22T15:22:39Z
perf_1882,song_0861,v_mQaHDQ4zU,271,569,2026-01-21T17:19:23Z
perf_1883,song_0862,v_mQaHDQ4zU,569,1043,2026-01-21T17:19:23Z
perf_1884,song_0863,v_mQaHDQ4zU,1043,1401,2026-01-21T17:19:23Z
perf_1885,song_0864,v_mQaHDQ4zU,1401,1828,2026-01-21T17:19:23Z
perf_1886,song_0865,v_mQaHDQ4zU,1828,2333,2026-01-21T17:19:23Z
perf_1887,song_0866,v_mQaHDQ4zU,2333,2633,2026-01-21T17:19:23Z
perf_1888,song_0445,YoVlidf5thM,440,614,2026-01-18T14:14:12Z
perf_1889,song_0417,YoVlidf5thM,786,1026,2026-01-18T14:14:12Z
perf_1890,song_0495,YoVlidf5thM,1160,1380,2026-01-18T14:14:12Z
perf_1891,song_0420,YoVlidf5thM,1510,1713,2026-01-18T14:14:12Z
perf_1892,song_0047,YoVlidf5thM,2114,2432,2026-01-18T14:14:12Z
perf_1893,song_0046,YoVlidf5thM,2498,2761,2026-01-18T14:14:12Z
perf_1894,song_0317,YoVlidf5thM,2855,3099,2026-01-18T14:14:12Z
perf_1895,song_0416,YoVlidf5thM,3284,3482,2026-01-18T14:14:12Z
perf_1896,song_0066,YoVlidf5thM,3597,3820,2026-01-18T14:14:12Z
perf_1897,song_0429,YoVlidf5thM,3854,4053,2026-01-18T14:14:12Z
perf_1898,song_0422,YoVlidf5thM,4100,4347,2026-01-18T14:14:12Z
perf_1899,song_0423,YoVlidf5thM,4396,4629,2026-01-18T14:14:12Z
perf_1900,song_0411,YoVlidf5thM,4658,4870,2026-01-18T14:14:12Z
perf_1901,song_0428,YoVlidf5thM,4905,5117,2026-01-18T14:14:12Z
perf_1902,song_0418,YoVlidf5thM,5158,5401,2026-01-18T14:14:12Z
perf_1903,song_0484,YoVlidf5thM,5431,5714,2026-01-18T14:14:12Z
perf_1904,song_0691,YoVlidf5thM,5831,6103,2026-01-18T14:14:12Z
perf_1905,song_0867,YoVlidf5thM,6141,6405,2026-01-18T14:14:12Z
perf_1906,song_0414,YoVlidf5thM,6495,6837,2026-01-18T14:14:12Z
perf_1907,song_0446,YoVlidf5thM,6922,7189,2026-01-18T14:14:12Z
perf_1908,song_0499,YoVlidf5thM,7280,7595,2026-01-18T14:14:12Z
perf_1909,song_0448,YoVlidf5thM,7895,8128,2026-01-18T14:14:12Z
perf_1910,song_0427,YoVlidf5thM,8158,8410,2026-01-18T14:14:12Z
perf_1911,song_0410,YoVlidf5thM,8422,8651,2026-01-18T14:14:12Z
perf_1912,song_0120,YoVlidf5thM,8990,9276,2026-01-18T14:14:12Z
perf_1913,song_0413,YoVlidf5thM,9338,9507,2026-01-18T14:14:12Z
perf_1914,song_0662,YoVlidf5thM,9561,9864,2026-01-18T14:14:12Z
perf_1915,song_0868,YoVlidf5thM,10010,10123,2026-01-18T14:14:12Z
perf_1916,song_0869,YoVlidf5thM,10123,10230,2026-01-18T14:14:12Z
perf_1917,song_0870,YoVlidf5thM,10230,10848,2026-01-18T14:14:12Z
perf_1918,song_0871,YoVlidf5thM,10848,11148,2026-01-18T14:14:12Z
perf_1919,song_0872,0ML9ZgUZGos,510,897,2026-01-16T04:57:07Z
perf_1920,song_0873,0ML9ZgUZGos,897,1527,2026-01-16T04:57:07Z
perf_1921,song_0874,0ML9ZgUZGos,1527,1883,2026-01-16T04:57:07Z
perf_1922,song_0875,0ML9ZgUZGos,1883,2236,2026-01-16T04:57:07Z
perf_1923,song_0876,0ML9ZgUZGos,2236,2693,2026-01-16T04:57:07Z
perf_1924,song_0877,0ML9ZgUZGos,2693,3059,2026-01-16T04:57:07Z
perf_1925,song_0878,0ML9ZgUZGos,3059,3260,2026-01-16T04:57:07Z
perf_1926,song_0879,0ML9ZgUZGos,3260,3941,2026-01-16T04:57:07Z
perf_1927,song_0880,0ML9ZgUZGos,3941,4147,2026-01-16T04:57:07Z
perf_1928,song_0881,0ML9ZgUZGos,4147,4652,2026-01-16T04:57:07Z
perf_1929,song_0882,0ML9ZgUZGos,4652,5027,2026-01-16T04:57:07Z
perf_1930,song_0883,0ML9ZgUZGos,5027,5480,2026-01-16T04:57:07Z
perf_1931,song_0884,0ML9ZgUZGos,5480,5780,2026-01-16T04:57:07Z
perf_1932,song_0885,0ML9ZgUZGos,5780,6080,2026-01-16T04:57:07Z
perf_1933,song_0886,A8Z3cWJPTSM,1284,1519,2026-01-11T15:51:35Z
perf_1934,song_0102,A8Z3cWJPTSM,1744,2003,2026-01-11T15:51:35Z
perf_1935,song_0118,A8Z3cWJPTSM,2074,2320,2026-01-11T15:51:35Z
perf_1936,song_0480,A8Z3cWJPTSM,3188,3459,2026-01-11T15:51:35Z
perf_1937,song_0639,A8Z3cWJPTSM,3834,4144,2026-01-11T15:51:35Z
perf_1938,song_0887,A8Z3cWJPTSM,4207,4235,2026-01-11T15:51:35Z
perf_1939,song_0888,A8Z3cWJPTSM,4270,4489,2026-01-11T15:51:35Z
perf_1940,song_0716,A8Z3cWJPTSM,4509,4735,2026-01-11T15:51:35Z
perf_1941,song_0319,A8Z3cWJPTSM,4772,5027,2026-01-11T15:51:35Z
perf_1942,song_0889,A8Z3cWJPTSM,5315,5655,2026-01-11T15:51:35Z
perf_1943,song_0131,A8Z3cWJPTSM,5693,5952,2026-01-11T15:51:35Z
perf_1944,song_0151,A8Z3cWJPTSM,6330,6674,2026-01-11T15:51:35Z
perf_1945,song_0193,A8Z3cWJPTSM,6748,6999,2026-01-11T15:51:35Z
perf_1946,song_0148,A8Z3cWJPTSM,7136,7406,2026-01-11T15:51:35Z
perf_1947,song_0198,A8Z3cWJPTSM,8029,8347,2026-01-11T15:51:35Z
perf_1948,song_0890,A8Z3cWJPTSM,8361,8506,2026-01-11T15:51:35Z
perf_1949,song_0891,A8Z3cWJPTSM,8506,8830,2026-01-11T15:51:35Z
perf_1950,song_0892,A8Z3cWJPTSM,8830,8897,2026-01-11T15:51:35Z
perf_1951,song_0893,A8Z3cWJPTSM,8897,9094,2026-01-11T15:51:35Z
perf_1952,song_0894,A8Z3cWJPTSM,9094,9247,2026-01-11T15:51:35Z
perf_1953,song_0895,A8Z3cWJPTSM,9247,9607,2026-01-11T15:51:35Z
perf_1954,song_0896,A8Z3cWJPTSM,9607,9907,2026-01-11T15:51:35Z
perf_1955,song_0897,Ir33Gsytwew,1350,1603,2025-12-29T15:28:52Z
perf_1956,song_0898,Ir33Gsytwew,1603,1718,2025-12-29T15:28:52Z
perf_1957,song_0899,Ir33Gsytwew,1895,2114,2025-12-29T15:28:52Z
perf_1958,song_0900,Ir33Gsytwew,2378,2440,2025-12-29T15:28:52Z
perf_1959,song_0901,Ir33Gsytwew,2547,2648,2025-12-29T15:28:52Z
perf_1960,song_0902,Ir33Gsytwew,2939,3146,2025-12-29T15:28:52Z
perf_1961,song_0903,Ir33Gsytwew,3820,4151,2025-12-29T15:28:52Z
perf_1962,song_0904,Ir33Gsytwew,4235,4485,2025-12-29T15:28:52Z
perf_1963,song_0905,Ir33Gsytwew,4701,5034,2025-12-29T15:28:52Z
perf_1964,song_0906,Ir33Gsytwew,5095,5135,2025-12-29T15:28:52Z
perf_1965,song_0907,Ir33Gsytwew,5135,5347,2025-12-29T15:28:52Z
perf_1966,song_0908,Ir33Gsytwew,5424,5676,2025-12-29T15:28:52Z
perf_1967,song_0909,Ir33Gsytwew,5906,6156,2025-12-29T15:28:52Z
perf_1968,song_0910,Ir33Gsytwew,6608,6908,2025-12-29T15:28:52Z
perf_1969,song_0911,J0xBbheNHrk,905,1119,2025-12-27T17:46:33Z
perf_1970,song_0912,J0xBbheNHrk,1305,1450,2025-12-27T17:46:33Z
perf_1971,song_0913,J0xBbheNHrk,1596,1865,2025-12-27T17:46:33Z
perf_1972,song_0914,J0xBbheNHrk,2278,2570,2025-12-27T17:46:33Z
perf_1973,song_0915,J0xBbheNHrk,3105,3426,2025-12-27T17:46:33Z
perf_1974,song_0916,J0xBbheNHrk,3483,3745,2025-12-27T17:46:33Z
perf_1975,song_0917,J0xBbheNHrk,3803,3988,2025-12-27T17:46:33Z
perf_1976,song_0918,J0xBbheNHrk,4037,4301,2025-12-27T17:46:33Z
perf_1977,song_0919,J0xBbheNHrk,4358,4567,2025-12-27T17:46:33Z
perf_1978,song_0920,J0xBbheNHrk,4664,4910,2025-12-27T17:46:33Z
perf_1979,song_0921,J0xBbheNHrk,4982,5055,2025-12-27T17:46:33Z
perf_1980,song_0922,J0xBbheNHrk,5055,5282,2025-12-27T17:46:33Z
perf_1981,song_0923,J0xBbheNHrk,5338,5571,2025-12-27T17:46:33Z
perf_1982,song_0924,J0xBbheNHrk,5635,5921,2025-12-27T17:46:33Z
perf_1983,song_0925,J0xBbheNHrk,5977,6198,2025-12-27T17:46:33Z
perf_1984,song_0926,J0xBbheNHrk,6720,6975,2025-12-27T17:46:33Z
perf_1985,song_0927,J0xBbheNHrk,7147,7462,2025-12-27T17:46:33Z
perf_1986,song_0928,J0xBbheNHrk,8020,8306,2025-12-27T17:46:33Z
perf_1987,song_0929,J0xBbheNHrk,8401,8692,2025-12-27T17:46:33Z
perf_1988,song_0930,J0xBbheNHrk,8944,9175,2025-12-27T17:46:33Z
perf_1989,song_0931,J0xBbheNHrk,9261,9401,2025-12-27T17:46:33Z
perf_1990,song_0932,J0xBbheNHrk,9401,9714,2025-12-27T17:46:33Z
perf_1991,song_0933,J0xBbheNHrk,9759,9826,2025-12-27T17:46:33Z
perf_1992,song_0934,J0xBbheNHrk,9826,10102,2025-12-27T17:46:33Z
perf_1993,song_0935,J0xBbheNHrk,10217,10427,2025-12-27T17:46:33Z
perf_1994,song_0936,J0xBbheNHrk,10446,10912,2025-12-27T17:46:33Z
perf_1995,song_0937,J0xBbheNHrk,10912,11212,2025-12-27T17:46:33Z
perf_1996,song_0938,itlKtLU_QDo,629,1087,2025-12-26T17:42:56Z
perf_1997,song_0007,itlKtLU_QDo,1362,1620,2025-12-26T17:42:56Z
perf_1998,song_0001,itlKtLU_QDo,1747,2005,2025-12-26T17:42:56Z
perf_1999,song_0139,itlKtLU_QDo,2492,2734,2025-12-26T17:42:56Z
perf_2000,song_0101,itlKtLU_QDo,2819,3131,2025-12-26T17:42:56Z
perf_2001,song_0498,itlKtLU_QDo,3279,3525,2025-12-26T17:42:56Z
perf_2002,song_0120,itlKtLU_QDo,3574,3870,2025-12-26T17:42:56Z
perf_2003,song_0097,itlKtLU_QDo,4001,4255,2025-12-26T17:42:56Z
perf_2004,song_0672,itlKtLU_QDo,4345,4486,2025-12-26T17:42:56Z
perf_2005,song_0444,itlKtLU_QDo,4582,4847,2025-12-26T17:42:56Z
perf_2006,song_0939,itlKtLU_QDo,4911,4986,2025-12-26T17:42:56Z
perf_2007,song_0940,itlKtLU_QDo,5040,5064,2025-12-26T17:42:56Z
perf_2008,song_0130,itlKtLU_QDo,5120,5400,2025-12-26T17:42:56Z
perf_2009,song_0131,itlKtLU_QDo,5480,5792,2025-12-26T17:42:56Z
perf_2010,song_0466,itlKtLU_QDo,6033,6275,2025-12-26T17:42:56Z
perf_2011,song_0941,itlKtLU_QDo,6398,6452,2025-12-26T17:42:56Z
perf_2012,song_0374,itlKtLU_QDo,6538,6835,2025-12-26T17:42:56Z
perf_2013,song_0368,itlKtLU_QDo,6871,7056,2025-12-26T17:42:56Z
perf_2014,song_0359,itlKtLU_QDo,7133,7361,2025-12-26T17:42:56Z
perf_2015,song_0361,itlKtLU_QDo,7440,7619,2025-12-26T17:42:56Z
perf_2016,song_0379,itlKtLU_QDo,7864,8114,2025-12-26T17:42:56Z
perf_2017,song_0603,itlKtLU_QDo,8385,8636,2025-12-26T17:42:56Z
perf_2018,song_0423,itlKtLU_QDo,8805,9037,2025-12-26T17:42:56Z
perf_2019,song_0942,itlKtLU_QDo,9192,9898,2025-12-26T17:42:56Z
perf_2020,song_0006,itlKtLU_QDo,9898,10170,2025-12-26T17:42:56Z
perf_2021,song_0193,itlKtLU_QDo,10400,10645,2025-12-26T17:42:56Z
perf_2022,song_0008,itlKtLU_QDo,10714,10991,2025-12-26T17:42:56Z
perf_2023,song_0397,itlKtLU_QDo,11426,11678,2025-12-26T17:42:56Z
perf_2024,song_0943,Je4g-9y-mmM,809,922,2025-12-25T15:46:28Z
perf_2025,song_0944,Je4g-9y-mmM,1020,1122,2025-12-25T15:46:28Z
perf_2026,song_0945,Je4g-9y-mmM,1167,1354,2025-12-25T15:46:28Z
perf_2027,song_0946,Je4g-9y-mmM,1453,1546,2025-12-25T15:46:28Z
perf_2028,song_0947,Je4g-9y-mmM,1704,1916,2025-12-25T15:46:28Z
perf_2029,song_0948,Je4g-9y-mmM,2049,2372,2025-12-25T15:46:28Z
perf_2030,song_0949,Je4g-9y-mmM,2471,2766,2025-12-25T15:46:28Z
perf_2031,song_0950,Je4g-9y-mmM,3934,4291,2025-12-25T15:46:28Z
perf_2032,song_0951,Je4g-9y-mmM,4368,4704,2025-12-25T15:46:28Z
perf_2033,song_0952,Je4g-9y-mmM,4799,5080,2025-12-25T15:46:28Z
perf_2034,song_0953,Je4g-9y-mmM,5121,5448,2025-12-25T15:46:28Z
perf_2035,song_0954,Je4g-9y-mmM,5596,5924,2025-12-25T15:46:28Z
perf_2036,song_0955,Je4g-9y-mmM,5959,6286,2025-12-25T15:46:28Z
perf_2037,song_0956,Je4g-9y-mmM,6732,7025,2025-12-25T15:46:28Z
perf_2038,song_0957,Je4g-9y-mmM,7115,7347,2025-12-25T15:46:28Z
perf_2039,song_0958,Je4g-9y-mmM,7366,8265,2025-12-25T15:46:28Z
perf_2040,song_0959,Je4g-9y-mmM,8265,8579,2025-12-25T15:46:28Z
perf_2041,song_0960,Je4g-9y-mmM,8579,8817,2025-12-25T15:46:28Z
perf_2042,song_0466,IVNhwAwh0i4,221,556,2025-12-22T01:23:53Z
perf_2043,song_0612,IVNhwAwh0i4,556,996,2025-12-22T01:23:53Z
perf_2044,song_0514,IVNhwAwh0i4,996,1570,2025-12-22T01:23:53Z
perf_2045,song_0402,IVNhwAwh0i4,1570,1888,2025-12-22T01:23:53Z
perf_2046,song_0441,IVNhwAwh0i4,1888,2315,2025-12-22T01:23:53Z
perf_2047,song_0011,IVNhwAwh0i4,2315,2830,2025-12-22T01:23:53Z
perf_2048,song_0432,IVNhwAwh0i4,2830,3045,2025-12-22T01:23:53Z
perf_2049,song_0439,IVNhwAwh0i4,3045,3869,2025-12-22T01:23:53Z
perf_2050,song_0961,IVNhwAwh0i4,3869,4183,2025-12-22T01:23:53Z
perf_2051,song_0544,IVNhwAwh0i4,4183,4624,2025-12-22T01:23:53Z
perf_2052,song_0485,IVNhwAwh0i4,4624,4949,2025-12-22T01:23:53Z
perf_2053,song_0442,IVNhwAwh0i4,4949,5286,2025-12-22T01:23:53Z
perf_2054,song_0590,IVNhwAwh0i4,5286,5669,2025-12-22T01:23:53Z
perf_2055,song_0467,IVNhwAwh0i4,5669,5930,2025-12-22T01:23:53Z
perf_2056,song_0120,IVNhwAwh0i4,5930,6249,2025-12-22T01:23:53Z
perf_2057,song_0117,IVNhwAwh0i4,6249,6794,2025-12-22T01:23:53Z
perf_2058,song_0392,IVNhwAwh0i4,6794,7076,2025-12-22T01:23:53Z
perf_2059,song_0097,IVNhwAwh0i4,7076,7350,2025-12-22T01:23:53Z
perf_2060,song_0319,IVNhwAwh0i4,7350,7634,2025-12-22T01:23:53Z
perf_2061,song_0403,IVNhwAwh0i4,7634,7999,2025-12-22T01:23:53Z
perf_2062,song_0359,IVNhwAwh0i4,7999,8340,2025-12-22T01:23:53Z
perf_2063,song_0354,IVNhwAwh0i4,8340,8677,2025-12-22T01:23:53Z
perf_2064,song_0353,IVNhwAwh0i4,8677,8977,2025-12-22T01:23:53Z
perf_2065,song_0372,IVNhwAwh0i4,8977,9341,2025-12-22T01:23:53Z
perf_2066,song_0423,IVNhwAwh0i4,9341,9636,2025-12-22T01:23:53Z
perf_2067,song_0386,IVNhwAwh0i4,9636,9936,2025-12-22T01:23:53Z
perf_2068,song_0962,MRA6zr4T_x4,562,629,2025-12-20T17:54:32Z
perf_2069,song_0963,MRA6zr4T_x4,687,964,2025-12-20T17:54:32Z
perf_2070,song_0226,MRA6zr4T_x4,1832,2180,2025-12-20T17:54:32Z
perf_2071,song_0738,MRA6zr4T_x4,3503,3837,2025-12-20T17:54:32Z
perf_2072,song_0477,MRA6zr4T_x4,3916,4160,2025-12-20T17:54:32Z
perf_2073,song_0045,MRA6zr4T_x4,4327,4604,2025-12-20T17:54:32Z
perf_2074,song_0964,MRA6zr4T_x4,4722,4750,2025-12-20T17:54:32Z
perf_2075,song_0040,MRA6zr4T_x4,4750,5022,2025-12-20T17:54:32Z
perf_2076,song_0965,MRA6zr4T_x4,5732,5792,2025-12-20T17:54:32Z
perf_2077,song_0070,MRA6zr4T_x4,6625,6912,2025-12-20T17:54:32Z
perf_2078,song_0153,MRA6zr4T_x4,6947,7256,2025-12-20T17:54:32Z
perf_2079,song_0966,MRA6zr4T_x4,7820,8410,2025-12-20T17:54:32Z
perf_2080,song_0409,MRA6zr4T_x4,8530,8719,2025-12-20T17:54:32Z
perf_2081,song_0007,MRA6zr4T_x4,9845,10099,2025-12-20T17:54:32Z
perf_2082,song_0458,MRA6zr4T_x4,10250,10489,2025-12-20T17:54:32Z
perf_2083,song_0967,W0A_MtLfExg,693,718,2025-12-17T16:12:33Z
perf_2084,song_0968,W0A_MtLfExg,718,964,2025-12-17T16:12:33Z
perf_2085,song_0321,W0A_MtLfExg,1304,1560,2025-12-17T16:12:33Z
perf_2086,song_0969,W0A_MtLfExg,1685,1952,2025-12-17T16:12:33Z
perf_2087,song_0970,W0A_MtLfExg,1990,2261,2025-12-17T16:12:33Z
perf_2088,song_0971,W0A_MtLfExg,2334,2658,2025-12-17T16:12:33Z
perf_2089,song_0972,W0A_MtLfExg,2711,2979,2025-12-17T16:12:33Z
perf_2090,song_0973,W0A_MtLfExg,3070,3321,2025-12-17T16:12:33Z
perf_2091,song_0974,W0A_MtLfExg,3567,3825,2025-12-17T16:12:33Z
perf_2092,song_0975,W0A_MtLfExg,3857,4096,2025-12-17T16:12:33Z
perf_2093,song_0976,W0A_MtLfExg,4142,4316,2025-12-17T16:12:33Z
perf_2094,song_0977,W0A_MtLfExg,4342,4553,2025-12-17T16:12:33Z
perf_2095,song_0978,W0A_MtLfExg,5399,6025,2025-12-17T16:12:33Z
perf_2096,song_0979,W0A_MtLfExg,6025,6259,2025-12-17T16:12:33Z
perf_2097,song_0980,W0A_MtLfExg,6278,6526,2025-12-17T16:12:33Z
perf_2098,song_0981,W0A_MtLfExg,6538,6770,2025-12-17T16:12:33Z
perf_2099,song_0982,W0A_MtLfExg,6770,7070,2025-12-17T16:12:33Z
perf_2100,song_0983,kdlENxZZ3zw,942,1186,2025-12-13T18:01:06Z
perf_2101,song_0984,kdlENxZZ3zw,1495,1810,2025-12-13T18:01:06Z
perf_2102,song_0985,kdlENxZZ3zw,2066,2306,2025-12-13T18:01:06Z
perf_2103,song_0986,kdlENxZZ3zw,2708,2980,2025-12-13T18:01:06Z
perf_2104,song_0987,kdlENxZZ3zw,3533,3750,2025-12-13T18:01:06Z
perf_2105,song_0988,kdlENxZZ3zw,3780,4093,2025-12-13T18:01:06Z
perf_2106,song_0989,kdlENxZZ3zw,4148,4409,2025-12-13T18:01:06Z
perf_2107,song_0990,kdlENxZZ3zw,4456,4726,2025-12-13T18:01:06Z
perf_2108,song_0991,kdlENxZZ3zw,4826,5116,2025-12-13T18:01:06Z
perf_2109,song_0992,kdlENxZZ3zw,5192,5579,2025-12-13T18:01:06Z
perf_2110,song_0993,kdlENxZZ3zw,5691,5713,2025-12-13T18:01:06Z
perf_2111,song_0994,kdlENxZZ3zw,5713,5955,2025-12-13T18:01:06Z
perf_2112,song_0995,kdlENxZZ3zw,6023,6318,2025-12-13T18:01:06Z
perf_2113,song_0996,kdlENxZZ3zw,6390,6669,2025-12-13T18:01:06Z
perf_2114,song_0997,kdlENxZZ3zw,6766,7188,2025-12-13T18:01:06Z
perf_2115,song_0998,kdlENxZZ3zw,7246,7505,2025-12-13T18:01:06Z
perf_2116,song_0999,kdlENxZZ3zw,7569,7841,2025-12-13T18:01:06Z
perf_2117,song_1000,kdlENxZZ3zw,7936,8156,2025-12-13T18:01:06Z
perf_2118,song_1001,kdlENxZZ3zw,8208,8549,2025-12-13T18:01:06Z
perf_2119,song_1002,kdlENxZZ3zw,8611,8835,2025-12-13T18:01:06Z
perf_2120,song_1003,kdlENxZZ3zw,8973,9247,2025-12-13T18:01:06Z
perf_2121,song_1004,kdlENxZZ3zw,9386,9644,2025-12-13T18:01:06Z
perf_2122,song_1005,kdlENxZZ3zw,9677,9949,2025-12-13T18:01:06Z
perf_2123,song_1006,kdlENxZZ3zw,10022,10267,2025-12-13T18:01:06Z
perf_2124,song_1007,kdlENxZZ3zw,10401,10742,2025-12-13T18:01:06Z
perf_2125,song_1008,kdlENxZZ3zw,11040,11304,2025-12-13T18:01:06Z
perf_2126,song_1009,kdlENxZZ3zw,11528,11754,2025-12-13T18:01:06Z
perf_2127,song_1010,kdlENxZZ3zw,11898,12016,2025-12-13T18:01:06Z
perf_2128,song_1011,kdlENxZZ3zw,12149,12283,2025-12-13T18:01:06Z
perf_2129,song_1012,kdlENxZZ3zw,12468,12484,2025-12-13T18:01:06Z
perf_2130,song_0352,kdlENxZZ3zw,12484,12707,2025-12-13T18:01:06Z
perf_2131,song_1013,kdlENxZZ3zw,12712,13012,2025-12-13T18:01:06Z
