song_name,artist,video_id,video_url,published_at,start_time,end_time
Break through,ミナミイズミ,gnvZE-9poHM,https://youtu.be/gnvZE-9poHM?t=3216,2025-07-05T01:18:45Z,00:53:36,00:58:36
サムライハート(Some Like It Hot!!),SPYAIR,_dPGqaMLJ3w,https://youtu.be/_dPGqaMLJ3w?t=324,2025-07-07T16:20:09Z,00:05:24,00:11:50
ノーザンクロス,シェリル・ノーム starring May'n,_dPGqaMLJ3w,https://youtu.be/_dPGqaMLJ3w?t=710,2025-07-07T16:20:09Z,00:11:50,00:18:20
めざせポケモンマスター,松本梨香,_dPGqaMLJ3w,https://youtu.be/_dPGqaMLJ3w?t=1100,2025-07-07T16:20:09Z,00:18:20,00:24:38
インフェルノ,Mrs. GREEN APPLE,_dPGqaMLJ3w,https://youtu.be/_dPGqaMLJ3w?t=1478,2025-07-07T16:20:09Z,00:24:38,00:29:25
花の塔,さユり,_dPGqaMLJ3w,https://youtu.be/_dPGqaMLJ3w?t=1765,2025-07-07T16:20:09Z,00:29:25,00:36:18
紅蓮華,LiSA,_dPGqaMLJ3w,https://youtu.be/_dPGqaMLJ3w?t=2178,2025-07-07T16:20:09Z,00:36:18,00:42:13
Catch the Moment,LiSA,_dPGqaMLJ3w,https://youtu.be/_dPGqaMLJ3w?t=2533,2025-07-07T16:20:09Z,00:42:13,00:50:46
アンパンマンのマーチ,ドリーミング,_dPGqaMLJ3w,https://youtu.be/_dPGqaMLJ3w?t=3046,2025-07-07T16:20:09Z,00:50:46,00:55:27
君の知らない物語,supercell,_dPGqaMLJ3w,https://youtu.be/_dPGqaMLJ3w?t=3327,2025-07-07T16:20:09Z,00:55:27,01:04:56
God knows...,涼宮ハルヒ(平野綾),_dPGqaMLJ3w,https://youtu.be/_dPGqaMLJ3w?t=3896,2025-07-07T16:20:09Z,01:04:56,01:19:51
ムーンライト伝説,DALI,_dPGqaMLJ3w,https://youtu.be/_dPGqaMLJ3w?t=4791,2025-07-07T16:20:09Z,01:19:51,01:30:45
残酷な天使のテーゼ,高橋洋子,_dPGqaMLJ3w,https://youtu.be/_dPGqaMLJ3w?t=5445,2025-07-07T16:20:09Z,01:30:45,01:37:06
ブルーバード,いきものがかり,_dPGqaMLJ3w,https://youtu.be/_dPGqaMLJ3w?t=5826,2025-07-07T16:20:09Z,01:37:06,01:42:06
チェリー,スピッツ,XdS_lKYyQck,https://youtu.be/XdS_lKYyQck?t=407,2025-07-08T00:42:37Z,00:06:47,00:13:55
愛を伝えたいだとか,あいみょん,XdS_lKYyQck,https://youtu.be/XdS_lKYyQck?t=835,2025-07-08T00:42:37Z,00:13:55,00:19:22
爆弾魔,ヨルシカ,XdS_lKYyQck,https://youtu.be/XdS_lKYyQck?t=1162,2025-07-08T00:42:37Z,00:19:22,00:25:29
春雷,米津玄師,XdS_lKYyQck,https://youtu.be/XdS_lKYyQck?t=1529,2025-07-08T00:42:37Z,00:25:29,00:32:29
宝石になった日,BUMP OF CHICKEN,XdS_lKYyQck,https://youtu.be/XdS_lKYyQck?t=1949,2025-07-08T00:42:37Z,00:32:29,00:39:52
アカシア,BUMP OF CHICKEN,XdS_lKYyQck,https://youtu.be/XdS_lKYyQck?t=2392,2025-07-08T00:42:37Z,00:39:52,00:51:34
アルエ,BUMP OF CHICKEN,XdS_lKYyQck,https://youtu.be/XdS_lKYyQck?t=3094,2025-07-08T00:42:37Z,00:51:34,01:02:13
車輪の唄,BUMP OF CHICKEN,XdS_lKYyQck,https://youtu.be/XdS_lKYyQck?t=3733,2025-07-08T00:42:37Z,01:02:13,01:10:37
ダンデライオン,BUMP OF CHICKEN,XdS_lKYyQck,https://youtu.be/XdS_lKYyQck?t=4237,2025-07-08T00:42:37Z,01:10:37,01:17:35
"Hello,world!",BUMP OF CHICKEN,XdS_lKYyQck,https://youtu.be/XdS_lKYyQck?t=4655,2025-07-08T00:42:37Z,01:17:35,01:38:47
コロニー,BUMP OF CHICKEN,XdS_lKYyQck,https://youtu.be/XdS_lKYyQck?t=5927,2025-07-08T00:42:37Z,01:38:47,01:43:47
マリーゴールド,あいみょん,J6qj4trPm3Q,https://youtu.be/J6qj4trPm3Q?t=138,2025-07-10T03:49:05Z,00:02:18,00:12:30
丸の内サディスティック,椎名林檎,J6qj4trPm3Q,https://youtu.be/J6qj4trPm3Q?t=750,2025-07-10T03:49:05Z,00:12:30,00:24:14
栞,クリープハイプ,J6qj4trPm3Q,https://youtu.be/J6qj4trPm3Q?t=1454,2025-07-10T03:49:05Z,00:24:14,00:32:30
気まぐれロマンティック,いきものがかり,J6qj4trPm3Q,https://youtu.be/J6qj4trPm3Q?t=1950,2025-07-10T03:49:05Z,00:32:30,00:37:30
からくりピエロ,40mP,4GNx9f1AwRU,https://youtu.be/4GNx9f1AwRU?t=326,2025-07-10T15:53:54Z,00:05:26,00:12:35
アイロニ,すこっぷ,4GNx9f1AwRU,https://youtu.be/4GNx9f1AwRU?t=755,2025-07-10T15:53:54Z,00:12:35,00:18:53
天ノ弱,164,4GNx9f1AwRU,https://youtu.be/4GNx9f1AwRU?t=1133,2025-07-10T15:53:54Z,00:18:53,00:26:00
繰り返し一粒,猫虫,4GNx9f1AwRU,https://youtu.be/4GNx9f1AwRU?t=1560,2025-07-10T15:53:54Z,00:26:00,00:36:04
二息歩行,DECO*27,4GNx9f1AwRU,https://youtu.be/4GNx9f1AwRU?t=2164,2025-07-10T15:53:54Z,00:36:04,00:41:51
リンネ,ハチ,4GNx9f1AwRU,https://youtu.be/4GNx9f1AwRU?t=2511,2025-07-10T15:53:54Z,00:41:51,00:48:00
心拍数♯0822,蝶々P,4GNx9f1AwRU,https://youtu.be/4GNx9f1AwRU?t=2880,2025-07-10T15:53:54Z,00:48:00,00:54:32
小夜子,みきとP,4GNx9f1AwRU,https://youtu.be/4GNx9f1AwRU?t=3272,2025-07-10T15:53:54Z,00:54:32,01:01:46
心做し,蝶々P,4GNx9f1AwRU,https://youtu.be/4GNx9f1AwRU?t=3706,2025-07-10T15:53:54Z,01:01:46,01:08:28
magnet,minato,4GNx9f1AwRU,https://youtu.be/4GNx9f1AwRU?t=4108,2025-07-10T15:53:54Z,01:08:28,01:15:34
ハロ／ハワユ,ナノウ,4GNx9f1AwRU,https://youtu.be/4GNx9f1AwRU?t=4534,2025-07-10T15:53:54Z,01:15:34,01:22:12
ピエロ,KEI,4GNx9f1AwRU,https://youtu.be/4GNx9f1AwRU?t=4932,2025-07-10T15:53:54Z,01:22:12,01:28:38
夜明けと蛍,n-buna,4GNx9f1AwRU,https://youtu.be/4GNx9f1AwRU?t=5318,2025-07-10T15:53:54Z,01:28:38,01:33:38
ロビンソン,スピッツ,2X88Mxmtx44,https://youtu.be/2X88Mxmtx44?t=185,2025-07-11T13:28:45Z,00:03:05,00:08:12
タッチ,岩崎良美,2X88Mxmtx44,https://youtu.be/2X88Mxmtx44?t=492,2025-07-11T13:28:45Z,00:08:12,00:13:05
ブルーバード,いきものがかり,2X88Mxmtx44,https://youtu.be/2X88Mxmtx44?t=785,2025-07-11T13:28:45Z,00:13:05,00:17:38
アイデンティティ,サカナクション,2X88Mxmtx44,https://youtu.be/2X88Mxmtx44?t=1058,2025-07-11T13:28:45Z,00:17:38,00:23:22
晴る,ヨルシカ,2X88Mxmtx44,https://youtu.be/2X88Mxmtx44?t=1402,2025-07-11T13:28:45Z,00:23:22,00:30:43
負け犬にアンコールはいらない,ヨルシカ,2X88Mxmtx44,https://youtu.be/2X88Mxmtx44?t=1843,2025-07-11T13:28:45Z,00:30:43,00:37:32
藍二乗,ヨルシカ,2X88Mxmtx44,https://youtu.be/2X88Mxmtx44?t=2252,2025-07-11T13:28:45Z,00:37:32,00:44:24
CHE.R.RY,YUI,2X88Mxmtx44,https://youtu.be/2X88Mxmtx44?t=2664,2025-07-11T13:28:45Z,00:44:24,00:49:21
美しい鰭,スピッツ,2X88Mxmtx44,https://youtu.be/2X88Mxmtx44?t=2961,2025-07-11T13:28:45Z,00:49:21,00:55:06
愛をこめて花束を,Superfly,2X88Mxmtx44,https://youtu.be/2X88Mxmtx44?t=3306,2025-07-11T13:28:45Z,00:55:06,01:02:56
高嶺の花子さん,back number,2X88Mxmtx44,https://youtu.be/2X88Mxmtx44?t=3776,2025-07-11T13:28:45Z,01:02:56,01:11:19
ラフ・メイカー,BUMP OF CHICKEN,2X88Mxmtx44,https://youtu.be/2X88Mxmtx44?t=4279,2025-07-11T13:28:45Z,01:11:19,01:19:20
ないものねだり,KANA-BOON,2X88Mxmtx44,https://youtu.be/2X88Mxmtx44?t=4760,2025-07-11T13:28:45Z,01:19:20,01:26:23
恋,星野源,2X88Mxmtx44,https://youtu.be/2X88Mxmtx44?t=5183,2025-07-11T13:28:45Z,01:26:23,01:32:45
平行線,さユり,2X88Mxmtx44,https://youtu.be/2X88Mxmtx44?t=5565,2025-07-11T13:28:45Z,01:32:45,01:37:45
逃避行,amazarashi,yHy34PdzgRg,https://youtu.be/yHy34PdzgRg?t=0,2025-07-11T15:23:44Z,00:00:00,00:05:00
君はロックを聴かない,あいみょん,D-HxfCIArtw,https://youtu.be/D-HxfCIArtw?t=184,2025-07-12T06:12:30Z,00:03:04,00:08:45
弱虫モンブラン,DECO*27,D-HxfCIArtw,https://youtu.be/D-HxfCIArtw?t=525,2025-07-12T06:12:30Z,00:08:45,00:13:58
again,YUI,D-HxfCIArtw,https://youtu.be/D-HxfCIArtw?t=838,2025-07-12T06:12:30Z,00:13:58,00:20:14
サムライハート(Some Like It Hot!!),SPYAIR,D-HxfCIArtw,https://youtu.be/D-HxfCIArtw?t=1214,2025-07-12T06:12:30Z,00:20:14,00:25:09
God knows...,涼宮ハルヒ(平野綾),D-HxfCIArtw,https://youtu.be/D-HxfCIArtw?t=1509,2025-07-12T06:12:30Z,00:25:09,00:32:23
残酷な天使のテーゼ,高橋洋子,D-HxfCIArtw,https://youtu.be/D-HxfCIArtw?t=1943,2025-07-12T06:12:30Z,00:32:23,00:38:38
ミカヅキ,さユり,D-HxfCIArtw,https://youtu.be/D-HxfCIArtw?t=2318,2025-07-12T06:12:30Z,00:38:38,00:48:50
ウィーアー！,きただにひろし,D-HxfCIArtw,https://youtu.be/D-HxfCIArtw?t=2930,2025-07-12T06:12:30Z,00:48:50,00:53:08
ブルーバード,いきものがかり,D-HxfCIArtw,https://youtu.be/D-HxfCIArtw?t=3188,2025-07-12T06:12:30Z,00:53:08,00:57:36
ムーンライト伝説,DALI,D-HxfCIArtw,https://youtu.be/D-HxfCIArtw?t=3456,2025-07-12T06:12:30Z,00:57:36,01:02:09
紅蓮華,LiSA,D-HxfCIArtw,https://youtu.be/D-HxfCIArtw?t=3729,2025-07-12T06:12:30Z,01:02:09,01:07:08
Catch the Moment,LiSA,D-HxfCIArtw,https://youtu.be/D-HxfCIArtw?t=4028,2025-07-12T06:12:30Z,01:07:08,01:12:49
めざせポケモンマスター,松本梨香,D-HxfCIArtw,https://youtu.be/D-HxfCIArtw?t=4369,2025-07-12T06:12:30Z,01:12:49,01:18:12
君の知らない物語,supercell,D-HxfCIArtw,https://youtu.be/D-HxfCIArtw?t=4692,2025-07-12T06:12:30Z,01:18:12,01:24:24
ただ君に晴れ,ヨルシカ,D-HxfCIArtw,https://youtu.be/D-HxfCIArtw?t=5064,2025-07-12T06:12:30Z,01:24:24,01:28:52
晴る,ヨルシカ,D-HxfCIArtw,https://youtu.be/D-HxfCIArtw?t=5332,2025-07-12T06:12:30Z,01:28:52,01:36:01
シュガーソングとビターステップ,UNISON SQUARE GARDEN,D-HxfCIArtw,https://youtu.be/D-HxfCIArtw?t=5761,2025-07-12T06:12:30Z,01:36:01,01:40:49
オリオンをなぞる,UNISON SQUARE GARDEN,D-HxfCIArtw,https://youtu.be/D-HxfCIArtw?t=6049,2025-07-12T06:12:30Z,01:40:49,01:49:08
インフェルノ,Mrs. GREEN APPLE,D-HxfCIArtw,https://youtu.be/D-HxfCIArtw?t=6548,2025-07-12T06:12:30Z,01:49:08,01:53:39
タッチ,岩崎良美,D-HxfCIArtw,https://youtu.be/D-HxfCIArtw?t=6819,2025-07-12T06:12:30Z,01:53:39,01:58:24
カルマ,BUMP OF CHICKEN,D-HxfCIArtw,https://youtu.be/D-HxfCIArtw?t=7104,2025-07-12T06:12:30Z,01:58:24,02:02:44
天体観測,BUMP OF CHICKEN,D-HxfCIArtw,https://youtu.be/D-HxfCIArtw?t=7364,2025-07-12T06:12:30Z,02:02:44,02:07:51
怪獣の花唄,Vaundy,D-HxfCIArtw,https://youtu.be/D-HxfCIArtw?t=7671,2025-07-12T06:12:30Z,02:07:51,02:13:44
高嶺の花子さん,back number,D-HxfCIArtw,https://youtu.be/D-HxfCIArtw?t=8024,2025-07-12T06:12:30Z,02:13:44,02:20:09
ノーザンクロス,シェリル・ノーム starring May'n,D-HxfCIArtw,https://youtu.be/D-HxfCIArtw?t=8409,2025-07-12T06:12:30Z,02:20:09,02:26:09
愛をこめて花束を,Superfly,D-HxfCIArtw,https://youtu.be/D-HxfCIArtw?t=8769,2025-07-12T06:12:30Z,02:26:09,02:31:09
気まぐれロマンティック,いきものがかり,vEaZMcIOzzU,https://youtu.be/vEaZMcIOzzU?t=494,2025-07-13T12:54:42Z,00:08:14,00:13:05
マリーゴールド,あいみょん,vEaZMcIOzzU,https://youtu.be/vEaZMcIOzzU?t=785,2025-07-13T12:54:42Z,00:13:05,00:19:09
悪魔の踊り方,キタニタツヤ,vEaZMcIOzzU,https://youtu.be/vEaZMcIOzzU?t=1149,2025-07-13T12:54:42Z,00:19:09,00:24:50
バナナフィッシュの浜辺と黒い虹,Galileo Galilei,vEaZMcIOzzU,https://youtu.be/vEaZMcIOzzU?t=1490,2025-07-13T12:54:42Z,00:24:50,00:31:03
航海の唄,さユり,vEaZMcIOzzU,https://youtu.be/vEaZMcIOzzU?t=1863,2025-07-13T12:54:42Z,00:31:03,00:36:51
ray,BUMP OF CHICKEN,vEaZMcIOzzU,https://youtu.be/vEaZMcIOzzU?t=2211,2025-07-13T12:54:42Z,00:36:51,00:42:40
会いたくて 会いたくて,西野カナ,vEaZMcIOzzU,https://youtu.be/vEaZMcIOzzU?t=2560,2025-07-13T12:54:42Z,00:42:40,00:48:41
晩餐歌,tuki.,vEaZMcIOzzU,https://youtu.be/vEaZMcIOzzU?t=2921,2025-07-13T12:54:42Z,00:48:41,00:53:46
おやすみ泣き声、さよなら歌姫,クリープハイプ,vEaZMcIOzzU,https://youtu.be/vEaZMcIOzzU?t=3226,2025-07-13T12:54:42Z,00:53:46,00:58:47
靴の花火,ヨルシカ,vEaZMcIOzzU,https://youtu.be/vEaZMcIOzzU?t=3527,2025-07-13T12:54:42Z,00:58:47,01:04:47
トレモロ,RADWIMPS,vEaZMcIOzzU,https://youtu.be/vEaZMcIOzzU?t=3887,2025-07-13T12:54:42Z,01:04:47,01:10:12
メランコリーキッチン,米津玄師,vEaZMcIOzzU,https://youtu.be/vEaZMcIOzzU?t=4212,2025-07-13T12:54:42Z,01:10:12,01:15:00
Pretender,Official髭男dism,vEaZMcIOzzU,https://youtu.be/vEaZMcIOzzU?t=4500,2025-07-13T12:54:42Z,01:15:00,01:21:04
秒針を噛む,ずっと真夜中でいいのに。,vEaZMcIOzzU,https://youtu.be/vEaZMcIOzzU?t=4864,2025-07-13T12:54:42Z,01:21:04,01:26:24
眠り姫,SEKAI NO OWARI,vEaZMcIOzzU,https://youtu.be/vEaZMcIOzzU?t=5184,2025-07-13T12:54:42Z,01:26:24,01:33:18
真赤,My Hair is Bad,vEaZMcIOzzU,https://youtu.be/vEaZMcIOzzU?t=5598,2025-07-13T12:54:42Z,01:33:18,01:37:36
千本桜,黒うさP,vEaZMcIOzzU,https://youtu.be/vEaZMcIOzzU?t=5856,2025-07-13T12:54:42Z,01:37:36,01:43:02
雨とカプチーノ,ヨルシカ,vEaZMcIOzzU,https://youtu.be/vEaZMcIOzzU?t=6182,2025-07-13T12:54:42Z,01:43:02,01:49:49
花に亡霊,ヨルシカ,vEaZMcIOzzU,https://youtu.be/vEaZMcIOzzU?t=6589,2025-07-13T12:54:42Z,01:49:49,01:54:31
怪獣の花唄,Vaundy,vEaZMcIOzzU,https://youtu.be/vEaZMcIOzzU?t=6871,2025-07-13T12:54:42Z,01:54:31,01:59:31
ひまわりの約束,秦基博,KXJog_BveH4,https://youtu.be/KXJog_BveH4?t=332,2025-07-14T16:21:22Z,00:05:32,00:11:17
ドライフラワー,優里,KXJog_BveH4,https://youtu.be/KXJog_BveH4?t=677,2025-07-14T16:21:22Z,00:11:17,00:18:22
奏,スキマスイッチ,KXJog_BveH4,https://youtu.be/KXJog_BveH4?t=1102,2025-07-14T16:21:22Z,00:18:22,00:24:11
まちがいさがし,菅田将暉,KXJog_BveH4,https://youtu.be/KXJog_BveH4?t=1451,2025-07-14T16:21:22Z,00:24:11,00:30:20
花の名,BUMP OF CHICKEN,KXJog_BveH4,https://youtu.be/KXJog_BveH4?t=1820,2025-07-14T16:21:22Z,00:30:20,00:37:54
飴玉の唄,BUMP OF CHICKEN,KXJog_BveH4,https://youtu.be/KXJog_BveH4?t=2274,2025-07-14T16:21:22Z,00:37:54,00:46:06
最後の雨,中西保志,KXJog_BveH4,https://youtu.be/KXJog_BveH4?t=2766,2025-07-14T16:21:22Z,00:46:06,00:51:52
なんでもないや,RADWIMPS,KXJog_BveH4,https://youtu.be/KXJog_BveH4?t=3112,2025-07-14T16:21:22Z,00:51:52,00:59:13
I LOVE YOU,尾崎豊,KXJog_BveH4,https://youtu.be/KXJog_BveH4?t=3553,2025-07-14T16:21:22Z,00:59:13,01:05:54
Wherever you are,ONE OK ROCK,KXJog_BveH4,https://youtu.be/KXJog_BveH4?t=3954,2025-07-14T16:21:22Z,01:05:54,01:14:09
花瓶の花,石崎ひゅーい,KXJog_BveH4,https://youtu.be/KXJog_BveH4?t=4449,2025-07-14T16:21:22Z,01:14:09,01:21:04
Lemon,米津玄師,KXJog_BveH4,https://youtu.be/KXJog_BveH4?t=4864,2025-07-14T16:21:22Z,01:21:04,01:28:57
アイネクライネ,米津玄師,KXJog_BveH4,https://youtu.be/KXJog_BveH4?t=5337,2025-07-14T16:21:22Z,01:28:57,01:36:20
楓,スピッツ,KXJog_BveH4,https://youtu.be/KXJog_BveH4?t=5780,2025-07-14T16:21:22Z,01:36:20,01:44:41
桜,コブクロ,KXJog_BveH4,https://youtu.be/KXJog_BveH4?t=6281,2025-07-14T16:21:22Z,01:44:41,01:52:30
粉雪,レミオロメン,KXJog_BveH4,https://youtu.be/KXJog_BveH4?t=6750,2025-07-14T16:21:22Z,01:52:30,01:57:30
欲望に満ちた青年団,ONE OK ROCK,RP-rWNnAquI,https://youtu.be/RP-rWNnAquI?t=350,2025-07-15T20:03:53Z,00:05:50,00:13:19
ただ君に晴れ,ヨルシカ,RP-rWNnAquI,https://youtu.be/RP-rWNnAquI?t=799,2025-07-15T20:03:53Z,00:13:19,00:18:01
雨晴るる,ヨルシカ,RP-rWNnAquI,https://youtu.be/RP-rWNnAquI?t=1081,2025-07-15T20:03:53Z,00:18:01,00:22:33
丸の内サディスティック,椎名林檎,RP-rWNnAquI,https://youtu.be/RP-rWNnAquI?t=1353,2025-07-15T20:03:53Z,00:22:33,00:29:07
幸せ,back number,RP-rWNnAquI,https://youtu.be/RP-rWNnAquI?t=1747,2025-07-15T20:03:53Z,00:29:07,00:37:21
糸,中島みゆき,RP-rWNnAquI,https://youtu.be/RP-rWNnAquI?t=2241,2025-07-15T20:03:53Z,00:37:21,00:42:35
裸の心,あいみょん,RP-rWNnAquI,https://youtu.be/RP-rWNnAquI?t=2555,2025-07-15T20:03:53Z,00:42:35,00:49:29
コイスルオトメ,いきものがかり,RP-rWNnAquI,https://youtu.be/RP-rWNnAquI?t=2969,2025-07-15T20:03:53Z,00:49:29,00:56:21
ハナミズキ,一青窈,RP-rWNnAquI,https://youtu.be/RP-rWNnAquI?t=3381,2025-07-15T20:03:53Z,00:56:21,01:04:01
高嶺の花子さん,back number,RP-rWNnAquI,https://youtu.be/RP-rWNnAquI?t=3841,2025-07-15T20:03:53Z,01:04:01,01:10:10
ブルーバード,いきものがかり,RP-rWNnAquI,https://youtu.be/RP-rWNnAquI?t=4210,2025-07-15T20:03:53Z,01:10:10,01:15:20
気まぐれロマンティック,いきものがかり,RP-rWNnAquI,https://youtu.be/RP-rWNnAquI?t=4520,2025-07-15T20:03:53Z,01:15:20,01:21:11
紅蓮華,LiSA,RP-rWNnAquI,https://youtu.be/RP-rWNnAquI?t=4871,2025-07-15T20:03:53Z,01:21:11,01:27:11
晩餐歌,tuki.,RP-rWNnAquI,https://youtu.be/RP-rWNnAquI?t=5231,2025-07-15T20:03:53Z,01:27:11,01:32:04
Pretender,Official髭男dism,RP-rWNnAquI,https://youtu.be/RP-rWNnAquI?t=5524,2025-07-15T20:03:53Z,01:32:04,01:39:00
君はロックを聴かない,あいみょん,RP-rWNnAquI,https://youtu.be/RP-rWNnAquI?t=5940,2025-07-15T20:03:53Z,01:39:00,01:44:22
晴る,ヨルシカ,RP-rWNnAquI,https://youtu.be/RP-rWNnAquI?t=6262,2025-07-15T20:03:53Z,01:44:22,01:51:24
だから僕は音楽を辞めた,ヨルシカ,RP-rWNnAquI,https://youtu.be/RP-rWNnAquI?t=6684,2025-07-15T20:03:53Z,01:51:24,01:57:58
めざせポケモンマスター,松本梨香,RP-rWNnAquI,https://youtu.be/RP-rWNnAquI?t=7078,2025-07-15T20:03:53Z,01:57:58,02:03:55
残酷な天使のテーゼ,高橋洋子,RP-rWNnAquI,https://youtu.be/RP-rWNnAquI?t=7435,2025-07-15T20:03:53Z,02:03:55,02:09:57
美しい鰭,スピッツ,RP-rWNnAquI,https://youtu.be/RP-rWNnAquI?t=7797,2025-07-15T20:03:53Z,02:09:57,02:14:15
マリーゴールド,あいみょん,RP-rWNnAquI,https://youtu.be/RP-rWNnAquI?t=8055,2025-07-15T20:03:53Z,02:14:15,02:24:00
カルマ,BUMP OF CHICKEN,RP-rWNnAquI,https://youtu.be/RP-rWNnAquI?t=8640,2025-07-15T20:03:53Z,02:24:00,02:29:03
車輪の唄,BUMP OF CHICKEN,RP-rWNnAquI,https://youtu.be/RP-rWNnAquI?t=8943,2025-07-15T20:03:53Z,02:29:03,02:36:03
ray,BUMP OF CHICKEN,RP-rWNnAquI,https://youtu.be/RP-rWNnAquI?t=9363,2025-07-15T20:03:53Z,02:36:03,02:43:19
ラフ・メイカー,BUMP OF CHICKEN,RP-rWNnAquI,https://youtu.be/RP-rWNnAquI?t=9799,2025-07-15T20:03:53Z,02:43:19,02:47:55
アカシア,BUMP OF CHICKEN,RP-rWNnAquI,https://youtu.be/RP-rWNnAquI?t=10075,2025-07-15T20:03:53Z,02:47:55,02:55:25
sailing day,BUMP OF CHICKEN,RP-rWNnAquI,https://youtu.be/RP-rWNnAquI?t=10525,2025-07-15T20:03:53Z,02:55:25,03:00:56
なないろ,BUMP OF CHICKEN,RP-rWNnAquI,https://youtu.be/RP-rWNnAquI?t=10856,2025-07-15T20:03:53Z,03:00:56,03:06:51
真っ赤な空を見ただろうか,BUMP OF CHICKEN,RP-rWNnAquI,https://youtu.be/RP-rWNnAquI?t=11211,2025-07-15T20:03:53Z,03:06:51,03:12:17
プラネタリウム,BUMP OF CHICKEN,RP-rWNnAquI,https://youtu.be/RP-rWNnAquI?t=11537,2025-07-15T20:03:53Z,03:12:17,03:18:19
embrace,BUMP OF CHICKEN,RP-rWNnAquI,https://youtu.be/RP-rWNnAquI?t=11899,2025-07-15T20:03:53Z,03:18:19,03:25:17
K,BUMP OF CHICKEN,RP-rWNnAquI,https://youtu.be/RP-rWNnAquI?t=12317,2025-07-15T20:03:53Z,03:25:17,03:31:46
話がしたいよ,BUMP OF CHICKEN,RP-rWNnAquI,https://youtu.be/RP-rWNnAquI?t=12706,2025-07-15T20:03:53Z,03:31:46,03:48:55
ウィーアー！,きただにひろし,RP-rWNnAquI,https://youtu.be/RP-rWNnAquI?t=13735,2025-07-15T20:03:53Z,03:48:55,03:54:02
君の知らない物語,supercell,RP-rWNnAquI,https://youtu.be/RP-rWNnAquI?t=14042,2025-07-15T20:03:53Z,03:54:02,04:01:50
サムライハート(Some Like It Hot!!),SPYAIR,RP-rWNnAquI,https://youtu.be/RP-rWNnAquI?t=14510,2025-07-15T20:03:53Z,04:01:50,04:06:23
God knows...,涼宮ハルヒ(平野綾),RP-rWNnAquI,https://youtu.be/RP-rWNnAquI?t=14783,2025-07-15T20:03:53Z,04:06:23,04:11:39
again,YUI,RP-rWNnAquI,https://youtu.be/RP-rWNnAquI?t=15099,2025-07-15T20:03:53Z,04:11:39,04:17:16
タッチ,岩崎良美,RP-rWNnAquI,https://youtu.be/RP-rWNnAquI?t=15436,2025-07-15T20:03:53Z,04:17:16,04:22:20
ミカヅキ,さユり,RP-rWNnAquI,https://youtu.be/RP-rWNnAquI?t=15740,2025-07-15T20:03:53Z,04:22:20,04:29:14
ムーンライト伝説,DALI,RP-rWNnAquI,https://youtu.be/RP-rWNnAquI?t=16154,2025-07-15T20:03:53Z,04:29:14,04:36:51
ノーザンクロス,シェリル・ノーム starring May'n,RP-rWNnAquI,https://youtu.be/RP-rWNnAquI?t=16611,2025-07-15T20:03:53Z,04:36:51,04:41:51
夏色,ゆず,i5i08Dd9TAY,https://youtu.be/i5i08Dd9TAY?t=457,2025-07-16T16:10:28Z,00:07:37,00:11:55
打上花火,DAOKO×米津玄師,i5i08Dd9TAY,https://youtu.be/i5i08Dd9TAY?t=715,2025-07-16T16:10:28Z,00:11:55,00:18:36
わたがし,back number,i5i08Dd9TAY,https://youtu.be/i5i08Dd9TAY?t=1116,2025-07-16T16:10:28Z,00:18:36,00:24:20
真夏の果実,サザンオールスターズ,i5i08Dd9TAY,https://youtu.be/i5i08Dd9TAY?t=1460,2025-07-16T16:10:28Z,00:24:20,00:30:49
夏影テールライト,UNISON SQUARE GARDEN,i5i08Dd9TAY,https://youtu.be/i5i08Dd9TAY?t=1849,2025-07-16T16:10:28Z,00:30:49,00:37:13
マリーゴールド,あいみょん,i5i08Dd9TAY,https://youtu.be/i5i08Dd9TAY?t=2233,2025-07-16T16:10:28Z,00:37:13,00:44:13
Esperanza,西野カナ,i5i08Dd9TAY,https://youtu.be/i5i08Dd9TAY?t=2653,2025-07-16T16:10:28Z,00:44:13,00:51:07
夏祭り,JITTERIN'JINN,i5i08Dd9TAY,https://youtu.be/i5i08Dd9TAY?t=3067,2025-07-16T16:10:28Z,00:51:07,00:57:11
ラブホテル,クリープハイプ,i5i08Dd9TAY,https://youtu.be/i5i08Dd9TAY?t=3431,2025-07-16T16:10:28Z,00:57:11,01:05:04
ポニーテールとシュシュ,AKB48,i5i08Dd9TAY,https://youtu.be/i5i08Dd9TAY?t=3904,2025-07-16T16:10:28Z,01:05:04,01:11:56
花に亡霊,ヨルシカ,i5i08Dd9TAY,https://youtu.be/i5i08Dd9TAY?t=4316,2025-07-16T16:10:28Z,01:11:56,01:17:05
五月は花緑青の窓辺から,ヨルシカ,i5i08Dd9TAY,https://youtu.be/i5i08Dd9TAY?t=4625,2025-07-16T16:10:28Z,01:17:05,01:24:50
夏空,Galileo Galilei,i5i08Dd9TAY,https://youtu.be/i5i08Dd9TAY?t=5090,2025-07-16T16:10:28Z,01:24:50,01:32:57
君がくれた夏,家入レオ,i5i08Dd9TAY,https://youtu.be/i5i08Dd9TAY?t=5577,2025-07-16T16:10:28Z,01:32:57,01:40:33
secret base〜君がくれたもの〜,ZONE,i5i08Dd9TAY,https://youtu.be/i5i08Dd9TAY?t=6033,2025-07-16T16:10:28Z,01:40:33,01:45:33
逃避行,amazarashi,KnYyMnHPcPc,https://youtu.be/KnYyMnHPcPc?t=570,2025-07-17T13:31:55Z,00:09:30,00:17:13
ジュブナイル,amazarashi,KnYyMnHPcPc,https://youtu.be/KnYyMnHPcPc?t=1033,2025-07-17T13:31:55Z,00:17:13,00:25:14
境界線,amazarashi,KnYyMnHPcPc,https://youtu.be/KnYyMnHPcPc?t=1514,2025-07-17T13:31:55Z,00:25:14,00:32:17
季節は次々死んでいく,amazarashi,KnYyMnHPcPc,https://youtu.be/KnYyMnHPcPc?t=1937,2025-07-17T13:31:55Z,00:32:17,00:41:14
ナモナキヒト,amazarashi,KnYyMnHPcPc,https://youtu.be/KnYyMnHPcPc?t=2474,2025-07-17T13:31:55Z,00:41:14,00:48:47
ワンルーム叙事詩,amazarashi,KnYyMnHPcPc,https://youtu.be/KnYyMnHPcPc?t=2927,2025-07-17T13:31:55Z,00:48:47,00:56:02
フィロソフィー,amazarashi,KnYyMnHPcPc,https://youtu.be/KnYyMnHPcPc?t=3362,2025-07-17T13:31:55Z,00:56:02,01:04:26
僕が死のうと思ったのは,amazarashi,KnYyMnHPcPc,https://youtu.be/KnYyMnHPcPc?t=3866,2025-07-17T13:31:55Z,01:04:26,01:11:26
さよならごっこ,amazarashi,KnYyMnHPcPc,https://youtu.be/KnYyMnHPcPc?t=4286,2025-07-17T13:31:55Z,01:11:26,01:17:16
風に流離い,amazarashi,KnYyMnHPcPc,https://youtu.be/KnYyMnHPcPc?t=4636,2025-07-17T13:31:55Z,01:17:16,01:23:47
とどめを刺して,amazarashi,KnYyMnHPcPc,https://youtu.be/KnYyMnHPcPc?t=5027,2025-07-17T13:31:55Z,01:23:47,01:30:51
空洞空洞,amazarashi,KnYyMnHPcPc,https://youtu.be/KnYyMnHPcPc?t=5451,2025-07-17T13:31:55Z,01:30:51,01:37:07
性善説,amazarashi,KnYyMnHPcPc,https://youtu.be/KnYyMnHPcPc?t=5827,2025-07-17T13:31:55Z,01:37:07,01:48:04
爆弾の作り方,amazarashi,KnYyMnHPcPc,https://youtu.be/KnYyMnHPcPc?t=6484,2025-07-17T13:31:55Z,01:48:04,01:55:58
スターライト,amazarashi,KnYyMnHPcPc,https://youtu.be/KnYyMnHPcPc?t=6958,2025-07-17T13:31:55Z,01:55:58,02:02:13
空に歌えば,amazarashi,KnYyMnHPcPc,https://youtu.be/KnYyMnHPcPc?t=7333,2025-07-17T13:31:55Z,02:02:13,02:07:13
Aurora,BUMP OF CHICKEN,czUHR7z05Fc,https://youtu.be/czUHR7z05Fc?t=3975,2025-07-18T15:59:21Z,01:06:15,01:15:34
サイダー,ミナミイズミ,czUHR7z05Fc,https://youtu.be/czUHR7z05Fc?t=4534,2025-07-18T15:59:21Z,01:15:34,01:20:34
糸,中島みゆき,cKs08HM_CjE,https://youtu.be/cKs08HM_CjE?t=322,2025-07-18T19:02:30Z,00:05:22,00:10:30
ロビンソン,スピッツ,cKs08HM_CjE,https://youtu.be/cKs08HM_CjE?t=630,2025-07-18T19:02:30Z,00:10:30,00:17:02
ノーチラス,ヨルシカ,cKs08HM_CjE,https://youtu.be/cKs08HM_CjE?t=1022,2025-07-18T19:02:30Z,00:17:02,00:23:00
風を食む,ヨルシカ,cKs08HM_CjE,https://youtu.be/cKs08HM_CjE?t=1380,2025-07-18T19:02:30Z,00:23:00,00:29:37
チノカテ,ヨルシカ,cKs08HM_CjE,https://youtu.be/cKs08HM_CjE?t=1777,2025-07-18T19:02:30Z,00:29:37,00:36:00
靴の花火,ヨルシカ,cKs08HM_CjE,https://youtu.be/cKs08HM_CjE?t=2160,2025-07-18T19:02:30Z,00:36:00,00:44:00
雨とカプチーノ,ヨルシカ,cKs08HM_CjE,https://youtu.be/cKs08HM_CjE?t=2640,2025-07-18T19:02:30Z,00:44:00,00:51:33
晩餐歌,tuki.,cKs08HM_CjE,https://youtu.be/cKs08HM_CjE?t=3093,2025-07-18T19:02:30Z,00:51:33,00:58:27
楓,スピッツ,cKs08HM_CjE,https://youtu.be/cKs08HM_CjE?t=3507,2025-07-18T19:02:30Z,00:58:27,01:06:34
secret base〜君がくれたもの〜,ZONE,cKs08HM_CjE,https://youtu.be/cKs08HM_CjE?t=3994,2025-07-18T19:02:30Z,01:06:34,01:13:02
ハナミズキ,一青窈,cKs08HM_CjE,https://youtu.be/cKs08HM_CjE?t=4382,2025-07-18T19:02:30Z,01:13:02,01:21:55
アイネクライネ,米津玄師,cKs08HM_CjE,https://youtu.be/cKs08HM_CjE?t=4915,2025-07-18T19:02:30Z,01:21:55,01:28:29
vivi,米津玄師,cKs08HM_CjE,https://youtu.be/cKs08HM_CjE?t=5309,2025-07-18T19:02:30Z,01:28:29,01:34:55
Lemon,米津玄師,cKs08HM_CjE,https://youtu.be/cKs08HM_CjE?t=5695,2025-07-18T19:02:30Z,01:34:55,01:41:50
いつか,Saucy Dog,cKs08HM_CjE,https://youtu.be/cKs08HM_CjE?t=6110,2025-07-18T19:02:30Z,01:41:50,01:49:26
Pretender,Official髭男dism,cKs08HM_CjE,https://youtu.be/cKs08HM_CjE?t=6566,2025-07-18T19:02:30Z,01:49:26,01:58:00
心做し,蝶々P,cKs08HM_CjE,https://youtu.be/cKs08HM_CjE?t=7080,2025-07-18T19:02:30Z,01:58:00,02:05:08
ムーンライト伝説,DALI,cKs08HM_CjE,https://youtu.be/cKs08HM_CjE?t=7508,2025-07-18T19:02:30Z,02:05:08,02:10:32
ひまわりの約束,秦基博,cKs08HM_CjE,https://youtu.be/cKs08HM_CjE?t=7832,2025-07-18T19:02:30Z,02:10:32,02:17:17
栄光の架橋,ゆず,cKs08HM_CjE,https://youtu.be/cKs08HM_CjE?t=8237,2025-07-18T19:02:30Z,02:17:17,02:27:04
Calc.,ジミーサムP,cKs08HM_CjE,https://youtu.be/cKs08HM_CjE?t=8824,2025-07-18T19:02:30Z,02:27:04,02:32:37
ドライフラワー,優里,cKs08HM_CjE,https://youtu.be/cKs08HM_CjE?t=9157,2025-07-18T19:02:30Z,02:32:37,02:40:03
愛をこめて花束を,Superfly,cKs08HM_CjE,https://youtu.be/cKs08HM_CjE?t=9603,2025-07-18T19:02:30Z,02:40:03,02:45:03
今宵の月のように,エレファントカシマシ,Xk6y6nYAB8Q,https://youtu.be/Xk6y6nYAB8Q?t=572,2025-07-20T13:43:22Z,00:09:32,00:14:20
Dragon Night,SEKAI NO OWARI,Xk6y6nYAB8Q,https://youtu.be/Xk6y6nYAB8Q?t=860,2025-07-20T13:43:22Z,00:14:20,00:19:09
夜明けの君へ,TOMOO,Xk6y6nYAB8Q,https://youtu.be/Xk6y6nYAB8Q?t=1149,2025-07-20T13:43:22Z,00:19:09,00:24:31
夜に駆ける,YOASOBI,Xk6y6nYAB8Q,https://youtu.be/Xk6y6nYAB8Q?t=1471,2025-07-20T13:43:22Z,00:24:31,00:30:26
夜の踊り子,サカナクション,Xk6y6nYAB8Q,https://youtu.be/Xk6y6nYAB8Q?t=1826,2025-07-20T13:43:22Z,00:30:26,00:37:15
夜紛い,ヨルシカ,Xk6y6nYAB8Q,https://youtu.be/Xk6y6nYAB8Q?t=2235,2025-07-20T13:43:22Z,00:37:15,00:42:13
夜行,ヨルシカ,Xk6y6nYAB8Q,https://youtu.be/Xk6y6nYAB8Q?t=2533,2025-07-20T13:43:22Z,00:42:13,01:01:23
ナイトルーティーン,キタニタツヤ,Xk6y6nYAB8Q,https://youtu.be/Xk6y6nYAB8Q?t=3683,2025-07-20T13:43:22Z,01:01:23,01:06:51
夜汽車は走る,indigo la End,Xk6y6nYAB8Q,https://youtu.be/Xk6y6nYAB8Q?t=4011,2025-07-20T13:43:22Z,01:06:51,01:12:46
今夜このまま,あいみょん,Xk6y6nYAB8Q,https://youtu.be/Xk6y6nYAB8Q?t=4366,2025-07-20T13:43:22Z,01:12:46,01:17:56
満月の夜なら,あいみょん,Xk6y6nYAB8Q,https://youtu.be/Xk6y6nYAB8Q?t=4676,2025-07-20T13:43:22Z,01:17:56,01:22:09
夜咄ディセイブ,じん,Xk6y6nYAB8Q,https://youtu.be/Xk6y6nYAB8Q?t=4929,2025-07-20T13:43:22Z,01:22:09,01:26:44
打上花火,DAOKO×米津玄師,Xk6y6nYAB8Q,https://youtu.be/Xk6y6nYAB8Q?t=5204,2025-07-20T13:43:22Z,01:26:44,01:35:07
夜空ノムコウ,SMAP,Xk6y6nYAB8Q,https://youtu.be/Xk6y6nYAB8Q?t=5707,2025-07-20T13:43:22Z,01:35:07,01:41:04
さよならミッドナイト,大柴広己,Xk6y6nYAB8Q,https://youtu.be/Xk6y6nYAB8Q?t=6064,2025-07-20T13:43:22Z,01:41:04,01:47:29
六兆年と一夜物語,kemu,Xk6y6nYAB8Q,https://youtu.be/Xk6y6nYAB8Q?t=6449,2025-07-20T13:43:22Z,01:47:29,01:53:23
金木犀の夜,きのこ帝国,Xk6y6nYAB8Q,https://youtu.be/Xk6y6nYAB8Q?t=6803,2025-07-20T13:43:22Z,01:53:23,01:59:41
Title of mine,BUMP OF CHICKEN,Xk6y6nYAB8Q,https://youtu.be/Xk6y6nYAB8Q?t=7181,2025-07-20T13:43:22Z,01:59:41,02:06:12
夜明けの詩,さユり,Xk6y6nYAB8Q,https://youtu.be/Xk6y6nYAB8Q?t=7572,2025-07-20T13:43:22Z,02:06:12,02:11:56
夜明けと蛍,n-buna,Xk6y6nYAB8Q,https://youtu.be/Xk6y6nYAB8Q?t=7916,2025-07-20T13:43:22Z,02:11:56,02:16:56
愛を伝えたいだとか,あいみょん,5IGJiSmcaWE,https://youtu.be/5IGJiSmcaWE?t=298,2025-07-21T10:15:48Z,00:04:58,00:10:35
やさしくなりたい,斉藤和義,5IGJiSmcaWE,https://youtu.be/5IGJiSmcaWE?t=635,2025-07-21T10:15:48Z,00:10:35,00:15:57
ゆるふわ樹海ガール,石風呂,5IGJiSmcaWE,https://youtu.be/5IGJiSmcaWE?t=957,2025-07-21T10:15:48Z,00:15:57,00:20:05
欲望に満ちた青年団,ONE OK ROCK,5IGJiSmcaWE,https://youtu.be/5IGJiSmcaWE?t=1205,2025-07-21T10:15:48Z,00:20:05,00:24:05
シルエット,KANA-BOON,5IGJiSmcaWE,https://youtu.be/5IGJiSmcaWE?t=1445,2025-07-21T10:15:48Z,00:24:05,00:28:56
ローリンガール,wowaka,5IGJiSmcaWE,https://youtu.be/5IGJiSmcaWE?t=1736,2025-07-21T10:15:48Z,00:28:56,00:33:02
God knows...,涼宮ハルヒ(平野綾),5IGJiSmcaWE,https://youtu.be/5IGJiSmcaWE?t=1982,2025-07-21T10:15:48Z,00:33:02,00:38:13
紅蓮華,LiSA,5IGJiSmcaWE,https://youtu.be/5IGJiSmcaWE?t=2293,2025-07-21T10:15:48Z,00:38:13,00:43:31
君の知らない物語,supercell,5IGJiSmcaWE,https://youtu.be/5IGJiSmcaWE?t=2611,2025-07-21T10:15:48Z,00:43:31,00:50:50
晴る,ヨルシカ,5IGJiSmcaWE,https://youtu.be/5IGJiSmcaWE?t=3050,2025-07-21T10:15:48Z,00:50:50,00:56:55
ray,BUMP OF CHICKEN,5IGJiSmcaWE,https://youtu.be/5IGJiSmcaWE?t=3415,2025-07-21T10:15:48Z,00:56:55,01:03:56
スーパースターになったら,back number,5IGJiSmcaWE,https://youtu.be/5IGJiSmcaWE?t=3836,2025-07-21T10:15:48Z,01:03:56,01:09:35
からくりピエロ,40mP,5IGJiSmcaWE,https://youtu.be/5IGJiSmcaWE?t=4175,2025-07-21T10:15:48Z,01:09:35,01:14:56
雨とカプチーノ,ヨルシカ,5IGJiSmcaWE,https://youtu.be/5IGJiSmcaWE?t=4496,2025-07-21T10:15:48Z,01:14:56,01:20:40
春泥棒,ヨルシカ,5IGJiSmcaWE,https://youtu.be/5IGJiSmcaWE?t=4840,2025-07-21T10:15:48Z,01:20:40,01:26:35
チェリー,スピッツ,5IGJiSmcaWE,https://youtu.be/5IGJiSmcaWE?t=5195,2025-07-21T10:15:48Z,01:26:35,01:32:50
タッチ,岩崎良美,5IGJiSmcaWE,https://youtu.be/5IGJiSmcaWE?t=5570,2025-07-21T10:15:48Z,01:32:50,01:36:53
君がくれた夏,家入レオ,5IGJiSmcaWE,https://youtu.be/5IGJiSmcaWE?t=5813,2025-07-21T10:15:48Z,01:36:53,01:41:46
残酷な天使のテーゼ,高橋洋子,5IGJiSmcaWE,https://youtu.be/5IGJiSmcaWE?t=6106,2025-07-21T10:15:48Z,01:41:46,01:49:11
Just Be Friends,Dixie Flatline,5IGJiSmcaWE,https://youtu.be/5IGJiSmcaWE?t=6551,2025-07-21T10:15:48Z,01:49:11,01:56:04
ノーザンクロス,シェリル・ノーム starring May'n,5IGJiSmcaWE,https://youtu.be/5IGJiSmcaWE?t=6964,2025-07-21T10:15:48Z,01:56:04,02:12:01
サムライハート(Some Like It Hot!!),SPYAIR,5IGJiSmcaWE,https://youtu.be/5IGJiSmcaWE?t=7921,2025-07-21T10:15:48Z,02:12:01,02:16:28
WINDING ROAD,絢香×コブクロ,5IGJiSmcaWE,https://youtu.be/5IGJiSmcaWE?t=8188,2025-07-21T10:15:48Z,02:16:28,02:22:04
千本桜,黒うさP,5IGJiSmcaWE,https://youtu.be/5IGJiSmcaWE?t=8524,2025-07-21T10:15:48Z,02:22:04,02:27:04
楓,スピッツ,6m9HB54WSx8,https://youtu.be/6m9HB54WSx8?t=434,2025-07-21T20:34:12Z,00:07:14,00:15:02
まちがいさがし,菅田将暉,6m9HB54WSx8,https://youtu.be/6m9HB54WSx8?t=902,2025-07-21T20:34:12Z,00:15:02,00:22:25
Wherever you are,ONE OK ROCK,6m9HB54WSx8,https://youtu.be/6m9HB54WSx8?t=1345,2025-07-21T20:34:12Z,00:22:25,00:30:35
雨晴るる,ヨルシカ,6m9HB54WSx8,https://youtu.be/6m9HB54WSx8?t=1835,2025-07-21T20:34:12Z,00:30:35,00:39:34
ふたりせかい,ミナミイズミ,6m9HB54WSx8,https://youtu.be/6m9HB54WSx8?t=2374,2025-07-21T20:34:12Z,00:39:34,00:47:41
美しくならないで,ミナミイズミ,6m9HB54WSx8,https://youtu.be/6m9HB54WSx8?t=2861,2025-07-21T20:34:12Z,00:47:41,00:56:56
夜が足りない,ミナミイズミ,6m9HB54WSx8,https://youtu.be/6m9HB54WSx8?t=3416,2025-07-21T20:34:12Z,00:56:56,01:04:51
話がしたいよ,BUMP OF CHICKEN,6m9HB54WSx8,https://youtu.be/6m9HB54WSx8?t=3891,2025-07-21T20:34:12Z,01:04:51,01:22:16
リボン,BUMP OF CHICKEN,6m9HB54WSx8,https://youtu.be/6m9HB54WSx8?t=4936,2025-07-21T20:34:12Z,01:22:16,01:32:41
66号線,BUMP OF CHICKEN,6m9HB54WSx8,https://youtu.be/6m9HB54WSx8?t=5561,2025-07-21T20:34:12Z,01:32:41,01:45:27
才悩人応援歌,BUMP OF CHICKEN,6m9HB54WSx8,https://youtu.be/6m9HB54WSx8?t=6327,2025-07-21T20:34:12Z,01:45:27,01:58:45
メーデー,BUMP OF CHICKEN,6m9HB54WSx8,https://youtu.be/6m9HB54WSx8?t=7125,2025-07-21T20:34:12Z,01:58:45,02:10:50
ハナミズキ,一青窈,6m9HB54WSx8,https://youtu.be/6m9HB54WSx8?t=7850,2025-07-21T20:34:12Z,02:10:50,02:16:37
アイネクライネ,米津玄師,6m9HB54WSx8,https://youtu.be/6m9HB54WSx8?t=8197,2025-07-21T20:34:12Z,02:16:37,02:22:11
コイスルオトメ,いきものがかり,6m9HB54WSx8,https://youtu.be/6m9HB54WSx8?t=8531,2025-07-21T20:34:12Z,02:22:11,02:28:09
粉雪,レミオロメン,6m9HB54WSx8,https://youtu.be/6m9HB54WSx8?t=8889,2025-07-21T20:34:12Z,02:28:09,02:35:15
忘れられないの,サカナクション,6m9HB54WSx8,https://youtu.be/6m9HB54WSx8?t=9315,2025-07-21T20:34:12Z,02:35:15,02:43:11
分別奮闘記,BUMP OF CHICKEN,6m9HB54WSx8,https://youtu.be/6m9HB54WSx8?t=9791,2025-07-21T20:34:12Z,02:43:11,02:48:50
なないろ,BUMP OF CHICKEN,6m9HB54WSx8,https://youtu.be/6m9HB54WSx8?t=10130,2025-07-21T20:34:12Z,02:48:50,02:55:51
藍二乗,ヨルシカ,6m9HB54WSx8,https://youtu.be/6m9HB54WSx8?t=10551,2025-07-21T20:34:12Z,02:55:51,03:02:16
裸の心,あいみょん,6m9HB54WSx8,https://youtu.be/6m9HB54WSx8?t=10936,2025-07-21T20:34:12Z,03:02:16,03:12:10
車輪の唄,BUMP OF CHICKEN,6m9HB54WSx8,https://youtu.be/6m9HB54WSx8?t=11530,2025-07-21T20:34:12Z,03:12:10,03:17:10
ローリンガール,wowaka,ODknjSd8puY,https://youtu.be/ODknjSd8puY?t=371,2025-07-22T12:48:34Z,00:06:11,00:11:36
ワールズエンド・ダンスホール,wowaka,ODknjSd8puY,https://youtu.be/ODknjSd8puY?t=696,2025-07-22T12:48:34Z,00:11:36,00:16:20
裏表ラバーズ,wowaka,ODknjSd8puY,https://youtu.be/ODknjSd8puY?t=980,2025-07-22T12:48:34Z,00:16:20,00:21:16
リンネ,ハチ,ODknjSd8puY,https://youtu.be/ODknjSd8puY?t=1276,2025-07-22T12:48:34Z,00:21:16,00:28:12
ドーナツホール,ハチ,ODknjSd8puY,https://youtu.be/ODknjSd8puY?t=1692,2025-07-22T12:48:34Z,00:28:12,00:33:15
パンダヒーロー,ハチ,ODknjSd8puY,https://youtu.be/ODknjSd8puY?t=1995,2025-07-22T12:48:34Z,00:33:15,00:42:17
ロストワンの号哭,Neru,ODknjSd8puY,https://youtu.be/ODknjSd8puY?t=2537,2025-07-22T12:48:34Z,00:42:17,00:47:25
東京テディベア,Neru,ODknjSd8puY,https://youtu.be/ODknjSd8puY?t=2845,2025-07-22T12:48:34Z,00:47:25,00:51:58
天ノ弱,164,ODknjSd8puY,https://youtu.be/ODknjSd8puY?t=3118,2025-07-22T12:48:34Z,00:51:58,00:57:19
夜咄ディセイブ,じん,ODknjSd8puY,https://youtu.be/ODknjSd8puY?t=3439,2025-07-22T12:48:34Z,00:57:19,01:02:13
ロミオとシンデレラ,doriko,ODknjSd8puY,https://youtu.be/ODknjSd8puY?t=3733,2025-07-22T12:48:34Z,01:02:13,01:11:34
六兆年と一夜物語,kemu,ODknjSd8puY,https://youtu.be/ODknjSd8puY?t=4294,2025-07-22T12:48:34Z,01:11:34,01:18:05
愛迷エレジー,DECO*27,ODknjSd8puY,https://youtu.be/ODknjSd8puY?t=4685,2025-07-22T12:48:34Z,01:18:05,01:23:20
モザイクロール,DECO*27,ODknjSd8puY,https://youtu.be/ODknjSd8puY?t=5000,2025-07-22T12:48:34Z,01:23:20,01:28:39
ルカルカ★ナイトフィーバー,samfree,ODknjSd8puY,https://youtu.be/ODknjSd8puY?t=5319,2025-07-22T12:48:34Z,01:28:39,01:33:48
千本桜,黒うさP,ODknjSd8puY,https://youtu.be/ODknjSd8puY?t=5628,2025-07-22T12:48:34Z,01:33:48,01:38:48
オリオンをなぞる,UNISON SQUARE GARDEN,PGBGECgrPhU,https://youtu.be/PGBGECgrPhU?t=484,2025-07-23T16:09:09Z,00:08:04,00:14:49
プロミスザスター,BiSH,PGBGECgrPhU,https://youtu.be/PGBGECgrPhU?t=889,2025-07-23T16:09:09Z,00:14:49,00:19:54
トレモロ,RADWIMPS,PGBGECgrPhU,https://youtu.be/PGBGECgrPhU?t=1194,2025-07-23T16:09:09Z,00:19:54,00:24:42
プラネタリウム,BUMP OF CHICKEN,PGBGECgrPhU,https://youtu.be/PGBGECgrPhU?t=1482,2025-07-23T16:09:09Z,00:24:42,00:32:14
宇宙飛行士への手紙,BUMP OF CHICKEN,PGBGECgrPhU,https://youtu.be/PGBGECgrPhU?t=1934,2025-07-23T16:09:09Z,00:32:14,00:39:06
満月の夜なら,あいみょん,PGBGECgrPhU,https://youtu.be/PGBGECgrPhU?t=2346,2025-07-23T16:09:09Z,00:39:06,00:43:52
月と花束,さユり,PGBGECgrPhU,https://youtu.be/PGBGECgrPhU?t=2632,2025-07-23T16:09:09Z,00:43:52,00:53:07
スターライト,amazarashi,PGBGECgrPhU,https://youtu.be/PGBGECgrPhU?t=3187,2025-07-23T16:09:09Z,00:53:07,00:59:26
流星,コブクロ,PGBGECgrPhU,https://youtu.be/PGBGECgrPhU?t=3566,2025-07-23T16:09:09Z,00:59:26,01:06:03
ダイアモンド クレバス,シェリル・ノーム starring May'n,PGBGECgrPhU,https://youtu.be/PGBGECgrPhU?t=3963,2025-07-23T16:09:09Z,01:06:03,01:12:37
星間飛行,ランカ・リー＝中島愛,PGBGECgrPhU,https://youtu.be/PGBGECgrPhU?t=4357,2025-07-23T16:09:09Z,01:12:37,01:17:55
Moonthief,キタニタツヤ,PGBGECgrPhU,https://youtu.be/PGBGECgrPhU?t=4675,2025-07-23T16:09:09Z,01:17:55,01:21:34
月光,キタニタツヤ×はるまきごはん,PGBGECgrPhU,https://youtu.be/PGBGECgrPhU?t=4894,2025-07-23T16:09:09Z,01:21:34,01:26:55
プラネテス,キタニタツヤ,PGBGECgrPhU,https://youtu.be/PGBGECgrPhU?t=5215,2025-07-23T16:09:09Z,01:26:55,01:33:03
月に吠える,ヨルシカ,PGBGECgrPhU,https://youtu.be/PGBGECgrPhU?t=5583,2025-07-23T16:09:09Z,01:33:03,01:38:50
流星群,BUMP OF CHICKEN,PGBGECgrPhU,https://youtu.be/PGBGECgrPhU?t=5930,2025-07-23T16:09:09Z,01:38:50,01:46:47
天体観測,BUMP OF CHICKEN,PGBGECgrPhU,https://youtu.be/PGBGECgrPhU?t=6407,2025-07-23T16:09:09Z,01:46:47,01:51:47
晩餐歌,tuki.,heSY97Y1WM0,https://youtu.be/heSY97Y1WM0?t=447,2025-07-24T16:35:56Z,00:07:27,00:12:46
最後の雨,中西保志,heSY97Y1WM0,https://youtu.be/heSY97Y1WM0?t=766,2025-07-24T16:35:56Z,00:12:46,00:19:07
桜,コブクロ,heSY97Y1WM0,https://youtu.be/heSY97Y1WM0?t=1147,2025-07-24T16:35:56Z,00:19:07,00:27:10
水平線,back number,heSY97Y1WM0,https://youtu.be/heSY97Y1WM0?t=1630,2025-07-24T16:35:56Z,00:27:10,00:32:07
ひまわりの約束,秦基博,heSY97Y1WM0,https://youtu.be/heSY97Y1WM0?t=1927,2025-07-24T16:35:56Z,00:32:07,00:38:36
サリシノハラ,みきとP,heSY97Y1WM0,https://youtu.be/heSY97Y1WM0?t=2316,2025-07-24T16:35:56Z,00:38:36,00:44:40
ヨンジュウナナ,みきとP,heSY97Y1WM0,https://youtu.be/heSY97Y1WM0?t=2680,2025-07-24T16:35:56Z,00:44:40,00:50:52
Dear…,西野カナ,heSY97Y1WM0,https://youtu.be/heSY97Y1WM0?t=3052,2025-07-24T16:35:56Z,00:50:52,00:57:34
もっと…,西野カナ,heSY97Y1WM0,https://youtu.be/heSY97Y1WM0?t=3454,2025-07-24T16:35:56Z,00:57:34,01:05:00
夜行,ヨルシカ,heSY97Y1WM0,https://youtu.be/heSY97Y1WM0?t=3900,2025-07-24T16:35:56Z,01:05:00,01:09:37
花に亡霊,ヨルシカ,heSY97Y1WM0,https://youtu.be/heSY97Y1WM0?t=4177,2025-07-24T16:35:56Z,01:09:37,01:16:24
二十九、三十,クリープハイプ,heSY97Y1WM0,https://youtu.be/heSY97Y1WM0?t=4584,2025-07-24T16:35:56Z,01:16:24,01:21:11
おやすみ泣き声、さよなら歌姫,クリープハイプ,heSY97Y1WM0,https://youtu.be/heSY97Y1WM0?t=4871,2025-07-24T16:35:56Z,01:21:11,01:26:21
裸の心,あいみょん,heSY97Y1WM0,https://youtu.be/heSY97Y1WM0?t=5181,2025-07-24T16:35:56Z,01:26:21,01:32:04
銀河鉄道,BUMP OF CHICKEN,heSY97Y1WM0,https://youtu.be/heSY97Y1WM0?t=5524,2025-07-24T16:35:56Z,01:32:04,01:40:32
ギルド,BUMP OF CHICKEN,heSY97Y1WM0,https://youtu.be/heSY97Y1WM0?t=6032,2025-07-24T16:35:56Z,01:40:32,01:47:28
花に嵐,米津玄師,heSY97Y1WM0,https://youtu.be/heSY97Y1WM0?t=6448,2025-07-24T16:35:56Z,01:47:28,01:52:53
アイネクライネ,米津玄師,heSY97Y1WM0,https://youtu.be/heSY97Y1WM0?t=6773,2025-07-24T16:35:56Z,01:52:53,01:58:20
さよならはエモーション,サカナクション,heSY97Y1WM0,https://youtu.be/heSY97Y1WM0?t=7100,2025-07-24T16:35:56Z,01:58:20,02:03:20
Subtitle,Official髭男dism,heSY97Y1WM0,https://youtu.be/heSY97Y1WM0?t=7400,2025-07-24T16:35:56Z,02:03:20,02:10:24
若者のすべて,フジファブリック,heSY97Y1WM0,https://youtu.be/heSY97Y1WM0?t=7824,2025-07-24T16:35:56Z,02:10:24,02:15:24
天体観測,BUMP OF CHICKEN,P7LSDxDhfOU,https://youtu.be/P7LSDxDhfOU?t=363,2025-07-25T20:00:25Z,00:06:03,00:13:02
めざせポケモンマスター,松本梨香,P7LSDxDhfOU,https://youtu.be/P7LSDxDhfOU?t=782,2025-07-25T20:00:25Z,00:13:02,00:19:34
サムライハート(Some Like It Hot!!),SPYAIR,P7LSDxDhfOU,https://youtu.be/P7LSDxDhfOU?t=1174,2025-07-25T20:00:25Z,00:19:34,00:23:09
ウィーアー！,きただにひろし,P7LSDxDhfOU,https://youtu.be/P7LSDxDhfOU?t=1389,2025-07-25T20:00:25Z,00:23:09,00:27:39
気まぐれロマンティック,いきものがかり,P7LSDxDhfOU,https://youtu.be/P7LSDxDhfOU?t=1659,2025-07-25T20:00:25Z,00:27:39,00:33:03
夜咄ディセイブ,じん,P7LSDxDhfOU,https://youtu.be/P7LSDxDhfOU?t=1983,2025-07-25T20:00:25Z,00:33:03,00:38:24
LOSER,米津玄師,P7LSDxDhfOU,https://youtu.be/P7LSDxDhfOU?t=2304,2025-07-25T20:00:25Z,00:38:24,00:44:39
CHE.R.RY,YUI,P7LSDxDhfOU,https://youtu.be/P7LSDxDhfOU?t=2679,2025-07-25T20:00:25Z,00:44:39,00:49:39
again,YUI,P7LSDxDhfOU,https://youtu.be/P7LSDxDhfOU?t=2979,2025-07-25T20:00:25Z,00:49:39,00:55:47
美しい鰭,スピッツ,P7LSDxDhfOU,https://youtu.be/P7LSDxDhfOU?t=3347,2025-07-25T20:00:25Z,00:55:47,01:00:06
チェリー,スピッツ,P7LSDxDhfOU,https://youtu.be/P7LSDxDhfOU?t=3606,2025-07-25T20:00:25Z,01:00:06,01:05:12
ドライフラワー,優里,P7LSDxDhfOU,https://youtu.be/P7LSDxDhfOU?t=3912,2025-07-25T20:00:25Z,01:05:12,01:10:21
丸の内サディスティック,椎名林檎,P7LSDxDhfOU,https://youtu.be/P7LSDxDhfOU?t=4221,2025-07-25T20:00:25Z,01:10:21,01:14:31
ブルーバード,いきものがかり,P7LSDxDhfOU,https://youtu.be/P7LSDxDhfOU?t=4471,2025-07-25T20:00:25Z,01:14:31,01:18:55
Pretender,Official髭男dism,P7LSDxDhfOU,https://youtu.be/P7LSDxDhfOU?t=4735,2025-07-25T20:00:25Z,01:18:55,01:24:34
夏色,ゆず,P7LSDxDhfOU,https://youtu.be/P7LSDxDhfOU?t=5074,2025-07-25T20:00:25Z,01:24:34,01:28:48
怪獣の花唄,Vaundy,P7LSDxDhfOU,https://youtu.be/P7LSDxDhfOU?t=5328,2025-07-25T20:00:25Z,01:28:48,01:34:37
Break through,ミナミイズミ,P7LSDxDhfOU,https://youtu.be/P7LSDxDhfOU?t=5677,2025-07-25T20:00:25Z,01:34:37,01:39:37
Aurora,BUMP OF CHICKEN,HZjcR7RuMsI,https://youtu.be/HZjcR7RuMsI?t=715,2025-07-27T14:07:48Z,00:11:55,00:21:33
firefly,BUMP OF CHICKEN,HZjcR7RuMsI,https://youtu.be/HZjcR7RuMsI?t=1293,2025-07-27T14:07:48Z,00:21:33,00:30:38
才悩人応援歌,BUMP OF CHICKEN,HZjcR7RuMsI,https://youtu.be/HZjcR7RuMsI?t=1838,2025-07-27T14:07:48Z,00:30:38,00:43:25
同じドアをくぐれたら,BUMP OF CHICKEN,HZjcR7RuMsI,https://youtu.be/HZjcR7RuMsI?t=2605,2025-07-27T14:07:48Z,00:43:25,00:53:04
ロストマン,BUMP OF CHICKEN,HZjcR7RuMsI,https://youtu.be/HZjcR7RuMsI?t=3184,2025-07-27T14:07:48Z,00:53:04,01:07:19
Flare,BUMP OF CHICKEN,HZjcR7RuMsI,https://youtu.be/HZjcR7RuMsI?t=4039,2025-07-27T14:07:48Z,01:07:19,01:18:33
(please)forgive,BUMP OF CHICKEN,HZjcR7RuMsI,https://youtu.be/HZjcR7RuMsI?t=4713,2025-07-27T14:07:48Z,01:18:33,01:27:06
ファイター,BUMP OF CHICKEN,HZjcR7RuMsI,https://youtu.be/HZjcR7RuMsI?t=5226,2025-07-27T14:07:48Z,01:27:06,01:38:42
ディアマン,BUMP OF CHICKEN,HZjcR7RuMsI,https://youtu.be/HZjcR7RuMsI?t=5922,2025-07-27T14:07:48Z,01:38:42,01:54:02
プレゼント,BUMP OF CHICKEN,HZjcR7RuMsI,https://youtu.be/HZjcR7RuMsI?t=6842,2025-07-27T14:07:48Z,01:54:02,02:10:25
66号線,BUMP OF CHICKEN,HZjcR7RuMsI,https://youtu.be/HZjcR7RuMsI?t=7825,2025-07-27T14:07:48Z,02:10:25,02:20:03
HAPPY,BUMP OF CHICKEN,HZjcR7RuMsI,https://youtu.be/HZjcR7RuMsI?t=8403,2025-07-27T14:07:48Z,02:20:03,02:30:26
GO,BUMP OF CHICKEN,HZjcR7RuMsI,https://youtu.be/HZjcR7RuMsI?t=9026,2025-07-27T14:07:48Z,02:30:26,02:35:26
Calc.,ジミーサムP,4EvF--sSwOw,https://youtu.be/4EvF--sSwOw?t=248,2025-07-28T17:53:58Z,00:04:08,00:08:41
雨とカプチーノ,ヨルシカ,4EvF--sSwOw,https://youtu.be/4EvF--sSwOw?t=521,2025-07-28T17:53:58Z,00:08:41,00:14:18
Wherever you are,ONE OK ROCK,4EvF--sSwOw,https://youtu.be/4EvF--sSwOw?t=858,2025-07-28T17:53:58Z,00:14:18,00:20:50
マリーゴールド,あいみょん,4EvF--sSwOw,https://youtu.be/4EvF--sSwOw?t=1250,2025-07-28T17:53:58Z,00:20:50,00:29:55
まちがいさがし,菅田将暉,4EvF--sSwOw,https://youtu.be/4EvF--sSwOw?t=1795,2025-07-28T17:53:58Z,00:29:55,00:35:38
水平線,back number,4EvF--sSwOw,https://youtu.be/4EvF--sSwOw?t=2138,2025-07-28T17:53:58Z,00:35:38,00:39:38
からくりピエロ,40mP,4EvF--sSwOw,https://youtu.be/4EvF--sSwOw?t=2378,2025-07-28T17:53:58Z,00:39:38,00:47:02
ロビンソン,スピッツ,4EvF--sSwOw,https://youtu.be/4EvF--sSwOw?t=2822,2025-07-28T17:53:58Z,00:47:02,00:52:02
花に亡霊,ヨルシカ,fSvDeOEQcio,https://youtu.be/fSvDeOEQcio?t=215,2025-07-29T17:50:09Z,00:03:35,00:09:27
高嶺の花子さん,back number,fSvDeOEQcio,https://youtu.be/fSvDeOEQcio?t=567,2025-07-29T17:50:09Z,00:09:27,00:14:19
小夜子,みきとP,fSvDeOEQcio,https://youtu.be/fSvDeOEQcio?t=859,2025-07-29T17:50:09Z,00:14:19,00:19:51
君の知らない物語,supercell,fSvDeOEQcio,https://youtu.be/fSvDeOEQcio?t=1191,2025-07-29T17:50:09Z,00:19:51,00:27:33
心做し,蝶々P,fSvDeOEQcio,https://youtu.be/fSvDeOEQcio?t=1653,2025-07-29T17:50:09Z,00:27:33,00:33:58
Lemon,米津玄師,fSvDeOEQcio,https://youtu.be/fSvDeOEQcio?t=2038,2025-07-29T17:50:09Z,00:33:58,00:39:00
雨晴るる,ヨルシカ,fSvDeOEQcio,https://youtu.be/fSvDeOEQcio?t=2340,2025-07-29T17:50:09Z,00:39:00,00:45:08
思想犯,ヨルシカ,fSvDeOEQcio,https://youtu.be/fSvDeOEQcio?t=2708,2025-07-29T17:50:09Z,00:45:08,00:50:07
夜に駆ける,YOASOBI,fSvDeOEQcio,https://youtu.be/fSvDeOEQcio?t=3007,2025-07-29T17:50:09Z,00:50:07,00:55:14
secret base〜君がくれたもの〜,ZONE,fSvDeOEQcio,https://youtu.be/fSvDeOEQcio?t=3314,2025-07-29T17:50:09Z,00:55:14,01:02:31
若者のすべて,フジファブリック,fSvDeOEQcio,https://youtu.be/fSvDeOEQcio?t=3751,2025-07-29T17:50:09Z,01:02:31,01:08:20
愛をこめて花束を,Superfly,fSvDeOEQcio,https://youtu.be/fSvDeOEQcio?t=4100,2025-07-29T17:50:09Z,01:08:20,01:13:20
夜行,ヨルシカ,xJRGUwSUNVY,https://youtu.be/xJRGUwSUNVY?t=249,2025-07-30T16:33:55Z,00:04:09,00:10:28
斜陽,ヨルシカ,xJRGUwSUNVY,https://youtu.be/xJRGUwSUNVY?t=628,2025-07-30T16:33:55Z,00:10:28,00:15:11
染まるよ,チャットモンチー,xJRGUwSUNVY,https://youtu.be/xJRGUwSUNVY?t=911,2025-07-30T16:33:55Z,00:15:11,00:20:00
僕が死のうと思ったのは,amazarashi,xJRGUwSUNVY,https://youtu.be/xJRGUwSUNVY?t=1200,2025-07-30T16:33:55Z,00:20:00,00:27:40
don't cry anymore,miwa,xJRGUwSUNVY,https://youtu.be/xJRGUwSUNVY?t=1660,2025-07-30T16:33:55Z,00:27:40,00:32:52
Pretender,Official髭男dism,xJRGUwSUNVY,https://youtu.be/xJRGUwSUNVY?t=1972,2025-07-30T16:33:55Z,00:32:52,00:39:24
オーケストラ,BiSH,xJRGUwSUNVY,https://youtu.be/xJRGUwSUNVY?t=2364,2025-07-30T16:33:55Z,00:39:24,00:45:25
美しい棘,GLIM SPANKY,xJRGUwSUNVY,https://youtu.be/xJRGUwSUNVY?t=2725,2025-07-30T16:33:55Z,00:45:25,00:52:56
人として,SUPER BEAVER,xJRGUwSUNVY,https://youtu.be/xJRGUwSUNVY?t=3176,2025-07-30T16:33:55Z,00:52:56,00:59:18
僕から君へ,Galileo Galilei,xJRGUwSUNVY,https://youtu.be/xJRGUwSUNVY?t=3558,2025-07-30T16:33:55Z,00:59:18,01:05:45
別の人の彼女になったよ,wacci,xJRGUwSUNVY,https://youtu.be/xJRGUwSUNVY?t=3945,2025-07-30T16:33:55Z,01:05:45,01:11:36
KissHug,aiko,xJRGUwSUNVY,https://youtu.be/xJRGUwSUNVY?t=4296,2025-07-30T16:33:55Z,01:11:36,01:18:16
死んでしまったのだろうか,Guiano,xJRGUwSUNVY,https://youtu.be/xJRGUwSUNVY?t=4696,2025-07-30T16:33:55Z,01:18:16,01:23:36
フラレガイガール,さユり,xJRGUwSUNVY,https://youtu.be/xJRGUwSUNVY?t=5016,2025-07-30T16:33:55Z,01:23:36,01:30:48
-ERROR,niki,xJRGUwSUNVY,https://youtu.be/xJRGUwSUNVY?t=5448,2025-07-30T16:33:55Z,01:30:48,01:37:10
楓,スピッツ,xJRGUwSUNVY,https://youtu.be/xJRGUwSUNVY?t=5830,2025-07-30T16:33:55Z,01:37:10,01:43:25
三日月,絢香,xJRGUwSUNVY,https://youtu.be/xJRGUwSUNVY?t=6205,2025-07-30T16:33:55Z,01:43:25,01:48:47
この夜を止めてよ,JUJU,xJRGUwSUNVY,https://youtu.be/xJRGUwSUNVY?t=6527,2025-07-30T16:33:55Z,01:48:47,01:54:32
風を食む,ヨルシカ,xJRGUwSUNVY,https://youtu.be/xJRGUwSUNVY?t=6872,2025-07-30T16:33:55Z,01:54:32,02:00:28
盗作,ヨルシカ,xJRGUwSUNVY,https://youtu.be/xJRGUwSUNVY?t=7228,2025-07-30T16:33:55Z,02:00:28,02:05:28
わたしの一番かわいいところ,FRUITS ZIPPER,Y9UuyIcQKQk,https://youtu.be/Y9UuyIcQKQk?t=460,2025-07-31T12:02:54Z,00:07:40,00:13:44
NEW KAWAII,FRUITS ZIPPER,Y9UuyIcQKQk,https://youtu.be/Y9UuyIcQKQk?t=824,2025-07-31T12:02:54Z,00:13:44,00:19:42
family name,ZOC,Y9UuyIcQKQk,https://youtu.be/Y9UuyIcQKQk?t=1182,2025-07-31T12:02:54Z,00:19:42,00:24:41
フライングゲット,AKB48,Y9UuyIcQKQk,https://youtu.be/Y9UuyIcQKQk?t=1481,2025-07-31T12:02:54Z,00:24:41,00:29:26
ヘビーローテーション,AKB48,Y9UuyIcQKQk,https://youtu.be/Y9UuyIcQKQk?t=1766,2025-07-31T12:02:54Z,00:29:26,00:35:27
ポニーテールとシュシュ,AKB48,Y9UuyIcQKQk,https://youtu.be/Y9UuyIcQKQk?t=2127,2025-07-31T12:02:54Z,00:35:27,00:40:13
大声ダイヤモンド,AKB48,Y9UuyIcQKQk,https://youtu.be/Y9UuyIcQKQk?t=2413,2025-07-31T12:02:54Z,00:40:13,00:49:02
最上級にかわいいの！,超ときめき♡宣伝部,Y9UuyIcQKQk,https://youtu.be/Y9UuyIcQKQk?t=2942,2025-07-31T12:02:54Z,00:49:02,00:54:48
Make you happy,NiziU,Y9UuyIcQKQk,https://youtu.be/Y9UuyIcQKQk?t=3288,2025-07-31T12:02:54Z,00:54:48,00:59:49
プロミスザスター,BiSH,Y9UuyIcQKQk,https://youtu.be/Y9UuyIcQKQk?t=3589,2025-07-31T12:02:54Z,00:59:49,01:04:49
あいうぉんとぅーびーはぴー！,ミナミイズミ,xTy--TUT5pU,https://youtu.be/xTy--TUT5pU?t=874,2025-08-01T16:36:40Z,00:14:34,00:18:16
アイロニー,ミナミイズミ,xTy--TUT5pU,https://youtu.be/xTy--TUT5pU?t=1096,2025-08-01T16:36:40Z,00:18:16,00:23:09
うつつ,ミナミイズミ,xTy--TUT5pU,https://youtu.be/xTy--TUT5pU?t=1389,2025-08-01T16:36:40Z,00:23:09,00:31:53
心の残響,ミナミイズミ,xTy--TUT5pU,https://youtu.be/xTy--TUT5pU?t=1913,2025-08-01T16:36:40Z,00:31:53,00:38:29
結晶,ミナミイズミ,xTy--TUT5pU,https://youtu.be/xTy--TUT5pU?t=2309,2025-08-01T16:36:40Z,00:38:29,00:46:29
Break through,ミナミイズミ,xTy--TUT5pU,https://youtu.be/xTy--TUT5pU?t=2789,2025-08-01T16:36:40Z,00:46:29,00:51:29
Sleep Walking Orchestra,BUMP OF CHICKEN,HlkqUKPevk4,https://youtu.be/HlkqUKPevk4?t=699,2025-08-02T12:24:31Z,00:11:39,00:15:29
なないろ,BUMP OF CHICKEN,HlkqUKPevk4,https://youtu.be/HlkqUKPevk4?t=929,2025-08-02T12:24:31Z,00:15:29,00:19:52
Gravity,BUMP OF CHICKEN,HlkqUKPevk4,https://youtu.be/HlkqUKPevk4?t=1192,2025-08-02T12:24:31Z,00:19:52,00:25:20
SOUVENIR,BUMP OF CHICKEN,HlkqUKPevk4,https://youtu.be/HlkqUKPevk4?t=1520,2025-08-02T12:24:31Z,00:25:20,00:29:39
Small world,BUMP OF CHICKEN,HlkqUKPevk4,https://youtu.be/HlkqUKPevk4?t=1779,2025-08-02T12:24:31Z,00:29:39,00:37:20
クロノスタシス,BUMP OF CHICKEN,HlkqUKPevk4,https://youtu.be/HlkqUKPevk4?t=2240,2025-08-02T12:24:31Z,00:37:20,00:42:49
Flare,BUMP OF CHICKEN,HlkqUKPevk4,https://youtu.be/HlkqUKPevk4?t=2569,2025-08-02T12:24:31Z,00:42:49,00:48:27
邂逅,BUMP OF CHICKEN,HlkqUKPevk4,https://youtu.be/HlkqUKPevk4?t=2907,2025-08-02T12:24:31Z,00:48:27,00:53:40
青の朔日,BUMP OF CHICKEN,HlkqUKPevk4,https://youtu.be/HlkqUKPevk4?t=3220,2025-08-02T12:24:31Z,00:53:40,00:59:01
strawberry,BUMP OF CHICKEN,HlkqUKPevk4,https://youtu.be/HlkqUKPevk4?t=3541,2025-08-02T12:24:31Z,00:59:01,01:17:41
窓の中から,BUMP OF CHICKEN,HlkqUKPevk4,https://youtu.be/HlkqUKPevk4?t=4661,2025-08-02T12:24:31Z,01:17:41,01:24:38
木漏れ日と一緒に,BUMP OF CHICKEN,HlkqUKPevk4,https://youtu.be/HlkqUKPevk4?t=5078,2025-08-02T12:24:31Z,01:24:38,01:28:55
アカシア,BUMP OF CHICKEN,HlkqUKPevk4,https://youtu.be/HlkqUKPevk4?t=5335,2025-08-02T12:24:31Z,01:28:55,01:33:25
月虹,BUMP OF CHICKEN,HlkqUKPevk4,https://youtu.be/HlkqUKPevk4?t=5605,2025-08-02T12:24:31Z,01:33:25,01:37:58
Aurora,BUMP OF CHICKEN,HlkqUKPevk4,https://youtu.be/HlkqUKPevk4?t=5878,2025-08-02T12:24:31Z,01:37:58,01:44:43
記念撮影,BUMP OF CHICKEN,HlkqUKPevk4,https://youtu.be/HlkqUKPevk4?t=6283,2025-08-02T12:24:31Z,01:44:43,01:49:04
ジャングルジム,BUMP OF CHICKEN,HlkqUKPevk4,https://youtu.be/HlkqUKPevk4?t=6544,2025-08-02T12:24:31Z,01:49:04,01:55:22
リボン,BUMP OF CHICKEN,HlkqUKPevk4,https://youtu.be/HlkqUKPevk4?t=6922,2025-08-02T12:24:31Z,01:55:22,02:02:16
シリウス,BUMP OF CHICKEN,HlkqUKPevk4,https://youtu.be/HlkqUKPevk4?t=7336,2025-08-02T12:24:31Z,02:02:16,02:06:35
アリア,BUMP OF CHICKEN,HlkqUKPevk4,https://youtu.be/HlkqUKPevk4?t=7595,2025-08-02T12:24:31Z,02:06:35,02:21:57
話がしたいよ,BUMP OF CHICKEN,HlkqUKPevk4,https://youtu.be/HlkqUKPevk4?t=8517,2025-08-02T12:24:31Z,02:21:57,02:26:35
アンサー,BUMP OF CHICKEN,HlkqUKPevk4,https://youtu.be/HlkqUKPevk4?t=8795,2025-08-02T12:24:31Z,02:26:35,02:31:15
望遠のマーチ,BUMP OF CHICKEN,HlkqUKPevk4,https://youtu.be/HlkqUKPevk4?t=9075,2025-08-02T12:24:31Z,02:31:15,02:35:44
Spica,BUMP OF CHICKEN,HlkqUKPevk4,https://youtu.be/HlkqUKPevk4?t=9344,2025-08-02T12:24:31Z,02:35:44,02:40:23
新世界,BUMP OF CHICKEN,HlkqUKPevk4,https://youtu.be/HlkqUKPevk4?t=9623,2025-08-02T12:24:31Z,02:40:23,02:50:00
流れ星の正体,BUMP OF CHICKEN,HlkqUKPevk4,https://youtu.be/HlkqUKPevk4?t=10200,2025-08-02T12:24:31Z,02:50:00,02:55:13
GO,BUMP OF CHICKEN,HlkqUKPevk4,https://youtu.be/HlkqUKPevk4?t=10513,2025-08-02T12:24:31Z,02:55:13,03:00:07
"Hello,world!",BUMP OF CHICKEN,HlkqUKPevk4,https://youtu.be/HlkqUKPevk4?t=10807,2025-08-02T12:24:31Z,03:00:07,03:04:53
Butterfly,BUMP OF CHICKEN,HlkqUKPevk4,https://youtu.be/HlkqUKPevk4?t=11093,2025-08-02T12:24:31Z,03:04:53,03:10:27
流星群,BUMP OF CHICKEN,HlkqUKPevk4,https://youtu.be/HlkqUKPevk4?t=11427,2025-08-02T12:24:31Z,03:10:27,03:16:07
宝石になった日,BUMP OF CHICKEN,HlkqUKPevk4,https://youtu.be/HlkqUKPevk4?t=11767,2025-08-02T12:24:31Z,03:16:07,03:21:12
コロニー,BUMP OF CHICKEN,HlkqUKPevk4,https://youtu.be/HlkqUKPevk4?t=12072,2025-08-02T12:24:31Z,03:21:12,03:32:22
パレード,BUMP OF CHICKEN,HlkqUKPevk4,https://youtu.be/HlkqUKPevk4?t=12742,2025-08-02T12:24:31Z,03:32:22,03:36:13
大我慢大会,BUMP OF CHICKEN,HlkqUKPevk4,https://youtu.be/HlkqUKPevk4?t=12973,2025-08-02T12:24:31Z,03:36:13,03:41:14
孤独の合唱,BUMP OF CHICKEN,HlkqUKPevk4,https://youtu.be/HlkqUKPevk4?t=13274,2025-08-02T12:24:31Z,03:41:14,03:47:38
You were here,BUMP OF CHICKEN,HlkqUKPevk4,https://youtu.be/HlkqUKPevk4?t=13658,2025-08-02T12:24:31Z,03:47:38,03:52:49
ファイター,BUMP OF CHICKEN,HlkqUKPevk4,https://youtu.be/HlkqUKPevk4?t=13969,2025-08-02T12:24:31Z,03:52:49,04:00:08
虹を待つ人,BUMP OF CHICKEN,HlkqUKPevk4,https://youtu.be/HlkqUKPevk4?t=14408,2025-08-02T12:24:31Z,04:00:08,04:03:49
ray,BUMP OF CHICKEN,HlkqUKPevk4,https://youtu.be/HlkqUKPevk4?t=14629,2025-08-02T12:24:31Z,04:03:49,04:09:19
サザンクロス,BUMP OF CHICKEN,HlkqUKPevk4,https://youtu.be/HlkqUKPevk4?t=14959,2025-08-02T12:24:31Z,04:09:19,04:23:19
ラストワン,BUMP OF CHICKEN,HlkqUKPevk4,https://youtu.be/HlkqUKPevk4?t=15799,2025-08-02T12:24:31Z,04:23:19,04:27:42
morning glow,BUMP OF CHICKEN,HlkqUKPevk4,https://youtu.be/HlkqUKPevk4?t=16062,2025-08-02T12:24:31Z,04:27:42,04:31:53
ゼロ,BUMP OF CHICKEN,HlkqUKPevk4,https://youtu.be/HlkqUKPevk4?t=16313,2025-08-02T12:24:31Z,04:31:53,04:38:38
トーチ,BUMP OF CHICKEN,HlkqUKPevk4,https://youtu.be/HlkqUKPevk4?t=16718,2025-08-02T12:24:31Z,04:38:38,04:43:06
Smile,BUMP OF CHICKEN,HlkqUKPevk4,https://youtu.be/HlkqUKPevk4?t=16986,2025-08-02T12:24:31Z,04:43:06,04:50:13
firefly,BUMP OF CHICKEN,HlkqUKPevk4,https://youtu.be/HlkqUKPevk4?t=17413,2025-08-02T12:24:31Z,04:50:13,04:55:33
white note,BUMP OF CHICKEN,HlkqUKPevk4,https://youtu.be/HlkqUKPevk4?t=17733,2025-08-02T12:24:31Z,04:55:33,04:59:08
友達の唄,BUMP OF CHICKEN,HlkqUKPevk4,https://youtu.be/HlkqUKPevk4?t=17948,2025-08-02T12:24:31Z,04:59:08,05:04:19
(please)forgive,BUMP OF CHICKEN,HlkqUKPevk4,https://youtu.be/HlkqUKPevk4?t=18259,2025-08-02T12:24:31Z,05:04:19,05:09:17
グッドラック,BUMP OF CHICKEN,HlkqUKPevk4,https://youtu.be/HlkqUKPevk4?t=18557,2025-08-02T12:24:31Z,05:09:17,05:20:47
ほんとのほんと,BUMP OF CHICKEN,HlkqUKPevk4,https://youtu.be/HlkqUKPevk4?t=19247,2025-08-02T12:24:31Z,05:20:47,05:25:15
ディアマン,BUMP OF CHICKEN,HlkqUKPevk4,https://youtu.be/HlkqUKPevk4?t=19515,2025-08-02T12:24:31Z,05:25:15,05:32:42
歩く幽霊,BUMP OF CHICKEN,HlkqUKPevk4,https://youtu.be/HlkqUKPevk4?t=19962,2025-08-02T12:24:31Z,05:32:42,05:48:34
三ツ星カルテット,BUMP OF CHICKEN,HlkqUKPevk4,https://youtu.be/HlkqUKPevk4?t=20914,2025-08-02T12:24:31Z,05:48:34,05:50:37
R.I.P.,BUMP OF CHICKEN,HlkqUKPevk4,https://youtu.be/HlkqUKPevk4?t=21037,2025-08-02T12:24:31Z,05:50:37,05:56:49
ウェザーリポート,BUMP OF CHICKEN,HlkqUKPevk4,https://youtu.be/HlkqUKPevk4?t=21409,2025-08-02T12:24:31Z,05:56:49,06:00:36
分別奮闘記,BUMP OF CHICKEN,HlkqUKPevk4,https://youtu.be/HlkqUKPevk4?t=21636,2025-08-02T12:24:31Z,06:00:36,06:04:24
モーターサイクル,BUMP OF CHICKEN,HlkqUKPevk4,https://youtu.be/HlkqUKPevk4?t=21864,2025-08-02T12:24:31Z,06:04:24,06:08:54
透明飛行船,BUMP OF CHICKEN,HlkqUKPevk4,https://youtu.be/HlkqUKPevk4?t=22134,2025-08-02T12:24:31Z,06:08:54,06:15:11
魔法の料理 ～君から君へ～,BUMP OF CHICKEN,HlkqUKPevk4,https://youtu.be/HlkqUKPevk4?t=22511,2025-08-02T12:24:31Z,06:15:11,06:20:57
HAPPY,BUMP OF CHICKEN,HlkqUKPevk4,https://youtu.be/HlkqUKPevk4?t=22857,2025-08-02T12:24:31Z,06:20:57,06:32:40
66号線,BUMP OF CHICKEN,HlkqUKPevk4,https://youtu.be/HlkqUKPevk4?t=23560,2025-08-02T12:24:31Z,06:32:40,06:37:28
セントエルモの火,BUMP OF CHICKEN,HlkqUKPevk4,https://youtu.be/HlkqUKPevk4?t=23848,2025-08-02T12:24:31Z,06:37:28,06:42:49
angel fall,BUMP OF CHICKEN,HlkqUKPevk4,https://youtu.be/HlkqUKPevk4?t=24169,2025-08-02T12:24:31Z,06:42:49,06:48:27
宇宙飛行士への手紙,BUMP OF CHICKEN,HlkqUKPevk4,https://youtu.be/HlkqUKPevk4?t=24507,2025-08-02T12:24:31Z,06:48:27,07:01:50
イノセント,BUMP OF CHICKEN,HlkqUKPevk4,https://youtu.be/HlkqUKPevk4?t=25310,2025-08-02T12:24:31Z,07:01:50,07:05:14
beautiful glider,BUMP OF CHICKEN,HlkqUKPevk4,https://youtu.be/HlkqUKPevk4?t=25514,2025-08-02T12:24:31Z,07:05:14,07:08:55
good friends,BUMP OF CHICKEN,HlkqUKPevk4,https://youtu.be/HlkqUKPevk4?t=25735,2025-08-02T12:24:31Z,07:08:55,07:12:21
キャラバン,BUMP OF CHICKEN,HlkqUKPevk4,https://youtu.be/HlkqUKPevk4?t=25941,2025-08-02T12:24:31Z,07:12:21,07:17:10
pinkie,BUMP OF CHICKEN,HlkqUKPevk4,https://youtu.be/HlkqUKPevk4?t=26230,2025-08-02T12:24:31Z,07:17:10,07:21:44
Merry Christmas,BUMP OF CHICKEN,HlkqUKPevk4,https://youtu.be/HlkqUKPevk4?t=26504,2025-08-02T12:24:31Z,07:21:44,07:26:44
voyager,BUMP OF CHICKEN,BRYJKfmxHvY,https://youtu.be/BRYJKfmxHvY?t=723,2025-08-03T11:31:02Z,00:12:03,00:14:03
メーデー,BUMP OF CHICKEN,BRYJKfmxHvY,https://youtu.be/BRYJKfmxHvY?t=843,2025-08-03T11:31:02Z,00:14:03,00:18:52
才悩人応援歌,BUMP OF CHICKEN,BRYJKfmxHvY,https://youtu.be/BRYJKfmxHvY?t=1132,2025-08-03T11:31:02Z,00:18:52,00:25:04
プラネタリウム,BUMP OF CHICKEN,BRYJKfmxHvY,https://youtu.be/BRYJKfmxHvY?t=1504,2025-08-03T11:31:02Z,00:25:04,00:29:53
supernova,BUMP OF CHICKEN,BRYJKfmxHvY,https://youtu.be/BRYJKfmxHvY?t=1793,2025-08-03T11:31:02Z,00:29:53,00:35:38
ハンマーソングと痛みの塔,BUMP OF CHICKEN,BRYJKfmxHvY,https://youtu.be/BRYJKfmxHvY?t=2138,2025-08-03T11:31:02Z,00:35:38,00:40:20
時空かくれんぼ,BUMP OF CHICKEN,BRYJKfmxHvY,https://youtu.be/BRYJKfmxHvY?t=2420,2025-08-03T11:31:02Z,00:40:20,00:45:40
かさぶたぶたぶ,BUMP OF CHICKEN,BRYJKfmxHvY,https://youtu.be/BRYJKfmxHvY?t=2740,2025-08-03T11:31:02Z,00:45:40,00:51:59
花の名,BUMP OF CHICKEN,BRYJKfmxHvY,https://youtu.be/BRYJKfmxHvY?t=3119,2025-08-03T11:31:02Z,00:51:59,00:57:20
ひとりごと,BUMP OF CHICKEN,BRYJKfmxHvY,https://youtu.be/BRYJKfmxHvY?t=3440,2025-08-03T11:31:02Z,00:57:20,01:01:56
飴玉の唄,BUMP OF CHICKEN,BRYJKfmxHvY,https://youtu.be/BRYJKfmxHvY?t=3716,2025-08-03T11:31:02Z,01:01:56,01:08:16
カルマ,BUMP OF CHICKEN,BRYJKfmxHvY,https://youtu.be/BRYJKfmxHvY?t=4096,2025-08-03T11:31:02Z,01:08:16,01:15:24
arrows,BUMP OF CHICKEN,BRYJKfmxHvY,https://youtu.be/BRYJKfmxHvY?t=4524,2025-08-03T11:31:02Z,01:15:24,01:21:47
涙のふるさと,BUMP OF CHICKEN,BRYJKfmxHvY,https://youtu.be/BRYJKfmxHvY?t=4907,2025-08-03T11:31:02Z,01:21:47,01:26:35
flyby,BUMP OF CHICKEN,BRYJKfmxHvY,https://youtu.be/BRYJKfmxHvY?t=5195,2025-08-03T11:31:02Z,01:26:35,01:31:44
東京賛歌,BUMP OF CHICKEN,BRYJKfmxHvY,https://youtu.be/BRYJKfmxHvY?t=5504,2025-08-03T11:31:02Z,01:31:44,01:35:51
真っ赤な空を見ただろうか,BUMP OF CHICKEN,BRYJKfmxHvY,https://youtu.be/BRYJKfmxHvY?t=5751,2025-08-03T11:31:02Z,01:35:51,01:41:19
銀河鉄道,BUMP OF CHICKEN,BRYJKfmxHvY,https://youtu.be/BRYJKfmxHvY?t=6079,2025-08-03T11:31:02Z,01:41:19,01:48:10
プレゼント,BUMP OF CHICKEN,BRYJKfmxHvY,https://youtu.be/BRYJKfmxHvY?t=6490,2025-08-03T11:31:02Z,01:48:10,02:04:04
オンリー ロンリー グローリー,BUMP OF CHICKEN,BRYJKfmxHvY,https://youtu.be/BRYJKfmxHvY?t=7444,2025-08-03T11:31:02Z,02:04:04,02:08:43
乗車権,BUMP OF CHICKEN,BRYJKfmxHvY,https://youtu.be/BRYJKfmxHvY?t=7723,2025-08-03T11:31:02Z,02:08:43,02:12:34
ギルド,BUMP OF CHICKEN,BRYJKfmxHvY,https://youtu.be/BRYJKfmxHvY?t=7954,2025-08-03T11:31:02Z,02:12:34,02:17:57
embrace,BUMP OF CHICKEN,BRYJKfmxHvY,https://youtu.be/BRYJKfmxHvY?t=8277,2025-08-03T11:31:02Z,02:17:57,02:23:44
sailing day,BUMP OF CHICKEN,BRYJKfmxHvY,https://youtu.be/BRYJKfmxHvY?t=8624,2025-08-03T11:31:02Z,02:23:44,02:30:19
同じドアをくぐれたら,BUMP OF CHICKEN,BRYJKfmxHvY,https://youtu.be/BRYJKfmxHvY?t=9019,2025-08-03T11:31:02Z,02:30:19,02:35:19
車輪の唄,BUMP OF CHICKEN,BRYJKfmxHvY,https://youtu.be/BRYJKfmxHvY?t=9319,2025-08-03T11:31:02Z,02:35:19,02:40:02
スノースマイル,BUMP OF CHICKEN,BRYJKfmxHvY,https://youtu.be/BRYJKfmxHvY?t=9602,2025-08-03T11:31:02Z,02:40:02,02:46:48
レム,BUMP OF CHICKEN,BRYJKfmxHvY,https://youtu.be/BRYJKfmxHvY?t=10008,2025-08-03T11:31:02Z,02:46:48,02:55:27
fire sign,BUMP OF CHICKEN,BRYJKfmxHvY,https://youtu.be/BRYJKfmxHvY?t=10527,2025-08-03T11:31:02Z,02:55:27,03:01:16
太陽,BUMP OF CHICKEN,BRYJKfmxHvY,https://youtu.be/BRYJKfmxHvY?t=10876,2025-08-03T11:31:02Z,03:01:16,03:07:30
ロストマン,BUMP OF CHICKEN,BRYJKfmxHvY,https://youtu.be/BRYJKfmxHvY?t=11250,2025-08-03T11:31:02Z,03:07:30,03:17:51
夢の飼い主,BUMP OF CHICKEN,BRYJKfmxHvY,https://youtu.be/BRYJKfmxHvY?t=11871,2025-08-03T11:31:02Z,03:17:51,03:22:46
睡眠時間,BUMP OF CHICKEN,BRYJKfmxHvY,https://youtu.be/BRYJKfmxHvY?t=12166,2025-08-03T11:31:02Z,03:22:46,03:27:04
ホリデイ,BUMP OF CHICKEN,BRYJKfmxHvY,https://youtu.be/BRYJKfmxHvY?t=12424,2025-08-03T11:31:02Z,03:27:04,03:42:48
Stage of the ground,BUMP OF CHICKEN,BRYJKfmxHvY,https://youtu.be/BRYJKfmxHvY?t=13368,2025-08-03T11:31:02Z,03:42:48,03:47:46
天体観測,BUMP OF CHICKEN,BRYJKfmxHvY,https://youtu.be/BRYJKfmxHvY?t=13666,2025-08-03T11:31:02Z,03:47:46,03:53:56
Title of mine,BUMP OF CHICKEN,BRYJKfmxHvY,https://youtu.be/BRYJKfmxHvY?t=14036,2025-08-03T11:31:02Z,03:53:56,03:58:57
キャッチボール,BUMP OF CHICKEN,BRYJKfmxHvY,https://youtu.be/BRYJKfmxHvY?t=14337,2025-08-03T11:31:02Z,03:58:57,04:02:27
ハルジオン,BUMP OF CHICKEN,BRYJKfmxHvY,https://youtu.be/BRYJKfmxHvY?t=14547,2025-08-03T11:31:02Z,04:02:27,04:07:43
ベンチとコーヒー,BUMP OF CHICKEN,BRYJKfmxHvY,https://youtu.be/BRYJKfmxHvY?t=14863,2025-08-03T11:31:02Z,04:07:43,04:13:17
メロディーフラッグ,BUMP OF CHICKEN,BRYJKfmxHvY,https://youtu.be/BRYJKfmxHvY?t=15197,2025-08-03T11:31:02Z,04:13:17,04:22:07
ベル,BUMP OF CHICKEN,BRYJKfmxHvY,https://youtu.be/BRYJKfmxHvY?t=15727,2025-08-03T11:31:02Z,04:22:07,04:26:53
ダイヤモンド,BUMP OF CHICKEN,BRYJKfmxHvY,https://youtu.be/BRYJKfmxHvY?t=16013,2025-08-03T11:31:02Z,04:26:53,04:32:14
ダンデライオン,BUMP OF CHICKEN,BRYJKfmxHvY,https://youtu.be/BRYJKfmxHvY?t=16334,2025-08-03T11:31:02Z,04:32:14,04:45:23
彼女と星の椅子,BUMP OF CHICKEN,BRYJKfmxHvY,https://youtu.be/BRYJKfmxHvY?t=17123,2025-08-03T11:31:02Z,04:45:23,04:48:54
バイバイサンキュー,BUMP OF CHICKEN,BRYJKfmxHvY,https://youtu.be/BRYJKfmxHvY?t=17334,2025-08-03T11:31:02Z,04:48:54,04:53:18
ラフ・メイカー,BUMP OF CHICKEN,BRYJKfmxHvY,https://youtu.be/BRYJKfmxHvY?t=17598,2025-08-03T11:31:02Z,04:53:18,05:09:41
Opening,BUMP OF CHICKEN,BRYJKfmxHvY,https://youtu.be/BRYJKfmxHvY?t=18581,2025-08-03T11:31:02Z,05:09:41,05:10:55
グングニル,BUMP OF CHICKEN,BRYJKfmxHvY,https://youtu.be/BRYJKfmxHvY?t=18655,2025-08-03T11:31:02Z,05:10:55,05:14:58
ベストピクチャー,BUMP OF CHICKEN,BRYJKfmxHvY,https://youtu.be/BRYJKfmxHvY?t=18898,2025-08-03T11:31:02Z,05:14:58,05:19:37
続・くだらない唄,BUMP OF CHICKEN,BRYJKfmxHvY,https://youtu.be/BRYJKfmxHvY?t=19177,2025-08-03T11:31:02Z,05:19:37,05:24:37
LAMP,BUMP OF CHICKEN,BRYJKfmxHvY,https://youtu.be/BRYJKfmxHvY?t=19477,2025-08-03T11:31:02Z,05:24:37,05:29:09
K,BUMP OF CHICKEN,BRYJKfmxHvY,https://youtu.be/BRYJKfmxHvY?t=19749,2025-08-03T11:31:02Z,05:29:09,05:33:05
リリィ,BUMP OF CHICKEN,BRYJKfmxHvY,https://youtu.be/BRYJKfmxHvY?t=19985,2025-08-03T11:31:02Z,05:33:05,05:38:44
Ever lasting lie,BUMP OF CHICKEN,BRYJKfmxHvY,https://youtu.be/BRYJKfmxHvY?t=20324,2025-08-03T11:31:02Z,05:38:44,05:44:38
グロリアスレボリューション,BUMP OF CHICKEN,BRYJKfmxHvY,https://youtu.be/BRYJKfmxHvY?t=20678,2025-08-03T11:31:02Z,05:44:38,05:52:58
Ending,BUMP OF CHICKEN,BRYJKfmxHvY,https://youtu.be/BRYJKfmxHvY?t=21178,2025-08-03T11:31:02Z,05:52:58,05:59:26
ガラスのブルース,BUMP OF CHICKEN,BRYJKfmxHvY,https://youtu.be/BRYJKfmxHvY?t=21566,2025-08-03T11:31:02Z,05:59:26,06:05:03
くだらない唄,BUMP OF CHICKEN,BRYJKfmxHvY,https://youtu.be/BRYJKfmxHvY?t=21903,2025-08-03T11:31:02Z,06:05:03,06:08:34
アルエ,BUMP OF CHICKEN,BRYJKfmxHvY,https://youtu.be/BRYJKfmxHvY?t=22114,2025-08-03T11:31:02Z,06:08:34,06:12:28
リトルブレイバー,BUMP OF CHICKEN,BRYJKfmxHvY,https://youtu.be/BRYJKfmxHvY?t=22348,2025-08-03T11:31:02Z,06:12:28,06:17:15
ノーヒットノーラン,BUMP OF CHICKEN,BRYJKfmxHvY,https://youtu.be/BRYJKfmxHvY?t=22635,2025-08-03T11:31:02Z,06:17:15,06:22:01
とっておきの唄,BUMP OF CHICKEN,BRYJKfmxHvY,https://youtu.be/BRYJKfmxHvY?t=22921,2025-08-03T11:31:02Z,06:22:01,06:26:37
ナイフ,BUMP OF CHICKEN,BRYJKfmxHvY,https://youtu.be/BRYJKfmxHvY?t=23197,2025-08-03T11:31:02Z,06:26:37,06:34:55
バトルクライ,BUMP OF CHICKEN,BRYJKfmxHvY,https://youtu.be/BRYJKfmxHvY?t=23695,2025-08-03T11:31:02Z,06:34:55,06:39:30
BUMP OF CHICKENのテーマ,BUMP OF CHICKEN,BRYJKfmxHvY,https://youtu.be/BRYJKfmxHvY?t=23970,2025-08-03T11:31:02Z,06:39:30,06:44:30
車輪の唄,BUMP OF CHICKEN,p7fml_AqBoA,https://youtu.be/p7fml_AqBoA?t=288,2025-08-04T23:11:57Z,00:04:48,00:09:34
チェリー,スピッツ,p7fml_AqBoA,https://youtu.be/p7fml_AqBoA?t=574,2025-08-04T23:11:57Z,00:09:34,00:14:05
夏色,ゆず,p7fml_AqBoA,https://youtu.be/p7fml_AqBoA?t=845,2025-08-04T23:11:57Z,00:14:05,00:17:26
マリーゴールド,あいみょん,p7fml_AqBoA,https://youtu.be/p7fml_AqBoA?t=1046,2025-08-04T23:11:57Z,00:17:26,00:22:54
栞,クリープハイプ,p7fml_AqBoA,https://youtu.be/p7fml_AqBoA?t=1374,2025-08-04T23:11:57Z,00:22:54,00:30:24
丸の内サディスティック,椎名林檎,p7fml_AqBoA,https://youtu.be/p7fml_AqBoA?t=1824,2025-08-04T23:11:57Z,00:30:24,00:34:01
高嶺の花子さん,back number,p7fml_AqBoA,https://youtu.be/p7fml_AqBoA?t=2041,2025-08-04T23:11:57Z,00:34:01,00:39:40
怪獣の花唄,Vaundy,p7fml_AqBoA,https://youtu.be/p7fml_AqBoA?t=2380,2025-08-04T23:11:57Z,00:39:40,00:44:12
ただ君に晴れ,ヨルシカ,p7fml_AqBoA,https://youtu.be/p7fml_AqBoA?t=2652,2025-08-04T23:11:57Z,00:44:12,00:48:27
天体観測,BUMP OF CHICKEN,p7fml_AqBoA,https://youtu.be/p7fml_AqBoA?t=2907,2025-08-04T23:11:57Z,00:48:27,00:55:00
God knows...,涼宮ハルヒ(平野綾),p7fml_AqBoA,https://youtu.be/p7fml_AqBoA?t=3300,2025-08-04T23:11:57Z,00:55:00,01:00:00
靴の花火,ヨルシカ,MokfNvrXf4k,https://youtu.be/MokfNvrXf4k?t=344,2025-08-05T16:47:45Z,00:05:44,00:11:58
打上花火,DAOKO×米津玄師,MokfNvrXf4k,https://youtu.be/MokfNvrXf4k?t=718,2025-08-05T16:47:45Z,00:11:58,00:17:43
夜空ノムコウ,SMAP,MokfNvrXf4k,https://youtu.be/MokfNvrXf4k?t=1063,2025-08-05T16:47:45Z,00:17:43,00:23:02
ひまわりの約束,秦基博,MokfNvrXf4k,https://youtu.be/MokfNvrXf4k?t=1382,2025-08-05T16:47:45Z,00:23:02,00:28:00
花に亡霊,ヨルシカ,MokfNvrXf4k,https://youtu.be/MokfNvrXf4k?t=1680,2025-08-05T16:47:45Z,00:28:00,00:32:53
君がくれた夏,家入レオ,MokfNvrXf4k,https://youtu.be/MokfNvrXf4k?t=1973,2025-08-05T16:47:45Z,00:32:53,00:38:46
気まぐれロマンティック,いきものがかり,MokfNvrXf4k,https://youtu.be/MokfNvrXf4k?t=2326,2025-08-05T16:47:45Z,00:38:46,00:43:46
わたがし,back number,nMP02CeqvD0,https://youtu.be/nMP02CeqvD0?t=399,2025-08-06T16:35:41Z,00:06:39,00:12:15
幸せ,back number,nMP02CeqvD0,https://youtu.be/nMP02CeqvD0?t=735,2025-08-06T16:35:41Z,00:12:15,00:19:30
忘れられないの,サカナクション,nMP02CeqvD0,https://youtu.be/nMP02CeqvD0?t=1170,2025-08-06T16:35:41Z,00:19:30,00:24:24
眠り姫,SEKAI NO OWARI,nMP02CeqvD0,https://youtu.be/nMP02CeqvD0?t=1464,2025-08-06T16:35:41Z,00:24:24,00:29:23
ドライフラワー,優里,nMP02CeqvD0,https://youtu.be/nMP02CeqvD0?t=1763,2025-08-06T16:35:41Z,00:29:23,00:36:32
Wherever you are,ONE OK ROCK,nMP02CeqvD0,https://youtu.be/nMP02CeqvD0?t=2192,2025-08-06T16:35:41Z,00:36:32,00:41:50
粉雪,レミオロメン,nMP02CeqvD0,https://youtu.be/nMP02CeqvD0?t=2510,2025-08-06T16:35:41Z,00:41:50,00:47:28
晩餐歌,tuki.,nMP02CeqvD0,https://youtu.be/nMP02CeqvD0?t=2848,2025-08-06T16:35:41Z,00:47:28,00:51:46
君の知らない物語,supercell,nMP02CeqvD0,https://youtu.be/nMP02CeqvD0?t=3106,2025-08-06T16:35:41Z,00:51:46,00:58:30
美しい鰭,スピッツ,nMP02CeqvD0,https://youtu.be/nMP02CeqvD0?t=3510,2025-08-06T16:35:41Z,00:58:30,01:02:34
染まるよ,チャットモンチー,nMP02CeqvD0,https://youtu.be/nMP02CeqvD0?t=3754,2025-08-06T16:35:41Z,01:02:34,01:06:43
星間飛行,ランカ・リー＝中島愛,nMP02CeqvD0,https://youtu.be/nMP02CeqvD0?t=4003,2025-08-06T16:35:41Z,01:06:43,01:11:42
糸,中島みゆき,nMP02CeqvD0,https://youtu.be/nMP02CeqvD0?t=4302,2025-08-06T16:35:41Z,01:11:42,01:15:25
ハナミズキ,一青窈,nMP02CeqvD0,https://youtu.be/nMP02CeqvD0?t=4525,2025-08-06T16:35:41Z,01:15:25,01:20:54
pinkie,BUMP OF CHICKEN,nMP02CeqvD0,https://youtu.be/nMP02CeqvD0?t=4854,2025-08-06T16:35:41Z,01:20:54,01:26:02
僕が死のうと思ったのは,amazarashi,nMP02CeqvD0,https://youtu.be/nMP02CeqvD0?t=5162,2025-08-06T16:35:41Z,01:26:02,01:32:49
ワールド・ランプシェード,buzzG,nMP02CeqvD0,https://youtu.be/nMP02CeqvD0?t=5569,2025-08-06T16:35:41Z,01:32:49,01:38:18
雨とカプチーノ,ヨルシカ,nMP02CeqvD0,https://youtu.be/nMP02CeqvD0?t=5898,2025-08-06T16:35:41Z,01:38:18,01:43:16
雨晴るる,ヨルシカ,nMP02CeqvD0,https://youtu.be/nMP02CeqvD0?t=6196,2025-08-06T16:35:41Z,01:43:16,01:47:55
secret base〜君がくれたもの〜,ZONE,nMP02CeqvD0,https://youtu.be/nMP02CeqvD0?t=6475,2025-08-06T16:35:41Z,01:47:55,01:53:37
裸の心,あいみょん,nMP02CeqvD0,https://youtu.be/nMP02CeqvD0?t=6817,2025-08-06T16:35:41Z,01:53:37,01:58:33
マリーゴールド,あいみょん,nMP02CeqvD0,https://youtu.be/nMP02CeqvD0?t=7113,2025-08-06T16:35:41Z,01:58:33,02:04:14
君はロックを聴かない,あいみょん,nMP02CeqvD0,https://youtu.be/nMP02CeqvD0?t=7454,2025-08-06T16:35:41Z,02:04:14,02:09:14
ひまわり,遊助,WmYhdrcYxLA,https://youtu.be/WmYhdrcYxLA?t=445,2025-08-07T16:27:03Z,00:07:25,00:12:24
花の塔,さユり,WmYhdrcYxLA,https://youtu.be/WmYhdrcYxLA?t=744,2025-08-07T16:27:03Z,00:12:24,00:18:30
桜のあと(all quartets lead to the?),UNISON SQUARE GARDEN,WmYhdrcYxLA,https://youtu.be/WmYhdrcYxLA?t=1110,2025-08-07T16:27:03Z,00:18:30,00:25:43
さくら (独唱),森山直太朗,WmYhdrcYxLA,https://youtu.be/WmYhdrcYxLA?t=1543,2025-08-07T16:27:03Z,00:25:43,00:31:10
野に咲く花のように,ダ・カーポ,WmYhdrcYxLA,https://youtu.be/WmYhdrcYxLA?t=1870,2025-08-07T16:27:03Z,00:31:10,00:33:57
ひまわりの約束,秦基博,WmYhdrcYxLA,https://youtu.be/WmYhdrcYxLA?t=2037,2025-08-07T16:27:03Z,00:33:57,00:39:01
赤いスイートピー,松田聖子,WmYhdrcYxLA,https://youtu.be/WmYhdrcYxLA?t=2341,2025-08-07T16:27:03Z,00:39:01,00:44:29
ハルジオン,BUMP OF CHICKEN,WmYhdrcYxLA,https://youtu.be/WmYhdrcYxLA?t=2669,2025-08-07T16:27:03Z,00:44:29,00:49:07
ダンデライオン,BUMP OF CHICKEN,WmYhdrcYxLA,https://youtu.be/WmYhdrcYxLA?t=2947,2025-08-07T16:27:03Z,00:49:07,00:59:02
花の名,BUMP OF CHICKEN,WmYhdrcYxLA,https://youtu.be/WmYhdrcYxLA?t=3542,2025-08-07T16:27:03Z,00:59:02,01:04:23
蕾,コブクロ,WmYhdrcYxLA,https://youtu.be/WmYhdrcYxLA?t=3863,2025-08-07T16:27:03Z,01:04:23,01:15:16
花人局,ヨルシカ,WmYhdrcYxLA,https://youtu.be/WmYhdrcYxLA?t=4516,2025-08-07T16:27:03Z,01:15:16,01:21:05
強盗と花束,ヨルシカ,WmYhdrcYxLA,https://youtu.be/WmYhdrcYxLA?t=4865,2025-08-07T16:27:03Z,01:21:05,01:25:02
花に亡霊,ヨルシカ,WmYhdrcYxLA,https://youtu.be/WmYhdrcYxLA?t=5102,2025-08-07T16:27:03Z,01:25:02,01:29:13
春泥棒,ヨルシカ,WmYhdrcYxLA,https://youtu.be/WmYhdrcYxLA?t=5353,2025-08-07T16:27:03Z,01:29:13,01:34:35
千本桜,黒うさP,WmYhdrcYxLA,https://youtu.be/WmYhdrcYxLA?t=5675,2025-08-07T16:27:03Z,01:34:35,01:38:25
紅蓮華,LiSA,WmYhdrcYxLA,https://youtu.be/WmYhdrcYxLA?t=5905,2025-08-07T16:27:03Z,01:38:25,01:44:46
マリーゴールド,あいみょん,WmYhdrcYxLA,https://youtu.be/WmYhdrcYxLA?t=6286,2025-08-07T16:27:03Z,01:44:46,01:49:58
花に嵐,米津玄師,WmYhdrcYxLA,https://youtu.be/WmYhdrcYxLA?t=6598,2025-08-07T16:27:03Z,01:49:58,01:55:14
世界に一つだけの花,SMAP,WmYhdrcYxLA,https://youtu.be/WmYhdrcYxLA?t=6914,2025-08-07T16:27:03Z,01:55:14,02:01:49
愛をこめて花束を,Superfly,WmYhdrcYxLA,https://youtu.be/WmYhdrcYxLA?t=7309,2025-08-07T16:27:03Z,02:01:49,02:06:55
怪獣の花唄,Vaundy,WmYhdrcYxLA,https://youtu.be/WmYhdrcYxLA?t=7615,2025-08-07T16:27:03Z,02:06:55,02:11:55
かがり火,ミナミイズミ,1xaa4VG5Xzg,https://youtu.be/1xaa4VG5Xzg?t=2116,2025-08-08T15:08:49Z,00:35:16,00:46:37
航海の唄,さユり,1xaa4VG5Xzg,https://youtu.be/1xaa4VG5Xzg?t=2797,2025-08-08T15:08:49Z,00:46:37,00:51:37
おやすみ泣き声、さよなら歌姫,クリープハイプ,eXlDZNtJpi8,https://youtu.be/eXlDZNtJpi8?t=298,2025-08-08T17:28:19Z,00:04:58,00:09:13
ドーナツホール,ハチ,eXlDZNtJpi8,https://youtu.be/eXlDZNtJpi8?t=553,2025-08-08T17:28:19Z,00:09:13,00:13:08
アイネクライネ,米津玄師,eXlDZNtJpi8,https://youtu.be/eXlDZNtJpi8?t=788,2025-08-08T17:28:19Z,00:13:08,00:18:55
盗作,ヨルシカ,eXlDZNtJpi8,https://youtu.be/eXlDZNtJpi8?t=1135,2025-08-08T17:28:19Z,00:18:55,00:23:15
夜咄ディセイブ,じん,eXlDZNtJpi8,https://youtu.be/eXlDZNtJpi8?t=1395,2025-08-08T17:28:19Z,00:23:15,00:26:41
ロミオとシンデレラ,doriko,eXlDZNtJpi8,https://youtu.be/eXlDZNtJpi8?t=1601,2025-08-08T17:28:19Z,00:26:41,00:32:29
インフェルノ,Mrs. GREEN APPLE,eXlDZNtJpi8,https://youtu.be/eXlDZNtJpi8?t=1949,2025-08-08T17:28:19Z,00:32:29,00:37:15
いつか,Saucy Dog,eXlDZNtJpi8,https://youtu.be/eXlDZNtJpi8?t=2235,2025-08-08T17:28:19Z,00:37:15,00:43:08
真夏の果実,サザンオールスターズ,eXlDZNtJpi8,https://youtu.be/eXlDZNtJpi8?t=2588,2025-08-08T17:28:19Z,00:43:08,00:48:26
CHE.R.RY,YUI,eXlDZNtJpi8,https://youtu.be/eXlDZNtJpi8?t=2906,2025-08-08T17:28:19Z,00:48:26,00:52:16
again,YUI,eXlDZNtJpi8,https://youtu.be/eXlDZNtJpi8?t=3136,2025-08-08T17:28:19Z,00:52:16,00:56:32
怪獣,サカナクション,eXlDZNtJpi8,https://youtu.be/eXlDZNtJpi8?t=3392,2025-08-08T17:28:19Z,00:56:32,01:00:57
アイデンティティ,サカナクション,eXlDZNtJpi8,https://youtu.be/eXlDZNtJpi8?t=3657,2025-08-08T17:28:19Z,01:00:57,01:05:49
さよならはエモーション,サカナクション,eXlDZNtJpi8,https://youtu.be/eXlDZNtJpi8?t=3949,2025-08-08T17:28:19Z,01:05:49,01:10:29
アカシア,BUMP OF CHICKEN,eXlDZNtJpi8,https://youtu.be/eXlDZNtJpi8?t=4229,2025-08-08T17:28:19Z,01:10:29,01:14:42
ray,BUMP OF CHICKEN,eXlDZNtJpi8,https://youtu.be/eXlDZNtJpi8?t=4482,2025-08-08T17:28:19Z,01:14:42,01:19:21
RPG,SEKAI NO OWARI,eXlDZNtJpi8,https://youtu.be/eXlDZNtJpi8?t=4761,2025-08-08T17:28:19Z,01:19:21,01:24:27
幻の命,SEKAI NO OWARI,eXlDZNtJpi8,https://youtu.be/eXlDZNtJpi8?t=5067,2025-08-08T17:28:19Z,01:24:27,01:29:23
コイスルオトメ,いきものがかり,eXlDZNtJpi8,https://youtu.be/eXlDZNtJpi8?t=5363,2025-08-08T17:28:19Z,01:29:23,01:34:36
ブルーバード,いきものがかり,eXlDZNtJpi8,https://youtu.be/eXlDZNtJpi8?t=5676,2025-08-08T17:28:19Z,01:34:36,01:38:31
残酷な天使のテーゼ,高橋洋子,eXlDZNtJpi8,https://youtu.be/eXlDZNtJpi8?t=5911,2025-08-08T17:28:19Z,01:38:31,01:44:51
天体観測,BUMP OF CHICKEN,eXlDZNtJpi8,https://youtu.be/eXlDZNtJpi8?t=6291,2025-08-08T17:28:19Z,01:44:51,01:49:17
車輪の唄,BUMP OF CHICKEN,eXlDZNtJpi8,https://youtu.be/eXlDZNtJpi8?t=6557,2025-08-08T17:28:19Z,01:49:17,01:54:07
ハナミズキ,一青窈,eXlDZNtJpi8,https://youtu.be/eXlDZNtJpi8?t=6847,2025-08-08T17:28:19Z,01:54:07,01:59:07
楓,スピッツ,PCFJGWsxuXg,https://youtu.be/PCFJGWsxuXg?t=423,2025-08-09T19:28:13Z,00:07:03,00:13:45
チェリー,スピッツ,PCFJGWsxuXg,https://youtu.be/PCFJGWsxuXg?t=825,2025-08-09T19:28:13Z,00:13:45,00:18:16
丸の内サディスティック,椎名林檎,PCFJGWsxuXg,https://youtu.be/PCFJGWsxuXg?t=1096,2025-08-09T19:28:13Z,00:18:16,00:24:10
Lemon,米津玄師,PCFJGWsxuXg,https://youtu.be/PCFJGWsxuXg?t=1450,2025-08-09T19:28:13Z,00:24:10,00:30:47
赤い糸,コブクロ,PCFJGWsxuXg,https://youtu.be/PCFJGWsxuXg?t=1847,2025-08-09T19:28:13Z,00:30:47,00:40:49
靴の花火,ヨルシカ,PCFJGWsxuXg,https://youtu.be/PCFJGWsxuXg?t=2449,2025-08-09T19:28:13Z,00:40:49,00:48:53
雨とカプチーノ,ヨルシカ,PCFJGWsxuXg,https://youtu.be/PCFJGWsxuXg?t=2933,2025-08-09T19:28:13Z,00:48:53,00:53:38
アイロニ,すこっぷ,PCFJGWsxuXg,https://youtu.be/PCFJGWsxuXg?t=3218,2025-08-09T19:28:13Z,00:53:38,00:58:28
弱虫モンブラン,DECO*27,PCFJGWsxuXg,https://youtu.be/PCFJGWsxuXg?t=3508,2025-08-09T19:28:13Z,00:58:28,01:03:16
心做し,蝶々P,PCFJGWsxuXg,https://youtu.be/PCFJGWsxuXg?t=3796,2025-08-09T19:28:13Z,01:03:16,01:08:50
寝癖,クリープハイプ,PCFJGWsxuXg,https://youtu.be/PCFJGWsxuXg?t=4130,2025-08-09T19:28:13Z,01:08:50,01:13:06
Pretender,Official髭男dism,PCFJGWsxuXg,https://youtu.be/PCFJGWsxuXg?t=4386,2025-08-09T19:28:13Z,01:13:06,01:18:59
ダイヤモンド,BUMP OF CHICKEN,PCFJGWsxuXg,https://youtu.be/PCFJGWsxuXg?t=4739,2025-08-09T19:28:13Z,01:18:59,01:24:45
涙のふるさと,BUMP OF CHICKEN,PCFJGWsxuXg,https://youtu.be/PCFJGWsxuXg?t=5085,2025-08-09T19:28:13Z,01:24:45,01:31:09
車輪の唄,BUMP OF CHICKEN,PCFJGWsxuXg,https://youtu.be/PCFJGWsxuXg?t=5469,2025-08-09T19:28:13Z,01:31:09,01:35:57
ray,BUMP OF CHICKEN,PCFJGWsxuXg,https://youtu.be/PCFJGWsxuXg?t=5757,2025-08-09T19:28:13Z,01:35:57,01:41:16
アカシア,BUMP OF CHICKEN,PCFJGWsxuXg,https://youtu.be/PCFJGWsxuXg?t=6076,2025-08-09T19:28:13Z,01:41:16,01:45:54
天体観測,BUMP OF CHICKEN,PCFJGWsxuXg,https://youtu.be/PCFJGWsxuXg?t=6354,2025-08-09T19:28:13Z,01:45:54,01:51:41
K,BUMP OF CHICKEN,PCFJGWsxuXg,https://youtu.be/PCFJGWsxuXg?t=6701,2025-08-09T19:28:13Z,01:51:41,02:00:51
才悩人応援歌,BUMP OF CHICKEN,PCFJGWsxuXg,https://youtu.be/PCFJGWsxuXg?t=7251,2025-08-09T19:28:13Z,02:00:51,02:05:48
カルマ,BUMP OF CHICKEN,PCFJGWsxuXg,https://youtu.be/PCFJGWsxuXg?t=7548,2025-08-09T19:28:13Z,02:05:48,02:10:48
ローリンガール,wowaka,k7asFBbkFYs,https://youtu.be/k7asFBbkFYs?t=1418,2025-08-10T18:20:31Z,00:23:38,00:29:30
愛を伝えたいだとか,あいみょん,k7asFBbkFYs,https://youtu.be/k7asFBbkFYs?t=1770,2025-08-10T18:20:31Z,00:29:30,00:35:27
悪魔の踊り方,キタニタツヤ,k7asFBbkFYs,https://youtu.be/k7asFBbkFYs?t=2127,2025-08-10T18:20:31Z,00:35:27,00:42:50
オリオンをなぞる,UNISON SQUARE GARDEN,k7asFBbkFYs,https://youtu.be/k7asFBbkFYs?t=2570,2025-08-10T18:20:31Z,00:42:50,00:52:14
平行線,さユり,k7asFBbkFYs,https://youtu.be/k7asFBbkFYs?t=3134,2025-08-10T18:20:31Z,00:52:14,01:01:35
サムライハート(Some Like It Hot!!),SPYAIR,k7asFBbkFYs,https://youtu.be/k7asFBbkFYs?t=3695,2025-08-10T18:20:31Z,01:01:35,01:09:42
フライングゲット,AKB48,k7asFBbkFYs,https://youtu.be/k7asFBbkFYs?t=4182,2025-08-10T18:20:31Z,01:09:42,01:15:36
夜咄ディセイブ,じん,k7asFBbkFYs,https://youtu.be/k7asFBbkFYs?t=4536,2025-08-10T18:20:31Z,01:15:36,01:19:35
千本桜,黒うさP,k7asFBbkFYs,https://youtu.be/k7asFBbkFYs?t=4775,2025-08-10T18:20:31Z,01:19:35,01:26:21
空に歌えば,amazarashi,k7asFBbkFYs,https://youtu.be/k7asFBbkFYs?t=5181,2025-08-10T18:20:31Z,01:26:21,01:47:38
準透明少年,ヨルシカ,k7asFBbkFYs,https://youtu.be/k7asFBbkFYs?t=6458,2025-08-10T18:20:31Z,01:47:38,01:52:24
晴る,ヨルシカ,k7asFBbkFYs,https://youtu.be/k7asFBbkFYs?t=6744,2025-08-10T18:20:31Z,01:52:24,02:02:57
カルマ,BUMP OF CHICKEN,k7asFBbkFYs,https://youtu.be/k7asFBbkFYs?t=7377,2025-08-10T18:20:31Z,02:02:57,02:07:44
うっせぇわ,Ado,k7asFBbkFYs,https://youtu.be/k7asFBbkFYs?t=7664,2025-08-10T18:20:31Z,02:07:44,02:16:08
God knows...,涼宮ハルヒ(平野綾),k7asFBbkFYs,https://youtu.be/k7asFBbkFYs?t=8168,2025-08-10T18:20:31Z,02:16:08,02:22:08
ピースサイン,米津玄師,k7asFBbkFYs,https://youtu.be/k7asFBbkFYs?t=8528,2025-08-10T18:20:31Z,02:22:08,02:29:18
タッチ,岩崎良美,k7asFBbkFYs,https://youtu.be/k7asFBbkFYs?t=8958,2025-08-10T18:20:31Z,02:29:18,02:33:29
完全感覚Dreamer,ONE OK ROCK,k7asFBbkFYs,https://youtu.be/k7asFBbkFYs?t=9209,2025-08-10T18:20:31Z,02:33:29,02:38:44
ノーザンクロス,シェリル・ノーム starring May'n,k7asFBbkFYs,https://youtu.be/k7asFBbkFYs?t=9524,2025-08-10T18:20:31Z,02:38:44,02:44:23
again,YUI,k7asFBbkFYs,https://youtu.be/k7asFBbkFYs?t=9863,2025-08-10T18:20:31Z,02:44:23,03:04:49
天体観測,BUMP OF CHICKEN,k7asFBbkFYs,https://youtu.be/k7asFBbkFYs?t=11089,2025-08-10T18:20:31Z,03:04:49,03:09:49
Ginger,TOMOO,wDr39WqUL0E,https://youtu.be/wDr39WqUL0E?t=1119,2025-08-11T18:34:48Z,00:18:39,00:23:09
CHE.R.RY,YUI,wDr39WqUL0E,https://youtu.be/wDr39WqUL0E?t=1389,2025-08-11T18:34:48Z,00:23:09,00:27:53
short hair,Base Ball Bear,wDr39WqUL0E,https://youtu.be/wDr39WqUL0E?t=1673,2025-08-11T18:34:48Z,00:27:53,00:33:11
I LOVE YOU,尾崎豊,wDr39WqUL0E,https://youtu.be/wDr39WqUL0E?t=1991,2025-08-11T18:34:48Z,00:33:11,00:39:48
Lemon,米津玄師,wDr39WqUL0E,https://youtu.be/wDr39WqUL0E?t=2388,2025-08-11T18:34:48Z,00:39:48,00:45:41
swim,04 Limited Sazabys,wDr39WqUL0E,https://youtu.be/wDr39WqUL0E?t=2741,2025-08-11T18:34:48Z,00:45:41,00:50:06
Pretender,Official髭男dism,wDr39WqUL0E,https://youtu.be/wDr39WqUL0E?t=3006,2025-08-11T18:34:48Z,00:50:06,00:55:52
Subtitle,Official髭男dism,wDr39WqUL0E,https://youtu.be/wDr39WqUL0E?t=3352,2025-08-11T18:34:48Z,00:55:52,01:06:43
Week End,星野源,wDr39WqUL0E,https://youtu.be/wDr39WqUL0E?t=4003,2025-08-11T18:34:48Z,01:06:43,01:10:56
KissHug,aiko,wDr39WqUL0E,https://youtu.be/wDr39WqUL0E?t=4256,2025-08-11T18:34:48Z,01:10:56,01:17:38
vivi,米津玄師,wDr39WqUL0E,https://youtu.be/wDr39WqUL0E?t=4658,2025-08-11T18:34:48Z,01:17:38,01:23:59
Catch the Moment,LiSA,wDr39WqUL0E,https://youtu.be/wDr39WqUL0E?t=5039,2025-08-11T18:34:48Z,01:23:59,01:30:35
ANIMA,ReoNa,wDr39WqUL0E,https://youtu.be/wDr39WqUL0E?t=5435,2025-08-11T18:34:48Z,01:30:35,01:37:53
Shout Baby,緑黄色社会,wDr39WqUL0E,https://youtu.be/wDr39WqUL0E?t=5873,2025-08-11T18:34:48Z,01:37:53,01:43:21
ray,BUMP OF CHICKEN,wDr39WqUL0E,https://youtu.be/wDr39WqUL0E?t=6201,2025-08-11T18:34:48Z,01:43:21,01:47:59
sailing day,BUMP OF CHICKEN,wDr39WqUL0E,https://youtu.be/wDr39WqUL0E?t=6479,2025-08-11T18:34:48Z,01:47:59,01:55:15
FLY HIGH!!,BURNOUT SYNDROMES,wDr39WqUL0E,https://youtu.be/wDr39WqUL0E?t=6915,2025-08-11T18:34:48Z,01:55:15,02:01:16
don't cry anymore,miwa,wDr39WqUL0E,https://youtu.be/wDr39WqUL0E?t=7276,2025-08-11T18:34:48Z,02:01:16,02:06:16
もりのくまさん,童謡,7M890Bc5g9g,https://youtu.be/7M890Bc5g9g?t=1013,2025-08-12T19:06:47Z,00:16:53,00:20:14
みなと,スピッツ,7M890Bc5g9g,https://youtu.be/7M890Bc5g9g?t=1214,2025-08-12T19:06:47Z,00:20:14,00:26:10
ないものねだり,KANA-BOON,7M890Bc5g9g,https://youtu.be/7M890Bc5g9g?t=1570,2025-08-12T19:06:47Z,00:26:10,00:32:56
わたがし,back number,7M890Bc5g9g,https://youtu.be/7M890Bc5g9g?t=1976,2025-08-12T19:06:47Z,00:32:56,00:43:29
わかってない,あいみょん,7M890Bc5g9g,https://youtu.be/7M890Bc5g9g?t=2609,2025-08-12T19:06:47Z,00:43:29,00:51:57
え? あぁ、そう。,蝶々P,7M890Bc5g9g,https://youtu.be/7M890Bc5g9g?t=3117,2025-08-12T19:06:47Z,00:51:57,00:57:36
しわ,buzzG,7M890Bc5g9g,https://youtu.be/7M890Bc5g9g?t=3456,2025-08-12T19:06:47Z,00:57:36,01:04:29
なないろ,BUMP OF CHICKEN,7M890Bc5g9g,https://youtu.be/7M890Bc5g9g?t=3869,2025-08-12T19:06:47Z,01:04:29,01:10:55
いつか,Saucy Dog,7M890Bc5g9g,https://youtu.be/7M890Bc5g9g?t=4255,2025-08-12T19:06:47Z,01:10:55,01:25:27
まちがいさがし,菅田将暉,7M890Bc5g9g,https://youtu.be/7M890Bc5g9g?t=5127,2025-08-12T19:06:47Z,01:25:27,01:31:01
あなたと,絢香×コブクロ,7M890Bc5g9g,https://youtu.be/7M890Bc5g9g?t=5461,2025-08-12T19:06:47Z,01:31:01,01:35:52
おかえり,絢香,7M890Bc5g9g,https://youtu.be/7M890Bc5g9g?t=5752,2025-08-12T19:06:47Z,01:35:52,01:41:44
くせのうた,星野源,7M890Bc5g9g,https://youtu.be/7M890Bc5g9g?t=6104,2025-08-12T19:06:47Z,01:41:44,01:46:31
またねがあれば,澤田空海理,7M890Bc5g9g,https://youtu.be/7M890Bc5g9g?t=6391,2025-08-12T19:06:47Z,01:46:31,01:52:44
さよならごっこ,amazarashi,7M890Bc5g9g,https://youtu.be/7M890Bc5g9g?t=6764,2025-08-12T19:06:47Z,01:52:44,02:30:55
るーららるーらーるららるーらー,さユり,7M890Bc5g9g,https://youtu.be/7M890Bc5g9g?t=9055,2025-08-12T19:06:47Z,02:30:55,02:34:09
かみさま,さユり,7M890Bc5g9g,https://youtu.be/7M890Bc5g9g?t=9249,2025-08-12T19:06:47Z,02:34:09,02:39:35
うるさい,SUPER BEAVER,7M890Bc5g9g,https://youtu.be/7M890Bc5g9g?t=9575,2025-08-12T19:06:47Z,02:39:35,02:44:59
かさぶたぶたぶ,BUMP OF CHICKEN,7M890Bc5g9g,https://youtu.be/7M890Bc5g9g?t=9899,2025-08-12T19:06:47Z,02:44:59,02:49:20
ひとりごと,BUMP OF CHICKEN,7M890Bc5g9g,https://youtu.be/7M890Bc5g9g?t=10160,2025-08-12T19:06:47Z,02:49:20,02:54:20
ルカルカ★ナイトフィーバー,samfree,dC089t-RiRY,https://youtu.be/dC089t-RiRY?t=915,2025-08-13T19:03:02Z,00:15:15,00:22:05
サリシノハラ,みきとP,dC089t-RiRY,https://youtu.be/dC089t-RiRY?t=1325,2025-08-13T19:03:02Z,00:22:05,00:30:35
ジュブナイル,amazarashi,dC089t-RiRY,https://youtu.be/dC089t-RiRY?t=1835,2025-08-13T19:03:02Z,00:30:35,00:36:15
アイデンティティ,サカナクション,dC089t-RiRY,https://youtu.be/dC089t-RiRY?t=2175,2025-08-13T19:03:02Z,00:36:15,00:43:33
ココロジェリーフィッシュ,ヒグチアイ,dC089t-RiRY,https://youtu.be/dC089t-RiRY?t=2613,2025-08-13T19:03:02Z,00:43:33,00:49:54
インフェルノ,Mrs. GREEN APPLE,dC089t-RiRY,https://youtu.be/dC089t-RiRY?t=2994,2025-08-13T19:03:02Z,00:49:54,00:54:55
センチメンタルピリオド,UNISON SQUARE GARDEN,dC089t-RiRY,https://youtu.be/dC089t-RiRY?t=3295,2025-08-13T19:03:02Z,00:54:55,00:59:16
マスターボリューム,UNISON SQUARE GARDEN,dC089t-RiRY,https://youtu.be/dC089t-RiRY?t=3556,2025-08-13T19:03:02Z,00:59:16,01:07:55
ソラニン,ASIAN KUNG-FU GENERATION,dC089t-RiRY,https://youtu.be/dC089t-RiRY?t=4075,2025-08-13T19:03:02Z,01:07:55,01:14:50
ヒューズ,日向文,dC089t-RiRY,https://youtu.be/dC089t-RiRY?t=4490,2025-08-13T19:03:02Z,01:14:50,01:21:03
ハナミズキ,一青窈,dC089t-RiRY,https://youtu.be/dC089t-RiRY?t=4863,2025-08-13T19:03:02Z,01:21:03,01:30:15
オッドアイ,さユり,dC089t-RiRY,https://youtu.be/dC089t-RiRY?t=5415,2025-08-13T19:03:02Z,01:30:15,01:36:27
ミカヅキ,さユり,dC089t-RiRY,https://youtu.be/dC089t-RiRY?t=5787,2025-08-13T19:03:02Z,01:36:27,01:41:17
アノニマス,さユり,dC089t-RiRY,https://youtu.be/dC089t-RiRY?t=6077,2025-08-13T19:03:02Z,01:41:17,01:51:11
アボカド,yonige,dC089t-RiRY,https://youtu.be/dC089t-RiRY?t=6671,2025-08-13T19:03:02Z,01:51:11,01:55:10
アカシア,BUMP OF CHICKEN,dC089t-RiRY,https://youtu.be/dC089t-RiRY?t=6910,2025-08-13T19:03:02Z,01:55:10,01:59:22
カルマ,BUMP OF CHICKEN,dC089t-RiRY,https://youtu.be/dC089t-RiRY?t=7162,2025-08-13T19:03:02Z,01:59:22,02:03:49
ハルジオン,BUMP OF CHICKEN,dC089t-RiRY,https://youtu.be/dC089t-RiRY?t=7429,2025-08-13T19:03:02Z,02:03:49,02:10:41
コイスルオトメ,いきものがかり,dC089t-RiRY,https://youtu.be/dC089t-RiRY?t=7841,2025-08-13T19:03:02Z,02:10:41,02:15:54
マリーゴールド,あいみょん,dC089t-RiRY,https://youtu.be/dC089t-RiRY?t=8154,2025-08-13T19:03:02Z,02:15:54,02:21:07
アイネクライネ,米津玄師,dC089t-RiRY,https://youtu.be/dC089t-RiRY?t=8467,2025-08-13T19:03:02Z,02:21:07,02:25:56
チェリー,スピッツ,dC089t-RiRY,https://youtu.be/dC089t-RiRY?t=8756,2025-08-13T19:03:02Z,02:25:56,02:30:35
ロビンソン,スピッツ,dC089t-RiRY,https://youtu.be/dC089t-RiRY?t=9035,2025-08-13T19:03:02Z,02:30:35,02:37:27
タッチ,岩崎良美,dC089t-RiRY,https://youtu.be/dC089t-RiRY?t=9447,2025-08-13T19:03:02Z,02:37:27,02:41:00
シルエット,KANA-BOON,dC089t-RiRY,https://youtu.be/dC089t-RiRY?t=9660,2025-08-13T19:03:02Z,02:41:00,02:46:08
アルエ,BUMP OF CHICKEN,dC089t-RiRY,https://youtu.be/dC089t-RiRY?t=9968,2025-08-13T19:03:02Z,02:46:08,02:50:40
ラフ・メイカー,BUMP OF CHICKEN,dC089t-RiRY,https://youtu.be/dC089t-RiRY?t=10240,2025-08-13T19:03:02Z,02:50:40,02:56:25
オンリー ロンリー グローリー,BUMP OF CHICKEN,dC089t-RiRY,https://youtu.be/dC089t-RiRY?t=10585,2025-08-13T19:03:02Z,02:56:25,03:01:15
ダンデライオン,BUMP OF CHICKEN,dC089t-RiRY,https://youtu.be/dC089t-RiRY?t=10875,2025-08-13T19:03:02Z,03:01:15,03:05:42
ダイヤモンド,BUMP OF CHICKEN,dC089t-RiRY,https://youtu.be/dC089t-RiRY?t=11142,2025-08-13T19:03:02Z,03:05:42,03:17:59
アイロニー,ミナミイズミ,dC089t-RiRY,https://youtu.be/dC089t-RiRY?t=11879,2025-08-13T19:03:02Z,03:17:59,03:25:50
スターライト,amazarashi,dC089t-RiRY,https://youtu.be/dC089t-RiRY?t=12350,2025-08-13T19:03:02Z,03:25:50,03:43:05
フィロソフィー,amazarashi,dC089t-RiRY,https://youtu.be/dC089t-RiRY?t=13385,2025-08-13T19:03:02Z,03:43:05,03:58:32
サザンクロス,BUMP OF CHICKEN,dC089t-RiRY,https://youtu.be/dC089t-RiRY?t=14312,2025-08-13T19:03:02Z,03:58:32,04:02:35
ナイフ,BUMP OF CHICKEN,dC089t-RiRY,https://youtu.be/dC089t-RiRY?t=14555,2025-08-13T19:03:02Z,04:02:35,04:07:35
ドーナツホール,ハチ,QmQ6fQlPcdY,https://youtu.be/QmQ6fQlPcdY?t=1088,2025-08-14T17:05:42Z,00:18:08,00:25:45
マトリョシカ,ハチ,QmQ6fQlPcdY,https://youtu.be/QmQ6fQlPcdY?t=1545,2025-08-14T17:05:42Z,00:25:45,00:36:12
砂の惑星,ハチ,QmQ6fQlPcdY,https://youtu.be/QmQ6fQlPcdY?t=2172,2025-08-14T17:05:42Z,00:36:12,00:43:01
弱虫モンブラン,DECO*27,QmQ6fQlPcdY,https://youtu.be/QmQ6fQlPcdY?t=2581,2025-08-14T17:05:42Z,00:43:01,00:56:38
吉原ラメント,亜沙,QmQ6fQlPcdY,https://youtu.be/QmQ6fQlPcdY?t=3398,2025-08-14T17:05:42Z,00:56:38,01:01:34
からくりピエロ,40mP,QmQ6fQlPcdY,https://youtu.be/QmQ6fQlPcdY?t=3694,2025-08-14T17:05:42Z,01:01:34,01:05:33
シリョクケンサ,40mP,QmQ6fQlPcdY,https://youtu.be/QmQ6fQlPcdY?t=3933,2025-08-14T17:05:42Z,01:05:33,01:09:59
トリノコシティ,40mP,QmQ6fQlPcdY,https://youtu.be/QmQ6fQlPcdY?t=4199,2025-08-14T17:05:42Z,01:09:59,01:15:09
恋愛裁判,40mP,QmQ6fQlPcdY,https://youtu.be/QmQ6fQlPcdY?t=4509,2025-08-14T17:05:42Z,01:15:09,01:18:39
純情スカート,40mP,QmQ6fQlPcdY,https://youtu.be/QmQ6fQlPcdY?t=4719,2025-08-14T17:05:42Z,01:18:39,01:23:44
ハロ／ハワユ,ナノウ,QmQ6fQlPcdY,https://youtu.be/QmQ6fQlPcdY?t=5024,2025-08-14T17:05:42Z,01:23:44,01:32:41
心做し,蝶々P,QmQ6fQlPcdY,https://youtu.be/QmQ6fQlPcdY?t=5561,2025-08-14T17:05:42Z,01:32:41,01:39:03
夜明けと蛍,n-buna,QmQ6fQlPcdY,https://youtu.be/QmQ6fQlPcdY?t=5943,2025-08-14T17:05:42Z,01:39:03,01:44:08
Calc.,ジミーサムP,QmQ6fQlPcdY,https://youtu.be/QmQ6fQlPcdY?t=6248,2025-08-14T17:05:42Z,01:44:08,01:49:46
ダブルラリアット,アゴアニキP,QmQ6fQlPcdY,https://youtu.be/QmQ6fQlPcdY?t=6586,2025-08-14T17:05:42Z,01:49:46,01:53:39
Just Be Friends,Dixie Flatline,QmQ6fQlPcdY,https://youtu.be/QmQ6fQlPcdY?t=6819,2025-08-14T17:05:42Z,01:53:39,02:02:23
ハッピーシンセサイザ,EasyPop,QmQ6fQlPcdY,https://youtu.be/QmQ6fQlPcdY?t=7343,2025-08-14T17:05:42Z,02:02:23,02:06:56
カゲロウデイズ,じん,QmQ6fQlPcdY,https://youtu.be/QmQ6fQlPcdY?t=7616,2025-08-14T17:05:42Z,02:06:56,02:11:01
夜咄ディセイブ,じん,QmQ6fQlPcdY,https://youtu.be/QmQ6fQlPcdY?t=7861,2025-08-14T17:05:42Z,02:11:01,02:15:36
東京テディベア,Neru,QmQ6fQlPcdY,https://youtu.be/QmQ6fQlPcdY?t=8136,2025-08-14T17:05:42Z,02:15:36,02:20:55
ピエロ,KEI,QmQ6fQlPcdY,https://youtu.be/QmQ6fQlPcdY?t=8455,2025-08-14T17:05:42Z,02:20:55,02:26:45
モザイクロール,DECO*27,QmQ6fQlPcdY,https://youtu.be/QmQ6fQlPcdY?t=8805,2025-08-14T17:05:42Z,02:26:45,02:30:09
ロミオとシンデレラ,doriko,QmQ6fQlPcdY,https://youtu.be/QmQ6fQlPcdY?t=9009,2025-08-14T17:05:42Z,02:30:09,02:35:06
千本桜,黒うさP,QmQ6fQlPcdY,https://youtu.be/QmQ6fQlPcdY?t=9306,2025-08-14T17:05:42Z,02:35:06,02:40:06
僕から君へ,Galileo Galilei,lrQ7Ai2BE-k,https://youtu.be/lrQ7Ai2BE-k?t=2105,2025-08-15T15:19:18Z,00:35:05,00:40:05
相思相愛,aiko,jwxgbTjzZ5o,https://youtu.be/jwxgbTjzZ5o?t=953,2025-08-15T17:44:53Z,00:15:53,00:29:52
水平線,back number,jwxgbTjzZ5o,https://youtu.be/jwxgbTjzZ5o?t=1792,2025-08-15T17:44:53Z,00:29:52,00:34:50
真夜中遊園地,チャットモンチー,jwxgbTjzZ5o,https://youtu.be/jwxgbTjzZ5o?t=2090,2025-08-15T17:44:53Z,00:34:50,00:43:05
恋,星野源,jwxgbTjzZ5o,https://youtu.be/jwxgbTjzZ5o?t=2585,2025-08-15T17:44:53Z,00:43:05,00:48:32
化物,星野源,jwxgbTjzZ5o,https://youtu.be/jwxgbTjzZ5o?t=2912,2025-08-15T17:44:53Z,00:48:32,00:57:12
打上花火,DAOKO×米津玄師,jwxgbTjzZ5o,https://youtu.be/jwxgbTjzZ5o?t=3432,2025-08-15T17:44:53Z,00:57:12,01:02:40
流星,コブクロ,jwxgbTjzZ5o,https://youtu.be/jwxgbTjzZ5o?t=3760,2025-08-15T17:44:53Z,01:02:40,01:07:40
桜,コブクロ,9DGL-LRRU0c,https://youtu.be/9DGL-LRRU0c?t=837,2025-08-16T19:28:54Z,00:13:57,00:22:35
境界線,amazarashi,9DGL-LRRU0c,https://youtu.be/9DGL-LRRU0c?t=1355,2025-08-16T19:28:54Z,00:22:35,00:29:53
空洞空洞,amazarashi,9DGL-LRRU0c,https://youtu.be/9DGL-LRRU0c?t=1793,2025-08-16T19:28:54Z,00:29:53,00:36:13
夜行,ヨルシカ,9DGL-LRRU0c,https://youtu.be/9DGL-LRRU0c?t=2173,2025-08-16T19:28:54Z,00:36:13,00:41:13
斜陽,ヨルシカ,9DGL-LRRU0c,https://youtu.be/9DGL-LRRU0c?t=2473,2025-08-16T19:28:54Z,00:41:13,00:45:09
藍二乗,ヨルシカ,9DGL-LRRU0c,https://youtu.be/9DGL-LRRU0c?t=2709,2025-08-16T19:28:54Z,00:45:09,00:49:18
思想犯,ヨルシカ,9DGL-LRRU0c,https://youtu.be/9DGL-LRRU0c?t=2958,2025-08-16T19:28:54Z,00:49:18,00:55:15
新時代,Ado,9DGL-LRRU0c,https://youtu.be/9DGL-LRRU0c?t=3315,2025-08-16T19:28:54Z,00:55:15,00:59:05
紅蓮華,LiSA,9DGL-LRRU0c,https://youtu.be/9DGL-LRRU0c?t=3545,2025-08-16T19:28:54Z,00:59:05,01:03:30
新宝島,サカナクション,9DGL-LRRU0c,https://youtu.be/9DGL-LRRU0c?t=3810,2025-08-16T19:28:54Z,01:03:30,01:07:18
怪獣,サカナクション,9DGL-LRRU0c,https://youtu.be/9DGL-LRRU0c?t=4038,2025-08-16T19:28:54Z,01:07:18,01:11:33
天体観測,BUMP OF CHICKEN,9DGL-LRRU0c,https://youtu.be/9DGL-LRRU0c?t=4293,2025-08-16T19:28:54Z,01:11:33,01:18:02
才悩人応援歌,BUMP OF CHICKEN,9DGL-LRRU0c,https://youtu.be/9DGL-LRRU0c?t=4682,2025-08-16T19:28:54Z,01:18:02,01:22:45
酸欠少女,さユり,9DGL-LRRU0c,https://youtu.be/9DGL-LRRU0c?t=4965,2025-08-16T19:28:54Z,01:22:45,01:44:20
正攻法,SUPER BEAVER,9DGL-LRRU0c,https://youtu.be/9DGL-LRRU0c?t=6260,2025-08-16T19:28:54Z,01:44:20,01:48:09
有心論,RADWIMPS,9DGL-LRRU0c,https://youtu.be/9DGL-LRRU0c?t=6489,2025-08-16T19:28:54Z,01:48:09,01:53:41
月虹,BUMP OF CHICKEN,9DGL-LRRU0c,https://youtu.be/9DGL-LRRU0c?t=6821,2025-08-16T19:28:54Z,01:53:41,01:59:08
夏色,ゆず,9DGL-LRRU0c,https://youtu.be/9DGL-LRRU0c?t=7148,2025-08-16T19:28:54Z,01:59:08,02:02:34
水平線,back number,9DGL-LRRU0c,https://youtu.be/9DGL-LRRU0c?t=7354,2025-08-16T19:28:54Z,02:02:34,02:09:59
糸,中島みゆき,9DGL-LRRU0c,https://youtu.be/9DGL-LRRU0c?t=7799,2025-08-16T19:28:54Z,02:09:59,02:13:48
楓,スピッツ,9DGL-LRRU0c,https://youtu.be/9DGL-LRRU0c?t=8028,2025-08-16T19:28:54Z,02:13:48,02:19:56
栞,クリープハイプ,9DGL-LRRU0c,https://youtu.be/9DGL-LRRU0c?t=8396,2025-08-16T19:28:54Z,02:19:56,02:26:29
憂、燦々,クリープハイプ,9DGL-LRRU0c,https://youtu.be/9DGL-LRRU0c?t=8789,2025-08-16T19:28:54Z,02:26:29,02:33:25
春泥棒,ヨルシカ,9DGL-LRRU0c,https://youtu.be/9DGL-LRRU0c?t=9205,2025-08-16T19:28:54Z,02:33:25,02:38:29
火星人,ヨルシカ,9DGL-LRRU0c,https://youtu.be/9DGL-LRRU0c?t=9509,2025-08-16T19:28:54Z,02:38:29,02:43:13
又三郎,ヨルシカ,9DGL-LRRU0c,https://youtu.be/9DGL-LRRU0c?t=9793,2025-08-16T19:28:54Z,02:43:13,02:47:33
爆弾魔,ヨルシカ,9DGL-LRRU0c,https://youtu.be/9DGL-LRRU0c?t=10053,2025-08-16T19:28:54Z,02:47:33,02:56:56
昼鳶,ヨルシカ,9DGL-LRRU0c,https://youtu.be/9DGL-LRRU0c?t=10616,2025-08-16T19:28:54Z,02:56:56,02:59:42
花人局,ヨルシカ,9DGL-LRRU0c,https://youtu.be/9DGL-LRRU0c?t=10782,2025-08-16T19:28:54Z,02:59:42,03:05:21
盗作,ヨルシカ,9DGL-LRRU0c,https://youtu.be/9DGL-LRRU0c?t=11121,2025-08-16T19:28:54Z,03:05:21,03:12:27
新世界,BUMP OF CHICKEN,9DGL-LRRU0c,https://youtu.be/9DGL-LRRU0c?t=11547,2025-08-16T19:28:54Z,03:12:27,03:26:27
星間飛行,ランカ・リー＝中島愛,9DGL-LRRU0c,https://youtu.be/9DGL-LRRU0c?t=12387,2025-08-16T19:28:54Z,03:26:27,03:32:06
晩餐歌,tuki.,9DGL-LRRU0c,https://youtu.be/9DGL-LRRU0c?t=12726,2025-08-16T19:28:54Z,03:32:06,03:41:13
結晶,ミナミイズミ,9DGL-LRRU0c,https://youtu.be/9DGL-LRRU0c?t=13273,2025-08-16T19:28:54Z,03:41:13,03:46:13
天体観測,BUMP OF CHICKEN,rRuWr6X5S9Y,https://youtu.be/rRuWr6X5S9Y?t=167,2025-08-17T12:34:51Z,00:02:47,00:10:53
季節は次々死んでいく,amazarashi,rRuWr6X5S9Y,https://youtu.be/rRuWr6X5S9Y?t=653,2025-08-17T12:34:51Z,00:10:53,00:19:15
めざせポケモンマスター,松本梨香,rRuWr6X5S9Y,https://youtu.be/rRuWr6X5S9Y?t=1155,2025-08-17T12:34:51Z,00:19:15,00:25:07
ブルーバード,いきものがかり,rRuWr6X5S9Y,https://youtu.be/rRuWr6X5S9Y?t=1507,2025-08-17T12:34:51Z,00:25:07,00:29:10
Break through,ミナミイズミ,rRuWr6X5S9Y,https://youtu.be/rRuWr6X5S9Y?t=1750,2025-08-17T12:34:51Z,00:29:10,00:34:10
ブルーバード,いきものがかり,8PsUIPERxoo,https://youtu.be/8PsUIPERxoo?t=626,2025-08-17T15:44:00Z,00:10:26,00:27:15
虹を待つ人,BUMP OF CHICKEN,8PsUIPERxoo,https://youtu.be/8PsUIPERxoo?t=1635,2025-08-17T15:44:00Z,00:27:15,00:41:54
マリーゴールド,あいみょん,8PsUIPERxoo,https://youtu.be/8PsUIPERxoo?t=2514,2025-08-17T15:44:00Z,00:41:54,00:49:42
からくりピエロ,40mP,8PsUIPERxoo,https://youtu.be/8PsUIPERxoo?t=2982,2025-08-17T15:44:00Z,00:49:42,00:58:09
丸の内サディスティック,椎名林檎,8PsUIPERxoo,https://youtu.be/8PsUIPERxoo?t=3489,2025-08-17T15:44:00Z,00:58:09,01:01:24
シルエット,KANA-BOON,8PsUIPERxoo,https://youtu.be/8PsUIPERxoo?t=3684,2025-08-17T15:44:00Z,01:01:24,01:05:26
Calc.,ジミーサムP,8PsUIPERxoo,https://youtu.be/8PsUIPERxoo?t=3926,2025-08-17T15:44:00Z,01:05:26,01:09:09
ロミオとシンデレラ,doriko,8PsUIPERxoo,https://youtu.be/8PsUIPERxoo?t=4149,2025-08-17T15:44:00Z,01:09:09,01:14:00
トレモロ,RADWIMPS,8PsUIPERxoo,https://youtu.be/8PsUIPERxoo?t=4440,2025-08-17T15:44:00Z,01:14:00,01:18:50
残酷な天使のテーゼ,高橋洋子,8PsUIPERxoo,https://youtu.be/8PsUIPERxoo?t=4730,2025-08-17T15:44:00Z,01:18:50,01:28:00
ルカルカ★ナイトフィーバー,samfree,8PsUIPERxoo,https://youtu.be/8PsUIPERxoo?t=5280,2025-08-17T15:44:00Z,01:28:00,01:32:07
車輪の唄,BUMP OF CHICKEN,8PsUIPERxoo,https://youtu.be/8PsUIPERxoo?t=5527,2025-08-17T15:44:00Z,01:32:07,01:37:38
Break through,ミナミイズミ,8PsUIPERxoo,https://youtu.be/8PsUIPERxoo?t=5858,2025-08-17T15:44:00Z,01:37:38,01:42:38
最後の雨,中西保志,G900qZaUqGg,https://youtu.be/G900qZaUqGg?t=746,2025-08-18T18:59:19Z,00:12:26,00:20:52
君になれ,コブクロ,G900qZaUqGg,https://youtu.be/G900qZaUqGg?t=1252,2025-08-18T18:59:19Z,00:20:52,00:28:17
赤い糸,コブクロ,G900qZaUqGg,https://youtu.be/G900qZaUqGg?t=1697,2025-08-18T18:59:19Z,00:28:17,00:37:35
ナモナキヒト,amazarashi,G900qZaUqGg,https://youtu.be/G900qZaUqGg?t=2255,2025-08-18T18:59:19Z,00:37:35,00:43:15
ワンルーム叙事詩,amazarashi,G900qZaUqGg,https://youtu.be/G900qZaUqGg?t=2595,2025-08-18T18:59:19Z,00:43:15,00:51:07
高嶺の花子さん,back number,G900qZaUqGg,https://youtu.be/G900qZaUqGg?t=3067,2025-08-18T18:59:19Z,00:51:07,00:56:16
クリスマスソング,back number,G900qZaUqGg,https://youtu.be/G900qZaUqGg?t=3376,2025-08-18T18:59:19Z,00:56:16,01:05:52
真赤,My Hair is Bad,G900qZaUqGg,https://youtu.be/G900qZaUqGg?t=3952,2025-08-18T18:59:19Z,01:05:52,01:09:16
美しい鰭,スピッツ,G900qZaUqGg,https://youtu.be/G900qZaUqGg?t=4156,2025-08-18T18:59:19Z,01:09:16,01:12:47
ロビンソン,スピッツ,G900qZaUqGg,https://youtu.be/G900qZaUqGg?t=4367,2025-08-18T18:59:19Z,01:12:47,01:18:26
まちがいさがし,菅田将暉,G900qZaUqGg,https://youtu.be/G900qZaUqGg?t=4706,2025-08-18T18:59:19Z,01:18:26,01:22:40
前前前世,RADWIMPS,G900qZaUqGg,https://youtu.be/G900qZaUqGg?t=4960,2025-08-18T18:59:19Z,01:22:40,01:27:19
メランコリーキッチン,米津玄師,G900qZaUqGg,https://youtu.be/G900qZaUqGg?t=5239,2025-08-18T18:59:19Z,01:27:19,01:31:44
ピースサイン,米津玄師,G900qZaUqGg,https://youtu.be/G900qZaUqGg?t=5504,2025-08-18T18:59:19Z,01:31:44,01:36:29
怪獣の花唄,Vaundy,G900qZaUqGg,https://youtu.be/G900qZaUqGg?t=5789,2025-08-18T18:59:19Z,01:36:29,01:41:06
ドライフラワー,優里,G900qZaUqGg,https://youtu.be/G900qZaUqGg?t=6066,2025-08-18T18:59:19Z,01:41:06,01:46:22
怪獣,サカナクション,G900qZaUqGg,https://youtu.be/G900qZaUqGg?t=6382,2025-08-18T18:59:19Z,01:46:22,01:51:02
アイデンティティ,サカナクション,G900qZaUqGg,https://youtu.be/G900qZaUqGg?t=6662,2025-08-18T18:59:19Z,01:51:02,01:56:07
若者のすべて,フジファブリック,G900qZaUqGg,https://youtu.be/G900qZaUqGg?t=6967,2025-08-18T18:59:19Z,01:56:07,02:01:55
Wherever you are,ONE OK ROCK,G900qZaUqGg,https://youtu.be/G900qZaUqGg?t=7315,2025-08-18T18:59:19Z,02:01:55,02:07:36
欲望に満ちた青年団,ONE OK ROCK,G900qZaUqGg,https://youtu.be/G900qZaUqGg?t=7656,2025-08-18T18:59:19Z,02:07:36,02:11:50
天体観測,BUMP OF CHICKEN,G900qZaUqGg,https://youtu.be/G900qZaUqGg?t=7910,2025-08-18T18:59:19Z,02:11:50,02:17:04
ハルジオン,BUMP OF CHICKEN,G900qZaUqGg,https://youtu.be/G900qZaUqGg?t=8224,2025-08-18T18:59:19Z,02:17:04,02:24:34
アカシア,BUMP OF CHICKEN,G900qZaUqGg,https://youtu.be/G900qZaUqGg?t=8674,2025-08-18T18:59:19Z,02:24:34,02:29:08
ラフ・メイカー,BUMP OF CHICKEN,G900qZaUqGg,https://youtu.be/G900qZaUqGg?t=8948,2025-08-18T18:59:19Z,02:29:08,02:32:56
ray,BUMP OF CHICKEN,G900qZaUqGg,https://youtu.be/G900qZaUqGg?t=9176,2025-08-18T18:59:19Z,02:32:56,02:37:55
カルマ,BUMP OF CHICKEN,G900qZaUqGg,https://youtu.be/G900qZaUqGg?t=9475,2025-08-18T18:59:19Z,02:37:55,02:44:58
ギルド,BUMP OF CHICKEN,G900qZaUqGg,https://youtu.be/G900qZaUqGg?t=9898,2025-08-18T18:59:19Z,02:44:58,02:51:07
K,BUMP OF CHICKEN,G900qZaUqGg,https://youtu.be/G900qZaUqGg?t=10267,2025-08-18T18:59:19Z,02:51:07,03:03:25
sailing day,BUMP OF CHICKEN,G900qZaUqGg,https://youtu.be/G900qZaUqGg?t=11005,2025-08-18T18:59:19Z,03:03:25,03:07:08
真っ赤な空を見ただろうか,BUMP OF CHICKEN,G900qZaUqGg,https://youtu.be/G900qZaUqGg?t=11228,2025-08-18T18:59:19Z,03:07:08,03:11:25
ダンデライオン,BUMP OF CHICKEN,G900qZaUqGg,https://youtu.be/G900qZaUqGg?t=11485,2025-08-18T18:59:19Z,03:11:25,03:15:08
fire sign,BUMP OF CHICKEN,G900qZaUqGg,https://youtu.be/G900qZaUqGg?t=11708,2025-08-18T18:59:19Z,03:15:08,03:21:11
ダイヤモンド,BUMP OF CHICKEN,G900qZaUqGg,https://youtu.be/G900qZaUqGg?t=12071,2025-08-18T18:59:19Z,03:21:11,03:33:47
"Hello,world!",BUMP OF CHICKEN,G900qZaUqGg,https://youtu.be/G900qZaUqGg?t=12827,2025-08-18T18:59:19Z,03:33:47,03:38:52
車輪の唄,BUMP OF CHICKEN,G900qZaUqGg,https://youtu.be/G900qZaUqGg?t=13132,2025-08-18T18:59:19Z,03:38:52,03:44:10
才悩人応援歌,BUMP OF CHICKEN,G900qZaUqGg,https://youtu.be/G900qZaUqGg?t=13450,2025-08-18T18:59:19Z,03:44:10,03:49:20
Butterfly,BUMP OF CHICKEN,G900qZaUqGg,https://youtu.be/G900qZaUqGg?t=13760,2025-08-18T18:59:19Z,03:49:20,03:54:20
夏空,Galileo Galilei,N72prMJhR2Q,https://youtu.be/N72prMJhR2Q?t=1140,2025-08-19T18:34:47Z,00:19:00,00:24:40
打上花火,DAOKO×米津玄師,N72prMJhR2Q,https://youtu.be/N72prMJhR2Q?t=1480,2025-08-19T18:34:47Z,00:24:40,00:32:15
ポニーテールとシュシュ,AKB48,N72prMJhR2Q,https://youtu.be/N72prMJhR2Q?t=1935,2025-08-19T18:34:47Z,00:32:15,00:37:06
わたがし,back number,N72prMJhR2Q,https://youtu.be/N72prMJhR2Q?t=2226,2025-08-19T18:34:47Z,00:37:06,00:42:32
夏,さユり,N72prMJhR2Q,https://youtu.be/N72prMJhR2Q?t=2552,2025-08-19T18:34:47Z,00:42:32,00:46:18
波に名前をつけること、僕らの呼吸に終わりがあること。,キタニタツヤ(こんにちは谷田さん),N72prMJhR2Q,https://youtu.be/N72prMJhR2Q?t=2778,2025-08-19T18:34:47Z,00:46:18,00:51:09
靴の花火,ヨルシカ,N72prMJhR2Q,https://youtu.be/N72prMJhR2Q?t=3069,2025-08-19T18:34:47Z,00:51:09,00:57:08
雨とカプチーノ,ヨルシカ,N72prMJhR2Q,https://youtu.be/N72prMJhR2Q?t=3428,2025-08-19T18:34:47Z,00:57:08,01:01:51
雨晴るる,ヨルシカ,N72prMJhR2Q,https://youtu.be/N72prMJhR2Q?t=3711,2025-08-19T18:34:47Z,01:01:51,01:05:48
八月、某、月明かり,ヨルシカ,N72prMJhR2Q,https://youtu.be/N72prMJhR2Q?t=3948,2025-08-19T18:34:47Z,01:05:48,01:20:24
夏祭り,JITTERIN'JINN,N72prMJhR2Q,https://youtu.be/N72prMJhR2Q?t=4824,2025-08-19T18:34:47Z,01:20:24,01:24:50
プラネタリウム,BUMP OF CHICKEN,N72prMJhR2Q,https://youtu.be/N72prMJhR2Q?t=5090,2025-08-19T18:34:47Z,01:24:50,01:29:36
君がくれた夏,家入レオ,N72prMJhR2Q,https://youtu.be/N72prMJhR2Q?t=5376,2025-08-19T18:34:47Z,01:29:36,01:34:16
真夏の果実,サザンオールスターズ,N72prMJhR2Q,https://youtu.be/N72prMJhR2Q?t=5656,2025-08-19T18:34:47Z,01:34:16,01:39:11
secret base〜君がくれたもの〜,ZONE,N72prMJhR2Q,https://youtu.be/N72prMJhR2Q?t=5951,2025-08-19T18:34:47Z,01:39:11,01:44:30
花に亡霊,ヨルシカ,N72prMJhR2Q,https://youtu.be/N72prMJhR2Q?t=6270,2025-08-19T18:34:47Z,01:44:30,01:48:35
KissHug,aiko,N72prMJhR2Q,https://youtu.be/N72prMJhR2Q?t=6515,2025-08-19T18:34:47Z,01:48:35,01:54:08
ただ君に晴れ,ヨルシカ,N72prMJhR2Q,https://youtu.be/N72prMJhR2Q?t=6848,2025-08-19T18:34:47Z,01:54:08,01:57:49
マリーゴールド,あいみょん,N72prMJhR2Q,https://youtu.be/N72prMJhR2Q?t=7069,2025-08-19T18:34:47Z,01:57:49,02:03:13
夏色,ゆず,N72prMJhR2Q,https://youtu.be/N72prMJhR2Q?t=7393,2025-08-19T18:34:47Z,02:03:13,02:07:37
爆弾魔,ヨルシカ,N72prMJhR2Q,https://youtu.be/N72prMJhR2Q?t=7657,2025-08-19T18:34:47Z,02:07:37,02:11:22
思想犯,ヨルシカ,N72prMJhR2Q,https://youtu.be/N72prMJhR2Q?t=7882,2025-08-19T18:34:47Z,02:11:22,02:15:40
レプリカント,ヨルシカ,N72prMJhR2Q,https://youtu.be/N72prMJhR2Q?t=8140,2025-08-19T18:34:47Z,02:15:40,02:19:42
ヒッチコック,ヨルシカ,N72prMJhR2Q,https://youtu.be/N72prMJhR2Q?t=8382,2025-08-19T18:34:47Z,02:19:42,02:25:42
天体観測,BUMP OF CHICKEN,N72prMJhR2Q,https://youtu.be/N72prMJhR2Q?t=8742,2025-08-19T18:34:47Z,02:25:42,02:30:37
話がしたいよ,BUMP OF CHICKEN,N72prMJhR2Q,https://youtu.be/N72prMJhR2Q?t=9037,2025-08-19T18:34:47Z,02:30:37,02:42:59
若者のすべて,フジファブリック,N72prMJhR2Q,https://youtu.be/N72prMJhR2Q?t=9779,2025-08-19T18:34:47Z,02:42:59,02:48:46
夏影テールライト,UNISON SQUARE GARDEN,N72prMJhR2Q,https://youtu.be/N72prMJhR2Q?t=10126,2025-08-19T18:34:47Z,02:48:46,02:53:15
オリオンをなぞる,UNISON SQUARE GARDEN,N72prMJhR2Q,https://youtu.be/N72prMJhR2Q?t=10395,2025-08-19T18:34:47Z,02:53:15,03:00:18
夜行,ヨルシカ,N72prMJhR2Q,https://youtu.be/N72prMJhR2Q?t=10818,2025-08-19T18:34:47Z,03:00:18,03:05:18
ドライフラワー,優里,m2X2bZ-O6U4,https://youtu.be/m2X2bZ-O6U4?t=1103,2025-08-20T16:30:12Z,00:18:23,00:23:37
Lemon,米津玄師,m2X2bZ-O6U4,https://youtu.be/m2X2bZ-O6U4?t=1417,2025-08-20T16:30:12Z,00:23:37,00:28:23
アイネクライネ,米津玄師,m2X2bZ-O6U4,https://youtu.be/m2X2bZ-O6U4?t=1703,2025-08-20T16:30:12Z,00:28:23,00:42:14
桜,コブクロ,m2X2bZ-O6U4,https://youtu.be/m2X2bZ-O6U4?t=2534,2025-08-20T16:30:12Z,00:42:14,00:49:29
夜明けと蛍,n-buna,m2X2bZ-O6U4,https://youtu.be/m2X2bZ-O6U4?t=2969,2025-08-20T16:30:12Z,00:49:29,01:12:49
裸の心,あいみょん,m2X2bZ-O6U4,https://youtu.be/m2X2bZ-O6U4?t=4369,2025-08-20T16:30:12Z,01:12:49,01:18:01
Pretender,Official髭男dism,m2X2bZ-O6U4,https://youtu.be/m2X2bZ-O6U4?t=4681,2025-08-20T16:30:12Z,01:18:01,01:23:38
栄光の架橋,ゆず,m2X2bZ-O6U4,https://youtu.be/m2X2bZ-O6U4?t=5018,2025-08-20T16:30:12Z,01:23:38,01:29:18
水平線,back number,m2X2bZ-O6U4,https://youtu.be/m2X2bZ-O6U4?t=5358,2025-08-20T16:30:12Z,01:29:18,01:35:24
幸せ,back number,m2X2bZ-O6U4,https://youtu.be/m2X2bZ-O6U4?t=5724,2025-08-20T16:30:12Z,01:35:24,01:42:17
僕が死のうと思ったのは,amazarashi,m2X2bZ-O6U4,https://youtu.be/m2X2bZ-O6U4?t=6137,2025-08-20T16:30:12Z,01:42:17,01:48:48
心做し,蝶々P,m2X2bZ-O6U4,https://youtu.be/m2X2bZ-O6U4?t=6528,2025-08-20T16:30:12Z,01:48:48,01:54:05
からくりピエロ,40mP,m2X2bZ-O6U4,https://youtu.be/m2X2bZ-O6U4?t=6845,2025-08-20T16:30:12Z,01:54:05,01:59:05
ウィーアー！,きただにひろし,VpqN8bJ0pfc,https://youtu.be/VpqN8bJ0pfc?t=1158,2025-08-21T17:35:26Z,00:19:18,00:23:26
ココロのちず,BOYSTYLE,VpqN8bJ0pfc,https://youtu.be/VpqN8bJ0pfc?t=1406,2025-08-21T17:35:26Z,00:23:26,00:29:41
ブルーバード,いきものがかり,VpqN8bJ0pfc,https://youtu.be/VpqN8bJ0pfc?t=1781,2025-08-21T17:35:26Z,00:29:41,00:33:16
シルエット,KANA-BOON,VpqN8bJ0pfc,https://youtu.be/VpqN8bJ0pfc?t=1996,2025-08-21T17:35:26Z,00:33:16,00:37:51
Diver,NICO Touches the Walls,VpqN8bJ0pfc,https://youtu.be/VpqN8bJ0pfc?t=2271,2025-08-21T17:35:26Z,00:37:51,00:47:21
HANABI,いきものがかり,VpqN8bJ0pfc,https://youtu.be/VpqN8bJ0pfc?t=2841,2025-08-21T17:35:26Z,00:47:21,00:52:00
chAngE,miwa,VpqN8bJ0pfc,https://youtu.be/VpqN8bJ0pfc?t=3120,2025-08-21T17:35:26Z,00:52:00,00:56:41
曇天,DOES,VpqN8bJ0pfc,https://youtu.be/VpqN8bJ0pfc?t=3401,2025-08-21T17:35:26Z,00:56:41,00:59:50
サムライハート(Some Like It Hot!!),SPYAIR,VpqN8bJ0pfc,https://youtu.be/VpqN8bJ0pfc?t=3590,2025-08-21T17:35:26Z,00:59:50,01:03:31
ピースサイン,米津玄師,VpqN8bJ0pfc,https://youtu.be/VpqN8bJ0pfc?t=3811,2025-08-21T17:35:26Z,01:03:31,01:07:59
航海の唄,さユり,VpqN8bJ0pfc,https://youtu.be/VpqN8bJ0pfc?t=4079,2025-08-21T17:35:26Z,01:07:59,01:14:05
空に歌えば,amazarashi,VpqN8bJ0pfc,https://youtu.be/VpqN8bJ0pfc?t=4445,2025-08-21T17:35:26Z,01:14:05,01:18:46
Shout Baby,緑黄色社会,VpqN8bJ0pfc,https://youtu.be/VpqN8bJ0pfc?t=4726,2025-08-21T17:35:26Z,01:18:46,01:31:22
紅蓮華,LiSA,VpqN8bJ0pfc,https://youtu.be/VpqN8bJ0pfc?t=5482,2025-08-21T17:35:26Z,01:31:22,01:50:36
FIRE GROUND,Official髭男dism,VpqN8bJ0pfc,https://youtu.be/VpqN8bJ0pfc?t=6636,2025-08-21T17:35:26Z,01:50:36,01:54:46
FLY HIGH!!,BURNOUT SYNDROMES,VpqN8bJ0pfc,https://youtu.be/VpqN8bJ0pfc?t=6886,2025-08-21T17:35:26Z,01:54:46,01:59:07
サブリナ,家入レオ,VpqN8bJ0pfc,https://youtu.be/VpqN8bJ0pfc?t=7147,2025-08-21T17:35:26Z,01:59:07,02:06:54
SOUVENIR,BUMP OF CHICKEN,VpqN8bJ0pfc,https://youtu.be/VpqN8bJ0pfc?t=7614,2025-08-21T17:35:26Z,02:06:54,02:11:25
sailing day,BUMP OF CHICKEN,VpqN8bJ0pfc,https://youtu.be/VpqN8bJ0pfc?t=7885,2025-08-21T17:35:26Z,02:11:25,02:16:23
memories,大槻マキ,VpqN8bJ0pfc,https://youtu.be/VpqN8bJ0pfc?t=8183,2025-08-21T17:35:26Z,02:16:23,02:34:33
微笑みの爆弾,馬渡松子,VpqN8bJ0pfc,https://youtu.be/VpqN8bJ0pfc?t=9273,2025-08-21T17:35:26Z,02:34:33,02:38:52
炎,LiSA,VpqN8bJ0pfc,https://youtu.be/VpqN8bJ0pfc?t=9532,2025-08-21T17:35:26Z,02:38:52,02:43:41
季節は次々死んでいく,amazarashi,VpqN8bJ0pfc,https://youtu.be/VpqN8bJ0pfc?t=9821,2025-08-21T17:35:26Z,02:43:41,02:49:40
シュガーソングとビターステップ,UNISON SQUARE GARDEN,VpqN8bJ0pfc,https://youtu.be/VpqN8bJ0pfc?t=10180,2025-08-21T17:35:26Z,02:49:40,02:53:33
"Hello,world!",BUMP OF CHICKEN,VpqN8bJ0pfc,https://youtu.be/VpqN8bJ0pfc?t=10413,2025-08-21T17:35:26Z,02:53:33,02:59:00
新時代,Ado,VpqN8bJ0pfc,https://youtu.be/VpqN8bJ0pfc?t=10740,2025-08-21T17:35:26Z,02:59:00,03:02:44
Believe,Folder5,VpqN8bJ0pfc,https://youtu.be/VpqN8bJ0pfc?t=10964,2025-08-21T17:35:26Z,03:02:44,03:07:44
ぽんぽこたぬき,ミナミイズミ,MHy7xEqjJ5A,https://youtu.be/MHy7xEqjJ5A?t=1984,2025-08-22T15:19:15Z,00:33:04,00:42:48
天体観測,BUMP OF CHICKEN,MHy7xEqjJ5A,https://youtu.be/MHy7xEqjJ5A?t=2568,2025-08-22T15:19:15Z,00:42:48,00:47:48
チェリー,スピッツ,R_wglwyxtA4,https://youtu.be/R_wglwyxtA4?t=900,2025-08-22T17:32:27Z,00:15:00,00:19:24
美しい鰭,スピッツ,R_wglwyxtA4,https://youtu.be/R_wglwyxtA4?t=1164,2025-08-22T17:32:27Z,00:19:24,00:22:50
打上花火,DAOKO×米津玄師,R_wglwyxtA4,https://youtu.be/R_wglwyxtA4?t=1370,2025-08-22T17:32:27Z,00:22:50,00:27:45
花に亡霊,ヨルシカ,R_wglwyxtA4,https://youtu.be/R_wglwyxtA4?t=1665,2025-08-22T17:32:27Z,00:27:45,00:32:07
斜陽,ヨルシカ,R_wglwyxtA4,https://youtu.be/R_wglwyxtA4?t=1927,2025-08-22T17:32:27Z,00:32:07,00:35:55
夜行,ヨルシカ,R_wglwyxtA4,https://youtu.be/R_wglwyxtA4?t=2155,2025-08-22T17:32:27Z,00:35:55,00:39:59
雨とカプチーノ,ヨルシカ,R_wglwyxtA4,https://youtu.be/R_wglwyxtA4?t=2399,2025-08-22T17:32:27Z,00:39:59,00:44:53
君がくれた夏,家入レオ,R_wglwyxtA4,https://youtu.be/R_wglwyxtA4?t=2693,2025-08-22T17:32:27Z,00:44:53,00:49:30
ハナミズキ,一青窈,R_wglwyxtA4,https://youtu.be/R_wglwyxtA4?t=2970,2025-08-22T17:32:27Z,00:49:30,00:54:48
ミカヅキ,さユり,R_wglwyxtA4,https://youtu.be/R_wglwyxtA4?t=3288,2025-08-22T17:32:27Z,00:54:48,01:23:49
Break through,ミナミイズミ,R_wglwyxtA4,https://youtu.be/R_wglwyxtA4?t=5029,2025-08-22T17:32:27Z,01:23:49,01:28:49
サウダージ,ポルノグラフィティ,nVHSMa6lhxM,https://youtu.be/nVHSMa6lhxM?t=875,2025-08-23T09:27:07Z,00:14:35,00:18:40
リライト,ASIAN KUNG-FU GENERATION,nVHSMa6lhxM,https://youtu.be/nVHSMa6lhxM?t=1120,2025-08-23T09:27:07Z,00:18:40,00:28:18
フルカラープログラム,UNISON SQUARE GARDEN,nVHSMa6lhxM,https://youtu.be/nVHSMa6lhxM?t=1698,2025-08-23T09:27:07Z,00:28:18,00:35:38
プラトー,サカナクション,nVHSMa6lhxM,https://youtu.be/nVHSMa6lhxM?t=2138,2025-08-23T09:27:07Z,00:35:38,00:48:28
アイデンティティ,サカナクション,nVHSMa6lhxM,https://youtu.be/nVHSMa6lhxM?t=2908,2025-08-23T09:27:07Z,00:48:28,00:54:19
CORE PRIDE,UVERworld,nVHSMa6lhxM,https://youtu.be/nVHSMa6lhxM?t=3259,2025-08-23T09:27:07Z,00:54:19,01:00:39
スカー,キタニタツヤ,nVHSMa6lhxM,https://youtu.be/nVHSMa6lhxM?t=3639,2025-08-23T09:27:07Z,01:00:39,01:06:11
おしゃかしゃま,RADWIMPS,nVHSMa6lhxM,https://youtu.be/nVHSMa6lhxM?t=3971,2025-08-23T09:27:07Z,01:06:11,01:14:25
スターライト,amazarashi,nVHSMa6lhxM,https://youtu.be/nVHSMa6lhxM?t=4465,2025-08-23T09:27:07Z,01:14:25,01:20:05
春雷,米津玄師,nVHSMa6lhxM,https://youtu.be/nVHSMa6lhxM?t=4805,2025-08-23T09:27:07Z,01:20:05,01:24:59
ray,BUMP OF CHICKEN,nVHSMa6lhxM,https://youtu.be/nVHSMa6lhxM?t=5099,2025-08-23T09:27:07Z,01:24:59,01:31:08
青いベンチ,サスケ,nVHSMa6lhxM,https://youtu.be/nVHSMa6lhxM?t=5468,2025-08-23T09:27:07Z,01:31:08,01:35:09
鱗（うろこ）,秦基博,nVHSMa6lhxM,https://youtu.be/nVHSMa6lhxM?t=5709,2025-08-23T09:27:07Z,01:35:09,01:40:33
白日,King Gnu,nVHSMa6lhxM,https://youtu.be/nVHSMa6lhxM?t=6033,2025-08-23T09:27:07Z,01:40:33,01:45:13
憂、燦々,クリープハイプ,nVHSMa6lhxM,https://youtu.be/nVHSMa6lhxM?t=6313,2025-08-23T09:27:07Z,01:45:13,01:49:26
デッドウェイト,キタニタツヤ,nVHSMa6lhxM,https://youtu.be/nVHSMa6lhxM?t=6566,2025-08-23T09:27:07Z,01:49:26,01:53:06
女々しくて,ゴールデンボンバー,nVHSMa6lhxM,https://youtu.be/nVHSMa6lhxM?t=6786,2025-08-23T09:27:07Z,01:53:06,01:57:23
涙のイエスタデー,GARNET CROW,nVHSMa6lhxM,https://youtu.be/nVHSMa6lhxM?t=7043,2025-08-23T09:27:07Z,01:57:23,02:02:09
微笑みの爆弾,馬渡松子,nVHSMa6lhxM,https://youtu.be/nVHSMa6lhxM?t=7329,2025-08-23T09:27:07Z,02:02:09,02:06:21
if,西野カナ,nVHSMa6lhxM,https://youtu.be/nVHSMa6lhxM?t=7581,2025-08-23T09:27:07Z,02:06:21,02:11:08
少女レイ,みきとP,nVHSMa6lhxM,https://youtu.be/nVHSMa6lhxM?t=7868,2025-08-23T09:27:07Z,02:11:08,02:15:51
Just Be Friends,Dixie Flatline,nVHSMa6lhxM,https://youtu.be/nVHSMa6lhxM?t=8151,2025-08-23T09:27:07Z,02:15:51,02:20:54
サマータイムレコード,じん,nVHSMa6lhxM,https://youtu.be/nVHSMa6lhxM?t=8454,2025-08-23T09:27:07Z,02:20:54,02:25:20
裏表ラバーズ,wowaka,nVHSMa6lhxM,https://youtu.be/nVHSMa6lhxM?t=8720,2025-08-23T09:27:07Z,02:25:20,02:28:48
daze,じん,nVHSMa6lhxM,https://youtu.be/nVHSMa6lhxM?t=8928,2025-08-23T09:27:07Z,02:28:48,02:32:42
エンヴィキャットウォーク,トーマ,nVHSMa6lhxM,https://youtu.be/nVHSMa6lhxM?t=9162,2025-08-23T09:27:07Z,02:32:42,02:36:29
マトリョシカ,ハチ,nVHSMa6lhxM,https://youtu.be/nVHSMa6lhxM?t=9389,2025-08-23T09:27:07Z,02:36:29,02:39:57
ストリーミングハート,DECO*27,nVHSMa6lhxM,https://youtu.be/nVHSMa6lhxM?t=9597,2025-08-23T09:27:07Z,02:39:57,02:43:14
夜に駆ける,YOASOBI,nVHSMa6lhxM,https://youtu.be/nVHSMa6lhxM?t=9794,2025-08-23T09:27:07Z,02:43:14,02:48:08
アイドル,YOASOBI,nVHSMa6lhxM,https://youtu.be/nVHSMa6lhxM?t=10088,2025-08-23T09:27:07Z,02:48:08,02:56:06
ムーンライト伝説,DALI,nVHSMa6lhxM,https://youtu.be/nVHSMa6lhxM?t=10566,2025-08-23T09:27:07Z,02:56:06,02:59:11
DANZEN!ふたりはプリキュア ver.MaxHeart,五條真由美,nVHSMa6lhxM,https://youtu.be/nVHSMa6lhxM?t=10751,2025-08-23T09:27:07Z,02:59:11,03:03:17
晴る,ヨルシカ,nVHSMa6lhxM,https://youtu.be/nVHSMa6lhxM?t=10997,2025-08-23T09:27:07Z,03:03:17,03:07:55
負け犬にアンコールはいらない,ヨルシカ,nVHSMa6lhxM,https://youtu.be/nVHSMa6lhxM?t=11275,2025-08-23T09:27:07Z,03:07:55,03:11:52
昼鳶,ヨルシカ,nVHSMa6lhxM,https://youtu.be/nVHSMa6lhxM?t=11512,2025-08-23T09:27:07Z,03:11:52,03:17:54
カタオモイ,Aimer,nVHSMa6lhxM,https://youtu.be/nVHSMa6lhxM?t=11874,2025-08-23T09:27:07Z,03:17:54,03:22:29
この夜を止めてよ,JUJU,nVHSMa6lhxM,https://youtu.be/nVHSMa6lhxM?t=12149,2025-08-23T09:27:07Z,03:22:29,03:29:04
残ってる,吉澤嘉代子,nVHSMa6lhxM,https://youtu.be/nVHSMa6lhxM?t=12544,2025-08-23T09:27:07Z,03:29:04,03:35:32
雪の華,中島美嘉,nVHSMa6lhxM,https://youtu.be/nVHSMa6lhxM?t=12932,2025-08-23T09:27:07Z,03:35:32,03:45:16
366日,HY,nVHSMa6lhxM,https://youtu.be/nVHSMa6lhxM?t=13516,2025-08-23T09:27:07Z,03:45:16,03:52:46
inside you,milet,nVHSMa6lhxM,https://youtu.be/nVHSMa6lhxM?t=13966,2025-08-23T09:27:07Z,03:52:46,04:02:09
コイスルオトメ,いきものがかり,nVHSMa6lhxM,https://youtu.be/nVHSMa6lhxM?t=14529,2025-08-23T09:27:07Z,04:02:09,04:08:41
恋愛スピリッツ,チャットモンチー,nVHSMa6lhxM,https://youtu.be/nVHSMa6lhxM?t=14921,2025-08-23T09:27:07Z,04:08:41,04:13:31
真夜中遊園地,チャットモンチー,nVHSMa6lhxM,https://youtu.be/nVHSMa6lhxM?t=15211,2025-08-23T09:27:07Z,04:13:31,04:18:06
勘冴えて悔しいわ,ずっと真夜中でいいのに。,nVHSMa6lhxM,https://youtu.be/nVHSMa6lhxM?t=15486,2025-08-23T09:27:07Z,04:18:06,04:24:02
ふわふわ時間,放課後ティータイム,nVHSMa6lhxM,https://youtu.be/nVHSMa6lhxM?t=15842,2025-08-23T09:27:07Z,04:24:02,04:29:53
ANIMA,ReoNa,nVHSMa6lhxM,https://youtu.be/nVHSMa6lhxM?t=16193,2025-08-23T09:27:07Z,04:29:53,04:36:20
ノーザンクロス,シェリル・ノーム starring May'n,nVHSMa6lhxM,https://youtu.be/nVHSMa6lhxM?t=16580,2025-08-23T09:27:07Z,04:36:20,04:43:26
ライオン,"シェリル・ノーム starring May'n,ランカ・リー=中島愛",nVHSMa6lhxM,https://youtu.be/nVHSMa6lhxM?t=17006,2025-08-23T09:27:07Z,04:43:26,04:49:06
Synchrogazer,水樹奈々,nVHSMa6lhxM,https://youtu.be/nVHSMa6lhxM?t=17346,2025-08-23T09:27:07Z,04:49:06,04:54:06
前前前世,RADWIMPS,2DyAXgJtpJM,https://youtu.be/2DyAXgJtpJM?t=1368,2025-08-24T16:56:21Z,00:22:48,00:27:32
DADA,RADWIMPS,2DyAXgJtpJM,https://youtu.be/2DyAXgJtpJM?t=1652,2025-08-24T16:56:21Z,00:27:32,00:31:34
光,RADWIMPS,2DyAXgJtpJM,https://youtu.be/2DyAXgJtpJM?t=1894,2025-08-24T16:56:21Z,00:31:34,00:45:01
五月の蝿,RADWIMPS,2DyAXgJtpJM,https://youtu.be/2DyAXgJtpJM?t=2701,2025-08-24T16:56:21Z,00:45:01,00:52:30
おしゃかしゃま,RADWIMPS,2DyAXgJtpJM,https://youtu.be/2DyAXgJtpJM?t=3150,2025-08-24T16:56:21Z,00:52:30,00:55:51
君と羊と青,RADWIMPS,2DyAXgJtpJM,https://youtu.be/2DyAXgJtpJM?t=3351,2025-08-24T16:56:21Z,00:55:51,00:59:05
会心の一撃,RADWIMPS,2DyAXgJtpJM,https://youtu.be/2DyAXgJtpJM?t=3545,2025-08-24T16:56:21Z,00:59:05,01:03:25
魔法鏡,RADWIMPS,2DyAXgJtpJM,https://youtu.be/2DyAXgJtpJM?t=3805,2025-08-24T16:56:21Z,01:03:25,01:15:26
最大公約数,RADWIMPS,2DyAXgJtpJM,https://youtu.be/2DyAXgJtpJM?t=4526,2025-08-24T16:56:21Z,01:15:26,01:19:43
セプテンバーさん,RADWIMPS,2DyAXgJtpJM,https://youtu.be/2DyAXgJtpJM?t=4783,2025-08-24T16:56:21Z,01:19:43,01:24:32
me me she,RADWIMPS,2DyAXgJtpJM,https://youtu.be/2DyAXgJtpJM?t=5072,2025-08-24T16:56:21Z,01:24:32,01:29:36
有心論,RADWIMPS,2DyAXgJtpJM,https://youtu.be/2DyAXgJtpJM?t=5376,2025-08-24T16:56:21Z,01:29:36,01:34:10
トレモロ,RADWIMPS,2DyAXgJtpJM,https://youtu.be/2DyAXgJtpJM?t=5650,2025-08-24T16:56:21Z,01:34:10,01:39:10
サウダージ,ポルノグラフィティ,I2xsJo-A68o,https://youtu.be/I2xsJo-A68o?t=253,2025-08-25T17:21:02Z,00:04:13,00:13:03
アカシア,BUMP OF CHICKEN,I2xsJo-A68o,https://youtu.be/I2xsJo-A68o?t=783,2025-08-25T17:21:02Z,00:13:03,00:18:55
sailing day,BUMP OF CHICKEN,I2xsJo-A68o,https://youtu.be/I2xsJo-A68o?t=1135,2025-08-25T17:21:02Z,00:18:55,00:22:53
オンリー ロンリー グローリー,BUMP OF CHICKEN,I2xsJo-A68o,https://youtu.be/I2xsJo-A68o?t=1373,2025-08-25T17:21:02Z,00:22:53,00:27:44
藍二乗,ヨルシカ,I2xsJo-A68o,https://youtu.be/I2xsJo-A68o?t=1664,2025-08-25T17:21:02Z,00:27:44,00:31:59
気まぐれロマンティック,いきものがかり,I2xsJo-A68o,https://youtu.be/I2xsJo-A68o?t=1919,2025-08-25T17:21:02Z,00:31:59,00:36:04
SUN,星野源,I2xsJo-A68o,https://youtu.be/I2xsJo-A68o?t=2164,2025-08-25T17:21:02Z,00:36:04,00:40:16
トレモロ,RADWIMPS,I2xsJo-A68o,https://youtu.be/I2xsJo-A68o?t=2416,2025-08-25T17:21:02Z,00:40:16,00:43:42
天体観測,BUMP OF CHICKEN,I2xsJo-A68o,https://youtu.be/I2xsJo-A68o?t=2622,2025-08-25T17:21:02Z,00:43:42,00:48:03
ray,BUMP OF CHICKEN,I2xsJo-A68o,https://youtu.be/I2xsJo-A68o?t=2883,2025-08-25T17:21:02Z,00:48:03,00:53:06
季節は次々死んでいく,amazarashi,I2xsJo-A68o,https://youtu.be/I2xsJo-A68o?t=3186,2025-08-25T17:21:02Z,00:53:06,00:59:38
空に歌えば,amazarashi,I2xsJo-A68o,https://youtu.be/I2xsJo-A68o?t=3578,2025-08-25T17:21:02Z,00:59:38,01:03:23
CORE PRIDE,UVERworld,I2xsJo-A68o,https://youtu.be/I2xsJo-A68o?t=3803,2025-08-25T17:21:02Z,01:03:23,01:07:41
シュガーソングとビターステップ,UNISON SQUARE GARDEN,I2xsJo-A68o,https://youtu.be/I2xsJo-A68o?t=4061,2025-08-25T17:21:02Z,01:07:41,01:11:58
オリオンをなぞる,UNISON SQUARE GARDEN,I2xsJo-A68o,https://youtu.be/I2xsJo-A68o?t=4318,2025-08-25T17:21:02Z,01:11:58,01:16:31
怪獣の花唄,Vaundy,I2xsJo-A68o,https://youtu.be/I2xsJo-A68o?t=4591,2025-08-25T17:21:02Z,01:16:31,01:23:12
残酷な天使のテーゼ,高橋洋子,I2xsJo-A68o,https://youtu.be/I2xsJo-A68o?t=4992,2025-08-25T17:21:02Z,01:23:12,01:27:33
めざせポケモンマスター,松本梨香,I2xsJo-A68o,https://youtu.be/I2xsJo-A68o?t=5253,2025-08-25T17:21:02Z,01:27:33,01:31:58
アイデンティティ,サカナクション,I2xsJo-A68o,https://youtu.be/I2xsJo-A68o?t=5518,2025-08-25T17:21:02Z,01:31:58,01:36:08
新宝島,サカナクション,I2xsJo-A68o,https://youtu.be/I2xsJo-A68o?t=5768,2025-08-25T17:21:02Z,01:36:08,01:41:12
リライト,ASIAN KUNG-FU GENERATION,I2xsJo-A68o,https://youtu.be/I2xsJo-A68o?t=6072,2025-08-25T17:21:02Z,01:41:12,01:45:07
ムーンライト伝説,DALI,I2xsJo-A68o,https://youtu.be/I2xsJo-A68o?t=6307,2025-08-25T17:21:02Z,01:45:07,01:48:07
紅蓮華,LiSA,I2xsJo-A68o,https://youtu.be/I2xsJo-A68o?t=6487,2025-08-25T17:21:02Z,01:48:07,01:52:11
晴る,ヨルシカ,I2xsJo-A68o,https://youtu.be/I2xsJo-A68o?t=6731,2025-08-25T17:21:02Z,01:52:11,01:56:53
ただ君に晴れ,ヨルシカ,I2xsJo-A68o,https://youtu.be/I2xsJo-A68o?t=7013,2025-08-25T17:21:02Z,01:56:53,02:01:53
みなと,スピッツ,AYLX2hjug78,https://youtu.be/AYLX2hjug78?t=1349,2025-08-26T16:18:58Z,00:22:29,00:27:29
Calc.,ジミーサムP,GTJ3xesvOKs,https://youtu.be/GTJ3xesvOKs?t=1193,2025-08-31T16:24:02Z,00:19:53,00:32:58
小夜子,みきとP,GTJ3xesvOKs,https://youtu.be/GTJ3xesvOKs?t=1978,2025-08-31T16:24:02Z,00:32:58,00:38:56
からくりピエロ,40mP,GTJ3xesvOKs,https://youtu.be/GTJ3xesvOKs?t=2336,2025-08-31T16:24:02Z,00:38:56,01:00:32
ロミオとシンデレラ,doriko,GTJ3xesvOKs,https://youtu.be/GTJ3xesvOKs?t=3632,2025-08-31T16:24:02Z,01:00:32,01:11:40
ドーナツホール,ハチ,GTJ3xesvOKs,https://youtu.be/GTJ3xesvOKs?t=4300,2025-08-31T16:24:02Z,01:11:40,01:15:12
ray,BUMP OF CHICKEN,GTJ3xesvOKs,https://youtu.be/GTJ3xesvOKs?t=4512,2025-08-31T16:24:02Z,01:15:12,01:19:53
千本桜,黒うさP,GTJ3xesvOKs,https://youtu.be/GTJ3xesvOKs?t=4793,2025-08-31T16:24:02Z,01:19:53,01:24:53
八月、某、月明かり,ヨルシカ,qIM8iww9zQQ,https://youtu.be/qIM8iww9zQQ?t=1240,2025-09-01T16:43:25Z,00:20:40,00:25:49
夕凪、某、花惑い,ヨルシカ,qIM8iww9zQQ,https://youtu.be/qIM8iww9zQQ?t=1549,2025-09-01T16:43:25Z,00:25:49,00:29:48
詩書きとコーヒー,ヨルシカ,qIM8iww9zQQ,https://youtu.be/qIM8iww9zQQ?t=1788,2025-09-01T16:43:25Z,00:29:48,00:34:43
春ひさぎ,ヨルシカ,qIM8iww9zQQ,https://youtu.be/qIM8iww9zQQ?t=2083,2025-09-01T16:43:25Z,00:34:43,00:38:37
言って。,ヨルシカ,qIM8iww9zQQ,https://youtu.be/qIM8iww9zQQ?t=2317,2025-09-01T16:43:25Z,00:38:37,00:42:40
ヒッチコック,ヨルシカ,qIM8iww9zQQ,https://youtu.be/qIM8iww9zQQ?t=2560,2025-09-01T16:43:25Z,00:42:40,00:49:06
夜行,ヨルシカ,qIM8iww9zQQ,https://youtu.be/qIM8iww9zQQ?t=2946,2025-09-01T16:43:25Z,00:49:06,00:52:55
五月は花緑青の窓辺から,ヨルシカ,qIM8iww9zQQ,https://youtu.be/qIM8iww9zQQ?t=3175,2025-09-01T16:43:25Z,00:52:55,00:56:15
夜紛い,ヨルシカ,qIM8iww9zQQ,https://youtu.be/qIM8iww9zQQ?t=3375,2025-09-01T16:43:25Z,00:56:15,01:00:42
春泥棒,ヨルシカ,qIM8iww9zQQ,https://youtu.be/qIM8iww9zQQ?t=3642,2025-09-01T16:43:25Z,01:00:42,01:06:08
雨とカプチーノ,ヨルシカ,qIM8iww9zQQ,https://youtu.be/qIM8iww9zQQ?t=3968,2025-09-01T16:43:25Z,01:06:08,01:10:35
雨晴るる,ヨルシカ,qIM8iww9zQQ,https://youtu.be/qIM8iww9zQQ?t=4235,2025-09-01T16:43:25Z,01:10:35,01:15:23
ブレーメン,ヨルシカ,qIM8iww9zQQ,https://youtu.be/qIM8iww9zQQ?t=4523,2025-09-01T16:43:25Z,01:15:23,01:20:28
斜陽,ヨルシカ,qIM8iww9zQQ,https://youtu.be/qIM8iww9zQQ?t=4828,2025-09-01T16:43:25Z,01:20:28,01:24:15
花人局,ヨルシカ,qIM8iww9zQQ,https://youtu.be/qIM8iww9zQQ?t=5055,2025-09-01T16:43:25Z,01:24:15,01:29:48
チノカテ,ヨルシカ,qIM8iww9zQQ,https://youtu.be/qIM8iww9zQQ?t=5388,2025-09-01T16:43:25Z,01:29:48,01:36:08
忘れてください,ヨルシカ,qIM8iww9zQQ,https://youtu.be/qIM8iww9zQQ?t=5768,2025-09-01T16:43:25Z,01:36:08,01:39:38
ノーチラス,ヨルシカ,qIM8iww9zQQ,https://youtu.be/qIM8iww9zQQ?t=5978,2025-09-01T16:43:25Z,01:39:38,01:46:06
花に亡霊,ヨルシカ,qIM8iww9zQQ,https://youtu.be/qIM8iww9zQQ?t=6366,2025-09-01T16:43:25Z,01:46:06,01:50:32
靴の花火,ヨルシカ,qIM8iww9zQQ,https://youtu.be/qIM8iww9zQQ?t=6632,2025-09-01T16:43:25Z,01:50:32,01:57:15
レプリカント,ヨルシカ,qIM8iww9zQQ,https://youtu.be/qIM8iww9zQQ?t=7035,2025-09-01T16:43:25Z,01:57:15,02:01:17
爆弾魔,ヨルシカ,qIM8iww9zQQ,https://youtu.be/qIM8iww9zQQ?t=7277,2025-09-01T16:43:25Z,02:01:17,02:05:03
心に穴が空いた,ヨルシカ,qIM8iww9zQQ,https://youtu.be/qIM8iww9zQQ?t=7503,2025-09-01T16:43:25Z,02:05:03,02:09:44
思想犯,ヨルシカ,qIM8iww9zQQ,https://youtu.be/qIM8iww9zQQ?t=7784,2025-09-01T16:43:25Z,02:09:44,02:14:09
だから僕は音楽を辞めた,ヨルシカ,qIM8iww9zQQ,https://youtu.be/qIM8iww9zQQ?t=8049,2025-09-01T16:43:25Z,02:14:09,02:18:25
又三郎,ヨルシカ,qIM8iww9zQQ,https://youtu.be/qIM8iww9zQQ?t=8305,2025-09-01T16:43:25Z,02:18:25,02:22:36
ただ君に晴れ,ヨルシカ,qIM8iww9zQQ,https://youtu.be/qIM8iww9zQQ?t=8556,2025-09-01T16:43:25Z,02:22:36,02:31:55
盗作,ヨルシカ,qIM8iww9zQQ,https://youtu.be/qIM8iww9zQQ?t=9115,2025-09-01T16:43:25Z,02:31:55,02:35:59
火星人,ヨルシカ,qIM8iww9zQQ,https://youtu.be/qIM8iww9zQQ?t=9359,2025-09-01T16:43:25Z,02:35:59,02:40:18
晴る,ヨルシカ,qIM8iww9zQQ,https://youtu.be/qIM8iww9zQQ?t=9618,2025-09-01T16:43:25Z,02:40:18,02:45:18
藍二乗,ヨルシカ,19ShypARiKc,https://youtu.be/19ShypARiKc?t=1038,2025-09-02T19:45:41Z,00:17:18,00:30:58
おかえり,絢香,19ShypARiKc,https://youtu.be/19ShypARiKc?t=1858,2025-09-02T19:45:41Z,00:30:58,00:38:30
結晶,ミナミイズミ,19ShypARiKc,https://youtu.be/19ShypARiKc?t=2310,2025-09-02T19:45:41Z,00:38:30,00:58:19
サブリナ,家入レオ,19ShypARiKc,https://youtu.be/19ShypARiKc?t=3499,2025-09-02T19:45:41Z,00:58:19,01:02:08
紅蓮華,LiSA,19ShypARiKc,https://youtu.be/19ShypARiKc?t=3728,2025-09-02T19:45:41Z,01:02:08,01:10:45
プロミスザスター,BiSH,19ShypARiKc,https://youtu.be/19ShypARiKc?t=4245,2025-09-02T19:45:41Z,01:10:45,01:15:34
アボカド,yonige,19ShypARiKc,https://youtu.be/19ShypARiKc?t=4534,2025-09-02T19:45:41Z,01:15:34,01:19:28
さよならアイデンティティー,yonige,19ShypARiKc,https://youtu.be/19ShypARiKc?t=4768,2025-09-02T19:45:41Z,01:19:28,01:29:01
コイスルオトメ,いきものがかり,19ShypARiKc,https://youtu.be/19ShypARiKc?t=5341,2025-09-02T19:45:41Z,01:29:01,01:34:26
気まぐれロマンティック,いきものがかり,19ShypARiKc,https://youtu.be/19ShypARiKc?t=5666,2025-09-02T19:45:41Z,01:34:26,01:38:42
ブルーバード,いきものがかり,19ShypARiKc,https://youtu.be/19ShypARiKc?t=5922,2025-09-02T19:45:41Z,01:38:42,01:42:37
ミカヅキ,さユり,19ShypARiKc,https://youtu.be/19ShypARiKc?t=6157,2025-09-02T19:45:41Z,01:42:37,01:47:34
平行線,さユり,19ShypARiKc,https://youtu.be/19ShypARiKc?t=6454,2025-09-02T19:45:41Z,01:47:34,01:54:51
美しい棘,GLIM SPANKY,19ShypARiKc,https://youtu.be/19ShypARiKc?t=6891,2025-09-02T19:45:41Z,01:54:51,02:02:29
丸の内サディスティック,椎名林檎,19ShypARiKc,https://youtu.be/19ShypARiKc?t=7349,2025-09-02T19:45:41Z,02:02:29,02:06:29
ココロジェリーフィッシュ,ヒグチアイ,19ShypARiKc,https://youtu.be/19ShypARiKc?t=7589,2025-09-02T19:45:41Z,02:06:29,02:11:07
ハナミズキ,一青窈,19ShypARiKc,https://youtu.be/19ShypARiKc?t=7867,2025-09-02T19:45:41Z,02:11:07,02:16:53
晩餐歌,tuki.,19ShypARiKc,https://youtu.be/19ShypARiKc?t=8213,2025-09-02T19:45:41Z,02:16:53,02:21:21
Shout Baby,緑黄色社会,19ShypARiKc,https://youtu.be/19ShypARiKc?t=8481,2025-09-02T19:45:41Z,02:21:21,02:26:34
KissHug,aiko,19ShypARiKc,https://youtu.be/19ShypARiKc?t=8794,2025-09-02T19:45:41Z,02:26:34,02:34:29
涙のイエスタデー,GARNET CROW,19ShypARiKc,https://youtu.be/19ShypARiKc?t=9269,2025-09-02T19:45:41Z,02:34:29,02:39:30
赤いスイートピー,松田聖子,19ShypARiKc,https://youtu.be/19ShypARiKc?t=9570,2025-09-02T19:45:41Z,02:39:30,02:43:45
マリーゴールド,あいみょん,19ShypARiKc,https://youtu.be/19ShypARiKc?t=9825,2025-09-02T19:45:41Z,02:43:45,02:50:41
今夜このまま,あいみょん,19ShypARiKc,https://youtu.be/19ShypARiKc?t=10241,2025-09-02T19:45:41Z,02:50:41,02:55:10
愛を伝えたいだとか,あいみょん,19ShypARiKc,https://youtu.be/19ShypARiKc?t=10510,2025-09-02T19:45:41Z,02:55:10,03:08:55
君はロックを聴かない,あいみょん,19ShypARiKc,https://youtu.be/19ShypARiKc?t=11335,2025-09-02T19:45:41Z,03:08:55,03:13:18
don't cry anymore,miwa,19ShypARiKc,https://youtu.be/19ShypARiKc?t=11598,2025-09-02T19:45:41Z,03:13:18,03:27:38
again,YUI,19ShypARiKc,https://youtu.be/19ShypARiKc?t=12458,2025-09-02T19:45:41Z,03:27:38,03:32:01
CHE.R.RY,YUI,19ShypARiKc,https://youtu.be/19ShypARiKc?t=12721,2025-09-02T19:45:41Z,03:32:01,03:37:01
天体観測,BUMP OF CHICKEN,j2U9G8f5BSg,https://youtu.be/j2U9G8f5BSg?t=1493,2025-09-03T20:19:27Z,00:24:53,00:33:06
陽炎,フジファブリック,j2U9G8f5BSg,https://youtu.be/j2U9G8f5BSg?t=1986,2025-09-03T20:19:27Z,00:33:06,00:37:29
虹,Aqua Timez,j2U9G8f5BSg,https://youtu.be/j2U9G8f5BSg?t=2249,2025-09-03T20:19:27Z,00:37:29,00:43:09
夏空,Galileo Galilei,j2U9G8f5BSg,https://youtu.be/j2U9G8f5BSg?t=2589,2025-09-03T20:19:27Z,00:43:09,00:50:25
セプテンバーさん,RADWIMPS,j2U9G8f5BSg,https://youtu.be/j2U9G8f5BSg?t=3025,2025-09-03T20:19:27Z,00:50:25,00:59:17
innocence,LAMP IN TERREN,j2U9G8f5BSg,https://youtu.be/j2U9G8f5BSg?t=3557,2025-09-03T20:19:27Z,00:59:17,01:04:12
Water Lily,LAMP IN TERREN,j2U9G8f5BSg,https://youtu.be/j2U9G8f5BSg?t=3852,2025-09-03T20:19:27Z,01:04:12,01:09:40
BABY STEP,LAMP IN TERREN,j2U9G8f5BSg,https://youtu.be/j2U9G8f5BSg?t=4180,2025-09-03T20:19:27Z,01:09:40,01:19:36
トレモロ,RADWIMPS,j2U9G8f5BSg,https://youtu.be/j2U9G8f5BSg?t=4776,2025-09-03T20:19:27Z,01:19:36,01:25:26
別の人の彼女になったよ,wacci,j2U9G8f5BSg,https://youtu.be/j2U9G8f5BSg?t=5126,2025-09-03T20:19:27Z,01:25:26,01:38:37
アイネクライネ,米津玄師,j2U9G8f5BSg,https://youtu.be/j2U9G8f5BSg?t=5917,2025-09-03T20:19:27Z,01:38:37,01:45:11
ドーナツホール,ハチ,j2U9G8f5BSg,https://youtu.be/j2U9G8f5BSg?t=6311,2025-09-03T20:19:27Z,01:45:11,01:49:52
ドライフラワー,優里,j2U9G8f5BSg,https://youtu.be/j2U9G8f5BSg?t=6592,2025-09-03T20:19:27Z,01:49:52,01:55:50
桜,コブクロ,j2U9G8f5BSg,https://youtu.be/j2U9G8f5BSg?t=6950,2025-09-03T20:19:27Z,01:55:50,02:03:49
ナモナキヒト,amazarashi,j2U9G8f5BSg,https://youtu.be/j2U9G8f5BSg?t=7429,2025-09-03T20:19:27Z,02:03:49,02:14:12
光と影,ハナレグミ,j2U9G8f5BSg,https://youtu.be/j2U9G8f5BSg?t=8052,2025-09-03T20:19:27Z,02:14:12,02:22:17
瞳に映らない,indigo la End,j2U9G8f5BSg,https://youtu.be/j2U9G8f5BSg?t=8537,2025-09-03T20:19:27Z,02:22:17,02:31:33
猟奇的なキスを私にして,ゲスの極み乙女。,j2U9G8f5BSg,https://youtu.be/j2U9G8f5BSg?t=9093,2025-09-03T20:19:27Z,02:31:33,02:38:43
新宝島,サカナクション,j2U9G8f5BSg,https://youtu.be/j2U9G8f5BSg?t=9523,2025-09-03T20:19:27Z,02:38:43,02:42:51
ピースサイン,米津玄師,j2U9G8f5BSg,https://youtu.be/j2U9G8f5BSg?t=9771,2025-09-03T20:19:27Z,02:42:51,02:47:22
怪獣の花唄,Vaundy,j2U9G8f5BSg,https://youtu.be/j2U9G8f5BSg?t=10042,2025-09-03T20:19:27Z,02:47:22,02:51:05
ray,BUMP OF CHICKEN,j2U9G8f5BSg,https://youtu.be/j2U9G8f5BSg?t=10265,2025-09-03T20:19:27Z,02:51:05,02:56:05
季節は次々死んでいく,amazarashi,qJhT5ujQRdU,https://youtu.be/qJhT5ujQRdU?t=1495,2025-09-04T17:32:51Z,00:24:55,00:35:25
サムライハート(Some Like It Hot!!),SPYAIR,qJhT5ujQRdU,https://youtu.be/qJhT5ujQRdU?t=2125,2025-09-04T17:32:51Z,00:35:25,00:41:39
粉雪,レミオロメン,qJhT5ujQRdU,https://youtu.be/qJhT5ujQRdU?t=2499,2025-09-04T17:32:51Z,00:41:39,00:52:30
ハナミズキ,一青窈,qJhT5ujQRdU,https://youtu.be/qJhT5ujQRdU?t=3150,2025-09-04T17:32:51Z,00:52:30,00:59:59
愛を伝えたいだとか,あいみょん,qJhT5ujQRdU,https://youtu.be/qJhT5ujQRdU?t=3599,2025-09-04T17:32:51Z,00:59:59,01:03:52
チェリー,スピッツ,qJhT5ujQRdU,https://youtu.be/qJhT5ujQRdU?t=3832,2025-09-04T17:32:51Z,01:03:52,01:12:24
車輪の唄,BUMP OF CHICKEN,qJhT5ujQRdU,https://youtu.be/qJhT5ujQRdU?t=4344,2025-09-04T17:32:51Z,01:12:24,01:16:46
アルエ,BUMP OF CHICKEN,qJhT5ujQRdU,https://youtu.be/qJhT5ujQRdU?t=4606,2025-09-04T17:32:51Z,01:16:46,01:25:12
めざせポケモンマスター,松本梨香,qJhT5ujQRdU,https://youtu.be/qJhT5ujQRdU?t=5112,2025-09-04T17:32:51Z,01:25:12,01:29:19
オリオンをなぞる,UNISON SQUARE GARDEN,qJhT5ujQRdU,https://youtu.be/qJhT5ujQRdU?t=5359,2025-09-04T17:32:51Z,01:29:19,01:33:43
シュガーソングとビターステップ,UNISON SQUARE GARDEN,qJhT5ujQRdU,https://youtu.be/qJhT5ujQRdU?t=5623,2025-09-04T17:32:51Z,01:33:43,01:46:34
プロミスザスター,BiSH,qJhT5ujQRdU,https://youtu.be/qJhT5ujQRdU?t=6394,2025-09-04T17:32:51Z,01:46:34,01:51:00
航海の唄,さユり,qJhT5ujQRdU,https://youtu.be/qJhT5ujQRdU?t=6660,2025-09-04T17:32:51Z,01:51:00,02:02:58
だから僕は音楽を辞めた,ヨルシカ,qJhT5ujQRdU,https://youtu.be/qJhT5ujQRdU?t=7378,2025-09-04T17:32:51Z,02:02:58,02:07:08
ただ君に晴れ,ヨルシカ,qJhT5ujQRdU,https://youtu.be/qJhT5ujQRdU?t=7628,2025-09-04T17:32:51Z,02:07:08,02:10:38
God knows...,涼宮ハルヒ(平野綾),qJhT5ujQRdU,https://youtu.be/qJhT5ujQRdU?t=7838,2025-09-04T17:32:51Z,02:10:38,02:15:17
only my railgun,fripSide,qJhT5ujQRdU,https://youtu.be/qJhT5ujQRdU?t=8117,2025-09-04T17:32:51Z,02:15:17,02:19:40
ブルーバード,いきものがかり,qJhT5ujQRdU,https://youtu.be/qJhT5ujQRdU?t=8380,2025-09-04T17:32:51Z,02:19:40,02:23:17
カルマ,BUMP OF CHICKEN,qJhT5ujQRdU,https://youtu.be/qJhT5ujQRdU?t=8597,2025-09-04T17:32:51Z,02:23:17,02:27:14
天体観測,BUMP OF CHICKEN,qJhT5ujQRdU,https://youtu.be/qJhT5ujQRdU?t=8834,2025-09-04T17:32:51Z,02:27:14,02:32:14
君の知らない物語,supercell,ar_RvxAt9cs,https://youtu.be/ar_RvxAt9cs?t=2132,2025-09-05T18:51:58Z,00:35:32,00:54:23
青い栞,Galileo Galilei,ar_RvxAt9cs,https://youtu.be/ar_RvxAt9cs?t=3263,2025-09-05T18:51:58Z,00:54:23,01:00:21
ブルーバード,いきものがかり,ar_RvxAt9cs,https://youtu.be/ar_RvxAt9cs?t=3621,2025-09-05T18:51:58Z,01:00:21,01:05:04
インフェルノ,Mrs. GREEN APPLE,ar_RvxAt9cs,https://youtu.be/ar_RvxAt9cs?t=3904,2025-09-05T18:51:58Z,01:05:04,01:16:34
月虹,BUMP OF CHICKEN,ar_RvxAt9cs,https://youtu.be/ar_RvxAt9cs?t=4594,2025-09-05T18:51:58Z,01:16:34,01:29:11
タッチ,岩崎良美,ar_RvxAt9cs,https://youtu.be/ar_RvxAt9cs?t=5351,2025-09-05T18:51:58Z,01:29:11,01:32:20
花の塔,さユり,ar_RvxAt9cs,https://youtu.be/ar_RvxAt9cs?t=5540,2025-09-05T18:51:58Z,01:32:20,01:37:24
相思相愛,aiko,ar_RvxAt9cs,https://youtu.be/ar_RvxAt9cs?t=5844,2025-09-05T18:51:58Z,01:37:24,01:41:56
美しい鰭,スピッツ,ar_RvxAt9cs,https://youtu.be/ar_RvxAt9cs?t=6116,2025-09-05T18:51:58Z,01:41:56,01:45:23
ふわふわ時間,放課後ティータイム,ar_RvxAt9cs,https://youtu.be/ar_RvxAt9cs?t=6323,2025-09-05T18:51:58Z,01:45:23,01:49:04
ノーザンクロス,シェリル・ノーム starring May'n,ar_RvxAt9cs,https://youtu.be/ar_RvxAt9cs?t=6544,2025-09-05T18:51:58Z,01:49:04,01:53:20
残酷な天使のテーゼ,高橋洋子,ar_RvxAt9cs,https://youtu.be/ar_RvxAt9cs?t=6800,2025-09-05T18:51:58Z,01:53:20,01:57:34
Catch the Moment,LiSA,ar_RvxAt9cs,https://youtu.be/ar_RvxAt9cs?t=7054,2025-09-05T18:51:58Z,01:57:34,02:02:37
紅蓮華,LiSA,ar_RvxAt9cs,https://youtu.be/ar_RvxAt9cs?t=7357,2025-09-05T18:51:58Z,02:02:37,02:07:24
サムライハート(Some Like It Hot!!),SPYAIR,ar_RvxAt9cs,https://youtu.be/ar_RvxAt9cs?t=7644,2025-09-05T18:51:58Z,02:07:24,02:10:45
ウィーアー！,きただにひろし,ar_RvxAt9cs,https://youtu.be/ar_RvxAt9cs?t=7845,2025-09-05T18:51:58Z,02:10:45,02:15:23
Believe,Folder5,ar_RvxAt9cs,https://youtu.be/ar_RvxAt9cs?t=8123,2025-09-05T18:51:58Z,02:15:23,02:18:43
ココロのちず,BOYSTYLE,ar_RvxAt9cs,https://youtu.be/ar_RvxAt9cs?t=8323,2025-09-05T18:51:58Z,02:18:43,02:23:19
sailing day,BUMP OF CHICKEN,ar_RvxAt9cs,https://youtu.be/ar_RvxAt9cs?t=8599,2025-09-05T18:51:58Z,02:23:19,02:27:30
again,YUI,ar_RvxAt9cs,https://youtu.be/ar_RvxAt9cs?t=8850,2025-09-05T18:51:58Z,02:27:30,02:31:49
瞬間センチメンタル,SCANDAL,ar_RvxAt9cs,https://youtu.be/ar_RvxAt9cs?t=9109,2025-09-05T18:51:58Z,02:31:49,02:36:11
晴る,ヨルシカ,ar_RvxAt9cs,https://youtu.be/ar_RvxAt9cs?t=9371,2025-09-05T18:51:58Z,02:36:11,02:40:57
怪獣,サカナクション,ar_RvxAt9cs,https://youtu.be/ar_RvxAt9cs?t=9657,2025-09-05T18:51:58Z,02:40:57,02:45:21
memories,大槻マキ,ar_RvxAt9cs,https://youtu.be/ar_RvxAt9cs?t=9921,2025-09-05T18:51:58Z,02:45:21,02:49:59
ミカヅキ,さユり,ar_RvxAt9cs,https://youtu.be/ar_RvxAt9cs?t=10199,2025-09-05T18:51:58Z,02:49:59,02:54:46
シルエット,KANA-BOON,ar_RvxAt9cs,https://youtu.be/ar_RvxAt9cs?t=10486,2025-09-05T18:51:58Z,02:54:46,02:59:33
ピースサイン,米津玄師,ar_RvxAt9cs,https://youtu.be/ar_RvxAt9cs?t=10773,2025-09-05T18:51:58Z,02:59:33,03:04:48
リライト,ASIAN KUNG-FU GENERATION,ar_RvxAt9cs,https://youtu.be/ar_RvxAt9cs?t=11088,2025-09-05T18:51:58Z,03:04:48,03:09:43
おどるポンポコリン,B.B.クィーンズ,ar_RvxAt9cs,https://youtu.be/ar_RvxAt9cs?t=11383,2025-09-05T18:51:58Z,03:09:43,03:14:19
アンパンマンたいそう,ドリーミング,ar_RvxAt9cs,https://youtu.be/ar_RvxAt9cs?t=11659,2025-09-05T18:51:58Z,03:14:19,03:22:31
アンパンマンのマーチ,ドリーミング,ar_RvxAt9cs,https://youtu.be/ar_RvxAt9cs?t=12151,2025-09-05T18:51:58Z,03:22:31,03:30:32
夢をかなえてドラえもん,mao,ar_RvxAt9cs,https://youtu.be/ar_RvxAt9cs?t=12632,2025-09-05T18:51:58Z,03:30:32,03:35:32
愛迷エレジー,DECO*27,B4AXr25lQqQ,https://youtu.be/B4AXr25lQqQ?t=1204,2025-09-06T17:47:30Z,00:20:04,00:26:52
モザイクロール,DECO*27,B4AXr25lQqQ,https://youtu.be/B4AXr25lQqQ?t=1612,2025-09-06T17:47:30Z,00:26:52,00:34:28
妄想税,DECO*27,B4AXr25lQqQ,https://youtu.be/B4AXr25lQqQ?t=2068,2025-09-06T17:47:30Z,00:34:28,00:42:18
ストリーミングハート,DECO*27,B4AXr25lQqQ,https://youtu.be/B4AXr25lQqQ?t=2538,2025-09-06T17:47:30Z,00:42:18,00:46:20
からくりピエロ,40mP,B4AXr25lQqQ,https://youtu.be/B4AXr25lQqQ?t=2780,2025-09-06T17:47:30Z,00:46:20,00:50:58
トリノコシティ,40mP,B4AXr25lQqQ,https://youtu.be/B4AXr25lQqQ?t=3058,2025-09-06T17:47:30Z,00:50:58,00:55:28
Calc.,ジミーサムP,B4AXr25lQqQ,https://youtu.be/B4AXr25lQqQ?t=3328,2025-09-06T17:47:30Z,00:55:28,01:00:25
リンネ,ハチ,B4AXr25lQqQ,https://youtu.be/B4AXr25lQqQ?t=3625,2025-09-06T17:47:30Z,01:00:25,01:05:58
-ERROR,niki,B4AXr25lQqQ,https://youtu.be/B4AXr25lQqQ?t=3958,2025-09-06T17:47:30Z,01:05:58,01:12:18
magnet,minato,B4AXr25lQqQ,https://youtu.be/B4AXr25lQqQ?t=4338,2025-09-06T17:47:30Z,01:12:18,01:16:42
ワールズエンド・ダンスホール,wowaka,B4AXr25lQqQ,https://youtu.be/B4AXr25lQqQ?t=4602,2025-09-06T17:47:30Z,01:16:42,01:20:20
ロミオとシンデレラ,doriko,B4AXr25lQqQ,https://youtu.be/B4AXr25lQqQ?t=4820,2025-09-06T17:47:30Z,01:20:20,01:25:34
六兆年と一夜物語,kemu,B4AXr25lQqQ,https://youtu.be/B4AXr25lQqQ?t=5134,2025-09-06T17:47:30Z,01:25:34,01:29:35
東京テディベア,Neru,B4AXr25lQqQ,https://youtu.be/B4AXr25lQqQ?t=5375,2025-09-06T17:47:30Z,01:29:35,01:33:31
天ノ弱,164,B4AXr25lQqQ,https://youtu.be/B4AXr25lQqQ?t=5611,2025-09-06T17:47:30Z,01:33:31,01:37:20
1925,冨田悠斗(とみー/ T-POCKET),B4AXr25lQqQ,https://youtu.be/B4AXr25lQqQ?t=5840,2025-09-06T17:47:30Z,01:37:20,01:41:05
吉原ラメント,亜沙,B4AXr25lQqQ,https://youtu.be/B4AXr25lQqQ?t=6065,2025-09-06T17:47:30Z,01:41:05,01:45:30
Just Be Friends,Dixie Flatline,B4AXr25lQqQ,https://youtu.be/B4AXr25lQqQ?t=6330,2025-09-06T17:47:30Z,01:45:30,01:56:27
ケッペキショウ,すこっぷ,B4AXr25lQqQ,https://youtu.be/B4AXr25lQqQ?t=6987,2025-09-06T17:47:30Z,01:56:27,02:01:08
アイロニ,すこっぷ,B4AXr25lQqQ,https://youtu.be/B4AXr25lQqQ?t=7268,2025-09-06T17:47:30Z,02:01:08,02:05:45
心拍数♯0822,蝶々P,B4AXr25lQqQ,https://youtu.be/B4AXr25lQqQ?t=7545,2025-09-06T17:47:30Z,02:05:45,02:11:43
夜明けと蛍,n-buna,B4AXr25lQqQ,https://youtu.be/B4AXr25lQqQ?t=7903,2025-09-06T17:47:30Z,02:11:43,02:17:11
心做し,蝶々P,B4AXr25lQqQ,https://youtu.be/B4AXr25lQqQ?t=8231,2025-09-06T17:47:30Z,02:17:11,02:27:49
ルカルカ★ナイトフィーバー,samfree,B4AXr25lQqQ,https://youtu.be/B4AXr25lQqQ?t=8869,2025-09-06T17:47:30Z,02:27:49,02:32:04
千本桜,黒うさP,B4AXr25lQqQ,https://youtu.be/B4AXr25lQqQ?t=9124,2025-09-06T17:47:30Z,02:32:04,02:36:51
ハッピーシンセサイザ,EasyPop,B4AXr25lQqQ,https://youtu.be/B4AXr25lQqQ?t=9411,2025-09-06T17:47:30Z,02:36:51,02:45:29
サマータイムレコード,じん,B4AXr25lQqQ,https://youtu.be/B4AXr25lQqQ?t=9929,2025-09-06T17:47:30Z,02:45:29,02:50:13
夜咄ディセイブ,じん,B4AXr25lQqQ,https://youtu.be/B4AXr25lQqQ?t=10213,2025-09-06T17:47:30Z,02:50:13,02:55:16
ダブルラリアット,アゴアニキP,B4AXr25lQqQ,https://youtu.be/B4AXr25lQqQ?t=10516,2025-09-06T17:47:30Z,02:55:16,03:00:13
純情スカート,40mP,B4AXr25lQqQ,https://youtu.be/B4AXr25lQqQ?t=10813,2025-09-06T17:47:30Z,03:00:13,03:05:08
小夜子,みきとP,B4AXr25lQqQ,https://youtu.be/B4AXr25lQqQ?t=11108,2025-09-06T17:47:30Z,03:05:08,03:10:14
サリシノハラ,みきとP,B4AXr25lQqQ,https://youtu.be/B4AXr25lQqQ?t=11414,2025-09-06T17:47:30Z,03:10:14,03:16:54
裏表ラバーズ,wowaka,B4AXr25lQqQ,https://youtu.be/B4AXr25lQqQ?t=11814,2025-09-06T17:47:30Z,03:16:54,03:21:54
ロストワンの号哭,Neru,QUwu3knSNEU,https://youtu.be/QUwu3knSNEU?t=670,2025-09-07T17:03:49Z,00:11:10,00:14:51
インフェルノ,Mrs. GREEN APPLE,QUwu3knSNEU,https://youtu.be/QUwu3knSNEU?t=891,2025-09-07T17:03:49Z,00:14:51,00:28:24
only my railgun,fripSide,QUwu3knSNEU,https://youtu.be/QUwu3knSNEU?t=1704,2025-09-07T17:03:49Z,00:28:24,00:32:39
オリオンをなぞる,UNISON SQUARE GARDEN,QUwu3knSNEU,https://youtu.be/QUwu3knSNEU?t=1959,2025-09-07T17:03:49Z,00:32:39,00:37:03
微笑みの爆弾,馬渡松子,QUwu3knSNEU,https://youtu.be/QUwu3knSNEU?t=2223,2025-09-07T17:03:49Z,00:37:03,00:42:14
ブルーバード,いきものがかり,QUwu3knSNEU,https://youtu.be/QUwu3knSNEU?t=2534,2025-09-07T17:03:49Z,00:42:14,00:46:02
阿修羅ちゃん,Ado,QUwu3knSNEU,https://youtu.be/QUwu3knSNEU?t=2762,2025-09-07T17:03:49Z,00:46:02,00:49:50
夜咄ディセイブ,じん,QUwu3knSNEU,https://youtu.be/QUwu3knSNEU?t=2990,2025-09-07T17:03:49Z,00:49:50,00:53:27
シルエット,KANA-BOON,QUwu3knSNEU,https://youtu.be/QUwu3knSNEU?t=3207,2025-09-07T17:03:49Z,00:53:27,00:57:30
Believe,Folder5,QUwu3knSNEU,https://youtu.be/QUwu3knSNEU?t=3450,2025-09-07T17:03:49Z,00:57:30,01:01:35
ココロのちず,BOYSTYLE,QUwu3knSNEU,https://youtu.be/QUwu3knSNEU?t=3695,2025-09-07T17:03:49Z,01:01:35,01:06:08
ポニーテールとシュシュ,AKB48,QUwu3knSNEU,https://youtu.be/QUwu3knSNEU?t=3968,2025-09-07T17:03:49Z,01:06:08,01:13:24
サムライハート(Some Like It Hot!!),SPYAIR,QUwu3knSNEU,https://youtu.be/QUwu3knSNEU?t=4404,2025-09-07T17:03:49Z,01:13:24,01:16:41
God knows...,涼宮ハルヒ(平野綾),QUwu3knSNEU,https://youtu.be/QUwu3knSNEU?t=4601,2025-09-07T17:03:49Z,01:16:41,01:24:59
悪魔の踊り方,キタニタツヤ,QUwu3knSNEU,https://youtu.be/QUwu3knSNEU?t=5099,2025-09-07T17:03:49Z,01:24:59,01:28:37
気まぐれロマンティック,いきものがかり,QUwu3knSNEU,https://youtu.be/QUwu3knSNEU?t=5317,2025-09-07T17:03:49Z,01:28:37,01:33:52
地獄でなぜ悪い,星野源,QUwu3knSNEU,https://youtu.be/QUwu3knSNEU?t=5632,2025-09-07T17:03:49Z,01:33:52,01:37:47
晴る,ヨルシカ,QUwu3knSNEU,https://youtu.be/QUwu3knSNEU?t=5867,2025-09-07T17:03:49Z,01:37:47,02:00:46
アカシア,BUMP OF CHICKEN,QUwu3knSNEU,https://youtu.be/QUwu3knSNEU?t=7246,2025-09-07T17:03:49Z,02:00:46,02:05:08
sailing day,BUMP OF CHICKEN,QUwu3knSNEU,https://youtu.be/QUwu3knSNEU?t=7508,2025-09-07T17:03:49Z,02:05:08,02:09:22
ラフ・メイカー,BUMP OF CHICKEN,QUwu3knSNEU,https://youtu.be/QUwu3knSNEU?t=7762,2025-09-07T17:03:49Z,02:09:22,02:13:12
カルマ,BUMP OF CHICKEN,QUwu3knSNEU,https://youtu.be/QUwu3knSNEU?t=7992,2025-09-07T17:03:49Z,02:13:12,02:16:44
天体観測,BUMP OF CHICKEN,QUwu3knSNEU,https://youtu.be/QUwu3knSNEU?t=8204,2025-09-07T17:03:49Z,02:16:44,02:21:44
Pretender,Official髭男dism,agytmgvZhR0,https://youtu.be/agytmgvZhR0?t=980,2025-09-08T20:10:04Z,00:16:20,00:23:13
Subtitle,Official髭男dism,agytmgvZhR0,https://youtu.be/agytmgvZhR0?t=1393,2025-09-08T20:10:04Z,00:23:13,00:31:20
トレモロ,RADWIMPS,agytmgvZhR0,https://youtu.be/agytmgvZhR0?t=1880,2025-09-08T20:10:04Z,00:31:20,00:37:25
花鳥風月,SEKAI NO OWARI,agytmgvZhR0,https://youtu.be/agytmgvZhR0?t=2245,2025-09-08T20:10:04Z,00:37:25,00:44:41
ドライフラワー,優里,agytmgvZhR0,https://youtu.be/agytmgvZhR0?t=2681,2025-09-08T20:10:04Z,00:44:41,00:50:12
最後の雨,中西保志,agytmgvZhR0,https://youtu.be/agytmgvZhR0?t=3012,2025-09-08T20:10:04Z,00:50:12,00:59:29
私の思春期へ,赤頬思春期,agytmgvZhR0,https://youtu.be/agytmgvZhR0?t=3569,2025-09-08T20:10:04Z,00:59:29,01:05:29
花の名,BUMP OF CHICKEN,agytmgvZhR0,https://youtu.be/agytmgvZhR0?t=3929,2025-09-08T20:10:04Z,01:05:29,01:14:54
Flare,BUMP OF CHICKEN,agytmgvZhR0,https://youtu.be/agytmgvZhR0?t=4494,2025-09-08T20:10:04Z,01:14:54,01:20:38
グッドラック,BUMP OF CHICKEN,agytmgvZhR0,https://youtu.be/agytmgvZhR0?t=4838,2025-09-08T20:10:04Z,01:20:38,01:28:24
飴玉の唄,BUMP OF CHICKEN,agytmgvZhR0,https://youtu.be/agytmgvZhR0?t=5304,2025-09-08T20:10:04Z,01:28:24,01:35:35
ナモナキヒト,amazarashi,agytmgvZhR0,https://youtu.be/agytmgvZhR0?t=5735,2025-09-08T20:10:04Z,01:35:35,01:44:51
僕が死のうと思ったのは,amazarashi,agytmgvZhR0,https://youtu.be/agytmgvZhR0?t=6291,2025-09-08T20:10:04Z,01:44:51,01:51:40
雪の華,中島美嘉,agytmgvZhR0,https://youtu.be/agytmgvZhR0?t=6700,2025-09-08T20:10:04Z,01:51:40,01:57:39
水平線,back number,agytmgvZhR0,https://youtu.be/agytmgvZhR0?t=7059,2025-09-08T20:10:04Z,01:57:39,02:04:00
幸せ,back number,agytmgvZhR0,https://youtu.be/agytmgvZhR0?t=7440,2025-09-08T20:10:04Z,02:04:00,02:15:23
Lemon,米津玄師,agytmgvZhR0,https://youtu.be/agytmgvZhR0?t=8123,2025-09-08T20:10:04Z,02:15:23,02:22:06
アイネクライネ,米津玄師,agytmgvZhR0,https://youtu.be/agytmgvZhR0?t=8526,2025-09-08T20:10:04Z,02:22:06,02:28:32
まちがいさがし,菅田将暉,agytmgvZhR0,https://youtu.be/agytmgvZhR0?t=8912,2025-09-08T20:10:04Z,02:28:32,02:34:33
打上花火,DAOKO×米津玄師,agytmgvZhR0,https://youtu.be/agytmgvZhR0?t=9273,2025-09-08T20:10:04Z,02:34:33,02:42:29
花に亡霊,ヨルシカ,agytmgvZhR0,https://youtu.be/agytmgvZhR0?t=9749,2025-09-08T20:10:04Z,02:42:29,02:50:47
ギルド,BUMP OF CHICKEN,agytmgvZhR0,https://youtu.be/agytmgvZhR0?t=10247,2025-09-08T20:10:04Z,02:50:47,02:58:49
太陽,BUMP OF CHICKEN,agytmgvZhR0,https://youtu.be/agytmgvZhR0?t=10729,2025-09-08T20:10:04Z,02:58:49,03:10:10
話がしたいよ,BUMP OF CHICKEN,agytmgvZhR0,https://youtu.be/agytmgvZhR0?t=11410,2025-09-08T20:10:04Z,03:10:10,03:16:37
embrace,BUMP OF CHICKEN,agytmgvZhR0,https://youtu.be/agytmgvZhR0?t=11797,2025-09-08T20:10:04Z,03:16:37,03:24:53
ホリデイ,BUMP OF CHICKEN,agytmgvZhR0,https://youtu.be/agytmgvZhR0?t=12293,2025-09-08T20:10:04Z,03:24:53,03:29:53
紅蓮華,LiSA,LiJztl5KMxc,https://youtu.be/LiJztl5KMxc?t=1829,2025-09-09T18:10:42Z,00:30:29,00:36:57
Catch the Moment,LiSA,LiJztl5KMxc,https://youtu.be/LiJztl5KMxc?t=2217,2025-09-09T18:10:42Z,00:36:57,00:45:36
My landscape,BiSH,LiJztl5KMxc,https://youtu.be/LiJztl5KMxc?t=2736,2025-09-09T18:10:42Z,00:45:36,00:53:11
心に穴が空いた,ヨルシカ,LiJztl5KMxc,https://youtu.be/LiJztl5KMxc?t=3191,2025-09-09T18:10:42Z,00:53:11,00:58:01
爆弾魔,ヨルシカ,LiJztl5KMxc,https://youtu.be/LiJztl5KMxc?t=3481,2025-09-09T18:10:42Z,00:58:01,01:02:29
又三郎,ヨルシカ,LiJztl5KMxc,https://youtu.be/LiJztl5KMxc?t=3749,2025-09-09T18:10:42Z,01:02:29,01:22:07
ドーナツホール,ハチ,LiJztl5KMxc,https://youtu.be/LiJztl5KMxc?t=4927,2025-09-09T18:10:42Z,01:22:07,01:26:15
ハイゲイン,ヒトリエ,LiJztl5KMxc,https://youtu.be/LiJztl5KMxc?t=5175,2025-09-09T18:10:42Z,01:26:15,01:29:40
月虹,BUMP OF CHICKEN,LiJztl5KMxc,https://youtu.be/LiJztl5KMxc?t=5380,2025-09-09T18:10:42Z,01:29:40,01:51:05
季節は次々死んでいく,amazarashi,LiJztl5KMxc,https://youtu.be/LiJztl5KMxc?t=6665,2025-09-09T18:10:42Z,01:51:05,01:56:54
逃避行,amazarashi,LiJztl5KMxc,https://youtu.be/LiJztl5KMxc?t=7014,2025-09-09T18:10:42Z,01:56:54,02:00:50
空に歌えば,amazarashi,LiJztl5KMxc,https://youtu.be/LiJztl5KMxc?t=7250,2025-09-09T18:10:42Z,02:00:50,02:10:01
航海の唄,さユり,LiJztl5KMxc,https://youtu.be/LiJztl5KMxc?t=7801,2025-09-09T18:10:42Z,02:10:01,02:15:33
スカー,キタニタツヤ,LiJztl5KMxc,https://youtu.be/LiJztl5KMxc?t=8133,2025-09-09T18:10:42Z,02:15:33,02:20:15
サムライハート(Some Like It Hot!!),SPYAIR,LiJztl5KMxc,https://youtu.be/LiJztl5KMxc?t=8415,2025-09-09T18:10:42Z,02:20:15,02:24:04
晴る,ヨルシカ,LiJztl5KMxc,https://youtu.be/LiJztl5KMxc?t=8644,2025-09-09T18:10:42Z,02:24:04,02:30:43
カルマ,BUMP OF CHICKEN,LiJztl5KMxc,https://youtu.be/LiJztl5KMxc?t=9043,2025-09-09T18:10:42Z,02:30:43,02:34:20
天体観測,BUMP OF CHICKEN,LiJztl5KMxc,https://youtu.be/LiJztl5KMxc?t=9260,2025-09-09T18:10:42Z,02:34:20,02:40:31
才悩人応援歌,BUMP OF CHICKEN,LiJztl5KMxc,https://youtu.be/LiJztl5KMxc?t=9631,2025-09-09T18:10:42Z,02:40:31,02:45:32
firefly,BUMP OF CHICKEN,LiJztl5KMxc,https://youtu.be/LiJztl5KMxc?t=9932,2025-09-09T18:10:42Z,02:45:32,03:06:23
オンリー ロンリー グローリー,BUMP OF CHICKEN,LiJztl5KMxc,https://youtu.be/LiJztl5KMxc?t=11183,2025-09-09T18:10:42Z,03:06:23,03:11:14
真っ赤な空を見ただろうか,BUMP OF CHICKEN,LiJztl5KMxc,https://youtu.be/LiJztl5KMxc?t=11474,2025-09-09T18:10:42Z,03:11:14,03:15:34
メーデー,BUMP OF CHICKEN,LiJztl5KMxc,https://youtu.be/LiJztl5KMxc?t=11734,2025-09-09T18:10:42Z,03:15:34,03:20:54
アカシア,BUMP OF CHICKEN,LiJztl5KMxc,https://youtu.be/LiJztl5KMxc?t=12054,2025-09-09T18:10:42Z,03:20:54,03:25:54
チェリー,スピッツ,DEnxw--Apuo,https://youtu.be/DEnxw--Apuo?t=878,2025-09-10T11:24:41Z,00:14:38,00:21:34
桜のあと(all quartets lead to the?),UNISON SQUARE GARDEN,DEnxw--Apuo,https://youtu.be/DEnxw--Apuo?t=1294,2025-09-10T11:24:41Z,00:21:34,00:27:43
vivi,米津玄師,DEnxw--Apuo,https://youtu.be/DEnxw--Apuo?t=1663,2025-09-10T11:24:41Z,00:27:43,00:37:42
眠り姫,SEKAI NO OWARI,DEnxw--Apuo,https://youtu.be/DEnxw--Apuo?t=2262,2025-09-10T11:24:41Z,00:37:42,00:51:08
恋,星野源,DEnxw--Apuo,https://youtu.be/DEnxw--Apuo?t=3068,2025-09-10T11:24:41Z,00:51:08,00:55:45
栞,クリープハイプ,DEnxw--Apuo,https://youtu.be/DEnxw--Apuo?t=3345,2025-09-10T11:24:41Z,00:55:45,01:04:09
斜陽,ヨルシカ,DEnxw--Apuo,https://youtu.be/DEnxw--Apuo?t=3849,2025-09-10T11:24:41Z,01:04:09,01:07:49
ただ君に晴れ,ヨルシカ,DEnxw--Apuo,https://youtu.be/DEnxw--Apuo?t=4069,2025-09-10T11:24:41Z,01:07:49,01:16:46
シリョクケンサ,40mP,DEnxw--Apuo,https://youtu.be/DEnxw--Apuo?t=4606,2025-09-10T11:24:41Z,01:16:46,01:21:41
わたしの一番かわいいところ,FRUITS ZIPPER,DEnxw--Apuo,https://youtu.be/DEnxw--Apuo?t=4901,2025-09-10T11:24:41Z,01:21:41,01:26:27
ray,BUMP OF CHICKEN,DEnxw--Apuo,https://youtu.be/DEnxw--Apuo?t=5187,2025-09-10T11:24:41Z,01:26:27,01:32:35
若者のすべて,フジファブリック,DEnxw--Apuo,https://youtu.be/DEnxw--Apuo?t=5555,2025-09-10T11:24:41Z,01:32:35,01:38:09
マリーゴールド,あいみょん,DEnxw--Apuo,https://youtu.be/DEnxw--Apuo?t=5889,2025-09-10T11:24:41Z,01:38:09,01:44:21
漂白,あいみょん,DEnxw--Apuo,https://youtu.be/DEnxw--Apuo?t=6261,2025-09-10T11:24:41Z,01:44:21,01:49:35
ココロのちず,BOYSTYLE,DEnxw--Apuo,https://youtu.be/DEnxw--Apuo?t=6575,2025-09-10T11:24:41Z,01:49:35,01:54:24
新宝島,サカナクション,DEnxw--Apuo,https://youtu.be/DEnxw--Apuo?t=6864,2025-09-10T11:24:41Z,01:54:24,01:59:09
Aurora,BUMP OF CHICKEN,DEnxw--Apuo,https://youtu.be/DEnxw--Apuo?t=7149,2025-09-10T11:24:41Z,01:59:09,02:07:44
相思相愛,aiko,DEnxw--Apuo,https://youtu.be/DEnxw--Apuo?t=7664,2025-09-10T11:24:41Z,02:07:44,02:12:09
クロノスタシス,BUMP OF CHICKEN,DEnxw--Apuo,https://youtu.be/DEnxw--Apuo?t=7929,2025-09-10T11:24:41Z,02:12:09,02:17:55
美しい鰭,スピッツ,DEnxw--Apuo,https://youtu.be/DEnxw--Apuo?t=8275,2025-09-10T11:24:41Z,02:17:55,02:23:29
火星人,ヨルシカ,DEnxw--Apuo,https://youtu.be/DEnxw--Apuo?t=8609,2025-09-10T11:24:41Z,02:23:29,02:27:39
チノカテ,ヨルシカ,DEnxw--Apuo,https://youtu.be/DEnxw--Apuo?t=8859,2025-09-10T11:24:41Z,02:27:39,02:32:58
靴の花火,ヨルシカ,DEnxw--Apuo,https://youtu.be/DEnxw--Apuo?t=9178,2025-09-10T11:24:41Z,02:32:58,02:43:34
水平線,back number,DEnxw--Apuo,https://youtu.be/DEnxw--Apuo?t=9814,2025-09-10T11:24:41Z,02:43:34,02:47:46
花の塔,さユり,DEnxw--Apuo,https://youtu.be/DEnxw--Apuo?t=10066,2025-09-10T11:24:41Z,02:47:46,02:52:46
今夜このまま,あいみょん,9ZaRuJb-TRs,https://youtu.be/9ZaRuJb-TRs?t=752,2025-09-12T20:38:10Z,00:12:32,00:18:52
別の人の彼女になったよ,wacci,9ZaRuJb-TRs,https://youtu.be/9ZaRuJb-TRs?t=1132,2025-09-12T20:38:10Z,00:18:52,00:24:10
からくりピエロ,40mP,9ZaRuJb-TRs,https://youtu.be/9ZaRuJb-TRs?t=1450,2025-09-12T20:38:10Z,00:24:10,00:28:43
アイネクライネ,米津玄師,9ZaRuJb-TRs,https://youtu.be/9ZaRuJb-TRs?t=1723,2025-09-12T20:38:10Z,00:28:43,00:40:06
366日,HY,9ZaRuJb-TRs,https://youtu.be/9ZaRuJb-TRs?t=2406,2025-09-12T20:38:10Z,00:40:06,00:46:48
粉雪,レミオロメン,9ZaRuJb-TRs,https://youtu.be/9ZaRuJb-TRs?t=2808,2025-09-12T20:38:10Z,00:46:48,00:51:48
daze,じん,KOQEDktxv3Y,https://youtu.be/KOQEDktxv3Y?t=440,2025-09-11T17:53:29Z,00:07:20,00:21:44
ないものねだり,KANA-BOON,KOQEDktxv3Y,https://youtu.be/KOQEDktxv3Y?t=1304,2025-09-11T17:53:29Z,00:21:44,00:27:23
創聖のアクエリオン,AKINO,KOQEDktxv3Y,https://youtu.be/KOQEDktxv3Y?t=1643,2025-09-11T17:53:29Z,00:27:23,00:32:17
だから僕は音楽を辞めた,ヨルシカ,KOQEDktxv3Y,https://youtu.be/KOQEDktxv3Y?t=1937,2025-09-11T17:53:29Z,00:32:17,00:42:34
丸の内サディスティック,椎名林檎,KOQEDktxv3Y,https://youtu.be/KOQEDktxv3Y?t=2554,2025-09-11T17:53:29Z,00:42:34,00:46:41
完全感覚Dreamer,ONE OK ROCK,KOQEDktxv3Y,https://youtu.be/KOQEDktxv3Y?t=2801,2025-09-11T17:53:29Z,00:46:41,00:51:00
リライト,ASIAN KUNG-FU GENERATION,KOQEDktxv3Y,https://youtu.be/KOQEDktxv3Y?t=3060,2025-09-11T17:53:29Z,00:51:00,01:03:19
おしゃかしゃま,RADWIMPS,KOQEDktxv3Y,https://youtu.be/KOQEDktxv3Y?t=3799,2025-09-11T17:53:29Z,01:03:19,01:07:13
ノーザンクロス,シェリル・ノーム starring May'n,KOQEDktxv3Y,https://youtu.be/KOQEDktxv3Y?t=4033,2025-09-11T17:53:29Z,01:07:13,01:24:16
天ノ弱,164,KOQEDktxv3Y,https://youtu.be/KOQEDktxv3Y?t=5056,2025-09-11T17:53:29Z,01:24:16,01:27:35
気まぐれロマンティック,いきものがかり,KOQEDktxv3Y,https://youtu.be/KOQEDktxv3Y?t=5255,2025-09-11T17:53:29Z,01:27:35,01:31:44
サムライハート(Some Like It Hot!!),SPYAIR,KOQEDktxv3Y,https://youtu.be/KOQEDktxv3Y?t=5504,2025-09-11T17:53:29Z,01:31:44,01:36:18
地獄でなぜ悪い,星野源,KOQEDktxv3Y,https://youtu.be/KOQEDktxv3Y?t=5778,2025-09-11T17:53:29Z,01:36:18,01:40:26
晴る,ヨルシカ,KOQEDktxv3Y,https://youtu.be/KOQEDktxv3Y?t=6026,2025-09-11T17:53:29Z,01:40:26,01:45:18
カルマ,BUMP OF CHICKEN,KOQEDktxv3Y,https://youtu.be/KOQEDktxv3Y?t=6318,2025-09-11T17:53:29Z,01:45:18,01:56:38
車輪の唄,BUMP OF CHICKEN,KOQEDktxv3Y,https://youtu.be/KOQEDktxv3Y?t=6998,2025-09-11T17:53:29Z,01:56:38,02:01:13
天体観測,BUMP OF CHICKEN,KOQEDktxv3Y,https://youtu.be/KOQEDktxv3Y?t=7273,2025-09-11T17:53:29Z,02:01:13,02:06:13
firefly,BUMP OF CHICKEN,9VSH8_FHPl0,https://youtu.be/9VSH8_FHPl0?t=1966,2025-09-12T16:16:52Z,00:32:46,00:37:46
花の塔,さユり,caiO8LTLxGQ,https://youtu.be/caiO8LTLxGQ?t=805,2025-09-12T19:20:50Z,00:13:25,00:19:07
フラレガイガール,さユり,caiO8LTLxGQ,https://youtu.be/caiO8LTLxGQ?t=1147,2025-09-12T19:20:50Z,00:19:07,00:29:04
ワールド・ランプシェード,buzzG,caiO8LTLxGQ,https://youtu.be/caiO8LTLxGQ?t=1744,2025-09-12T19:20:50Z,00:29:04,00:38:09
セプテンバーさん,RADWIMPS,caiO8LTLxGQ,https://youtu.be/caiO8LTLxGQ?t=2289,2025-09-12T19:20:50Z,00:38:09,00:46:59
トレモロ,RADWIMPS,caiO8LTLxGQ,https://youtu.be/caiO8LTLxGQ?t=2819,2025-09-12T19:20:50Z,00:46:59,00:52:47
アイネクライネ,米津玄師,caiO8LTLxGQ,https://youtu.be/caiO8LTLxGQ?t=3167,2025-09-12T19:20:50Z,00:52:47,00:58:52
雨とカプチーノ,ヨルシカ,caiO8LTLxGQ,https://youtu.be/caiO8LTLxGQ?t=3532,2025-09-12T19:20:50Z,00:58:52,01:13:17
トリノコシティ,40mP,caiO8LTLxGQ,https://youtu.be/caiO8LTLxGQ?t=4397,2025-09-12T19:20:50Z,01:13:17,01:17:19
なないろ,BUMP OF CHICKEN,caiO8LTLxGQ,https://youtu.be/caiO8LTLxGQ?t=4639,2025-09-12T19:20:50Z,01:17:19,01:23:09
CHE.R.RY,YUI,caiO8LTLxGQ,https://youtu.be/caiO8LTLxGQ?t=4989,2025-09-12T19:20:50Z,01:23:09,01:39:49
藍二乗,ヨルシカ,caiO8LTLxGQ,https://youtu.be/caiO8LTLxGQ?t=5989,2025-09-12T19:20:50Z,01:39:49,01:52:09
悪魔の踊り方,キタニタツヤ,caiO8LTLxGQ,https://youtu.be/caiO8LTLxGQ?t=6729,2025-09-12T19:20:50Z,01:52:09,02:01:26
サマータイムレコード,じん,caiO8LTLxGQ,https://youtu.be/caiO8LTLxGQ?t=7286,2025-09-12T19:20:50Z,02:01:26,02:15:51
夜咄ディセイブ,じん,caiO8LTLxGQ,https://youtu.be/caiO8LTLxGQ?t=8151,2025-09-12T19:20:50Z,02:15:51,02:27:10
東京テディベア,Neru,caiO8LTLxGQ,https://youtu.be/caiO8LTLxGQ?t=8830,2025-09-12T19:20:50Z,02:27:10,02:38:45
忘れられないの,サカナクション,caiO8LTLxGQ,https://youtu.be/caiO8LTLxGQ?t=9525,2025-09-12T19:20:50Z,02:38:45,02:44:05
おやすみ泣き声、さよなら歌姫,クリープハイプ,caiO8LTLxGQ,https://youtu.be/caiO8LTLxGQ?t=9845,2025-09-12T19:20:50Z,02:44:05,02:48:49
水平線,back number,caiO8LTLxGQ,https://youtu.be/caiO8LTLxGQ?t=10129,2025-09-12T19:20:50Z,02:48:49,02:54:10
Calc.,ジミーサムP,caiO8LTLxGQ,https://youtu.be/caiO8LTLxGQ?t=10450,2025-09-12T19:20:50Z,02:54:10,02:59:10
満月の夜なら,あいみょん,CI_EGcqIkbs,https://youtu.be/CI_EGcqIkbs?t=1289,2025-09-13T19:17:22Z,00:21:29,00:29:46
からくりピエロ,40mP,CI_EGcqIkbs,https://youtu.be/CI_EGcqIkbs?t=1786,2025-09-13T19:17:22Z,00:29:46,00:34:33
小夜子,みきとP,CI_EGcqIkbs,https://youtu.be/CI_EGcqIkbs?t=2073,2025-09-13T19:17:22Z,00:34:33,00:39:19
大声ダイヤモンド,AKB48,CI_EGcqIkbs,https://youtu.be/CI_EGcqIkbs?t=2359,2025-09-13T19:17:22Z,00:39:19,00:45:31
わたがし,back number,CI_EGcqIkbs,https://youtu.be/CI_EGcqIkbs?t=2731,2025-09-13T19:17:22Z,00:45:31,00:51:18
タッチ,岩崎良美,CI_EGcqIkbs,https://youtu.be/CI_EGcqIkbs?t=3078,2025-09-13T19:17:22Z,00:51:18,00:55:29
八月、某、月明かり,ヨルシカ,CI_EGcqIkbs,https://youtu.be/CI_EGcqIkbs?t=3329,2025-09-13T19:17:22Z,00:55:29,01:00:52
夜行,ヨルシカ,CI_EGcqIkbs,https://youtu.be/CI_EGcqIkbs?t=3652,2025-09-13T19:17:22Z,01:00:52,01:05:49
思想犯,ヨルシカ,CI_EGcqIkbs,https://youtu.be/CI_EGcqIkbs?t=3949,2025-09-13T19:17:22Z,01:05:49,01:12:34
オリオンをなぞる,UNISON SQUARE GARDEN,CI_EGcqIkbs,https://youtu.be/CI_EGcqIkbs?t=4354,2025-09-13T19:17:22Z,01:12:34,01:17:46
シルエット,KANA-BOON,CI_EGcqIkbs,https://youtu.be/CI_EGcqIkbs?t=4666,2025-09-13T19:17:22Z,01:17:46,01:22:28
夏色,ゆず,CI_EGcqIkbs,https://youtu.be/CI_EGcqIkbs?t=4948,2025-09-13T19:17:22Z,01:22:28,01:26:17
残酷な天使のテーゼ,高橋洋子,CI_EGcqIkbs,https://youtu.be/CI_EGcqIkbs?t=5177,2025-09-13T19:17:22Z,01:26:17,01:30:49
季節は次々死んでいく,amazarashi,CI_EGcqIkbs,https://youtu.be/CI_EGcqIkbs?t=5449,2025-09-13T19:17:22Z,01:30:49,01:38:11
ブルーバード,いきものがかり,CI_EGcqIkbs,https://youtu.be/CI_EGcqIkbs?t=5891,2025-09-13T19:17:22Z,01:38:11,01:42:25
気まぐれロマンティック,いきものがかり,CI_EGcqIkbs,https://youtu.be/CI_EGcqIkbs?t=6145,2025-09-13T19:17:22Z,01:42:25,01:46:57
千本桜,黒うさP,CI_EGcqIkbs,https://youtu.be/CI_EGcqIkbs?t=6417,2025-09-13T19:17:22Z,01:46:57,01:51:29
ロミオとシンデレラ,doriko,CI_EGcqIkbs,https://youtu.be/CI_EGcqIkbs?t=6689,2025-09-13T19:17:22Z,01:51:29,01:57:33
弱虫モンブラン,DECO*27,CI_EGcqIkbs,https://youtu.be/CI_EGcqIkbs?t=7053,2025-09-13T19:17:22Z,01:57:33,02:02:15
God knows...,涼宮ハルヒ(平野綾),CI_EGcqIkbs,https://youtu.be/CI_EGcqIkbs?t=7335,2025-09-13T19:17:22Z,02:02:15,02:10:58
怪獣の花唄,Vaundy,CI_EGcqIkbs,https://youtu.be/CI_EGcqIkbs?t=7858,2025-09-13T19:17:22Z,02:10:58,02:16:25
ウィーアー！,きただにひろし,CI_EGcqIkbs,https://youtu.be/CI_EGcqIkbs?t=8185,2025-09-13T19:17:22Z,02:16:25,02:21:01
ココロのちず,BOYSTYLE,CI_EGcqIkbs,https://youtu.be/CI_EGcqIkbs?t=8461,2025-09-13T19:17:22Z,02:21:01,02:29:34
チェリー,スピッツ,CI_EGcqIkbs,https://youtu.be/CI_EGcqIkbs?t=8974,2025-09-13T19:17:22Z,02:29:34,02:35:22
ドーナツホール,ハチ,CI_EGcqIkbs,https://youtu.be/CI_EGcqIkbs?t=9322,2025-09-13T19:17:22Z,02:35:22,02:46:54
車輪の唄,BUMP OF CHICKEN,CI_EGcqIkbs,https://youtu.be/CI_EGcqIkbs?t=10014,2025-09-13T19:17:22Z,02:46:54,02:50:58
宝石になった日,BUMP OF CHICKEN,CI_EGcqIkbs,https://youtu.be/CI_EGcqIkbs?t=10258,2025-09-13T19:17:22Z,02:50:58,02:57:44
アカシア,BUMP OF CHICKEN,CI_EGcqIkbs,https://youtu.be/CI_EGcqIkbs?t=10664,2025-09-13T19:17:22Z,02:57:44,03:02:44
悪魔の踊り方,キタニタツヤ,qKisy4gc13A,https://youtu.be/qKisy4gc13A?t=975,2025-09-14T15:26:02Z,00:16:15,00:20:50
PINK,キタニタツヤ,qKisy4gc13A,https://youtu.be/qKisy4gc13A?t=1250,2025-09-14T15:26:02Z,00:20:50,00:29:33
デッドウェイト,キタニタツヤ,qKisy4gc13A,https://youtu.be/qKisy4gc13A?t=1773,2025-09-14T15:26:02Z,00:29:33,00:33:27
Rapport,キタニタツヤ,qKisy4gc13A,https://youtu.be/qKisy4gc13A?t=2007,2025-09-14T15:26:02Z,00:33:27,00:36:56
スカー,キタニタツヤ,qKisy4gc13A,https://youtu.be/qKisy4gc13A?t=2216,2025-09-14T15:26:02Z,00:36:56,00:42:27
ちはる,キタニタツヤ,qKisy4gc13A,https://youtu.be/qKisy4gc13A?t=2547,2025-09-14T15:26:02Z,00:42:27,00:47:45
デマゴーグ,キタニタツヤ,qKisy4gc13A,https://youtu.be/qKisy4gc13A?t=2865,2025-09-14T15:26:02Z,00:47:45,00:53:36
白無垢,キタニタツヤ,qKisy4gc13A,https://youtu.be/qKisy4gc13A?t=3216,2025-09-14T15:26:02Z,00:53:36,00:59:06
波に名前をつけること、僕らの呼吸に終わりがあること。,キタニタツヤ(こんにちは谷田さん),qKisy4gc13A,https://youtu.be/qKisy4gc13A?t=3546,2025-09-14T15:26:02Z,00:59:06,01:05:42
ずうっといっしょ！,キタニタツヤ,qKisy4gc13A,https://youtu.be/qKisy4gc13A?t=3942,2025-09-14T15:26:02Z,01:05:42,01:09:33
人間みたいね,キタニタツヤ,qKisy4gc13A,https://youtu.be/qKisy4gc13A?t=4173,2025-09-14T15:26:02Z,01:09:33,01:15:45
ナイトルーティーン,キタニタツヤ,qKisy4gc13A,https://youtu.be/qKisy4gc13A?t=4545,2025-09-14T15:26:02Z,01:15:45,01:21:14
芥の部屋は錆色に沈む,キタニタツヤ(こんにちは谷田さん),qKisy4gc13A,https://youtu.be/qKisy4gc13A?t=4874,2025-09-14T15:26:02Z,01:21:14,01:51:50
青のすみか,キタニタツヤ,qKisy4gc13A,https://youtu.be/qKisy4gc13A?t=6710,2025-09-14T15:26:02Z,01:51:50,01:56:50
ノーザンクロス,シェリル・ノーム starring May'n,IPRzH_4aKr4,https://youtu.be/IPRzH_4aKr4?t=391,2025-09-16T12:43:27Z,00:06:31,00:10:51
微笑みの爆弾,馬渡松子,IPRzH_4aKr4,https://youtu.be/IPRzH_4aKr4?t=651,2025-09-16T12:43:27Z,00:10:51,00:19:18
ムーンライト伝説,DALI,IPRzH_4aKr4,https://youtu.be/IPRzH_4aKr4?t=1158,2025-09-16T12:43:27Z,00:19:18,00:23:31
ハナミズキ,一青窈,IPRzH_4aKr4,https://youtu.be/IPRzH_4aKr4?t=1411,2025-09-16T12:43:27Z,00:23:31,00:36:11
アポリア,ヨルシカ,IPRzH_4aKr4,https://youtu.be/IPRzH_4aKr4?t=2171,2025-09-16T12:43:27Z,00:36:11,00:40:51
魔法の料理 ～君から君へ～,BUMP OF CHICKEN,IPRzH_4aKr4,https://youtu.be/IPRzH_4aKr4?t=2451,2025-09-16T12:43:27Z,00:40:51,01:00:21
結晶,ミナミイズミ,IPRzH_4aKr4,https://youtu.be/IPRzH_4aKr4?t=3621,2025-09-16T12:43:27Z,01:00:21,01:07:06
セントエルモの火,皇美緒奈,IPRzH_4aKr4,https://youtu.be/IPRzH_4aKr4?t=4026,2025-09-16T12:43:27Z,01:07:06,01:12:06
花に亡霊,ヨルシカ,lsd2k4lC0Lw,https://youtu.be/lsd2k4lC0Lw?t=407,2025-09-18T12:31:50Z,00:06:47,00:16:20
ヒッチコック,ヨルシカ,lsd2k4lC0Lw,https://youtu.be/lsd2k4lC0Lw?t=980,2025-09-18T12:31:50Z,00:16:20,00:20:33
CHE.R.RY,YUI,lsd2k4lC0Lw,https://youtu.be/lsd2k4lC0Lw?t=1233,2025-09-18T12:31:50Z,00:20:33,00:31:17
晩餐歌,tuki.,lsd2k4lC0Lw,https://youtu.be/lsd2k4lC0Lw?t=1877,2025-09-18T12:31:50Z,00:31:17,00:35:32
若者のすべて,フジファブリック,lsd2k4lC0Lw,https://youtu.be/lsd2k4lC0Lw?t=2132,2025-09-18T12:31:50Z,00:35:32,00:49:25
星間飛行,ランカ・リー＝中島愛,lsd2k4lC0Lw,https://youtu.be/lsd2k4lC0Lw?t=2965,2025-09-18T12:31:50Z,00:49:25,00:53:28
気まぐれロマンティック,いきものがかり,lsd2k4lC0Lw,https://youtu.be/lsd2k4lC0Lw?t=3208,2025-09-18T12:31:50Z,00:53:28,01:08:12
水色ファンファーレ,白河しらせ,lsd2k4lC0Lw,https://youtu.be/lsd2k4lC0Lw?t=4092,2025-09-18T12:31:50Z,01:08:12,01:13:12
pinkie,BUMP OF CHICKEN,t5gUcUHuRX0,https://youtu.be/t5gUcUHuRX0?t=2829,2025-09-19T15:25:24Z,00:47:09,00:52:09
セプテンバーさん,RADWIMPS,DYQ4cT4rYz8,https://youtu.be/DYQ4cT4rYz8?t=1082,2025-09-19T19:26:31Z,00:18:02,00:24:36
有心論,RADWIMPS,DYQ4cT4rYz8,https://youtu.be/DYQ4cT4rYz8?t=1476,2025-09-19T19:26:31Z,00:24:36,00:35:14
まちがいさがし,菅田将暉,DYQ4cT4rYz8,https://youtu.be/DYQ4cT4rYz8?t=2114,2025-09-19T19:26:31Z,00:35:14,00:39:44
桜のあと(all quartets lead to the?),UNISON SQUARE GARDEN,DYQ4cT4rYz8,https://youtu.be/DYQ4cT4rYz8?t=2384,2025-09-19T19:26:31Z,00:39:44,00:45:21
harmonized finale,UNISON SQUARE GARDEN,DYQ4cT4rYz8,https://youtu.be/DYQ4cT4rYz8?t=2721,2025-09-19T19:26:31Z,00:45:21,01:07:21
水平線,back number,DYQ4cT4rYz8,https://youtu.be/DYQ4cT4rYz8?t=4041,2025-09-19T19:26:31Z,01:07:21,01:11:56
スーパースターになったら,back number,DYQ4cT4rYz8,https://youtu.be/DYQ4cT4rYz8?t=4316,2025-09-19T19:26:31Z,01:11:56,01:17:52
おやすみ泣き声、さよなら歌姫,クリープハイプ,DYQ4cT4rYz8,https://youtu.be/DYQ4cT4rYz8?t=4672,2025-09-19T19:26:31Z,01:17:52,01:22:41
NE-TAXI,クリープハイプ,DYQ4cT4rYz8,https://youtu.be/DYQ4cT4rYz8?t=4961,2025-09-19T19:26:31Z,01:22:41,01:26:23
PINK,キタニタツヤ,DYQ4cT4rYz8,https://youtu.be/DYQ4cT4rYz8?t=5183,2025-09-19T19:26:31Z,01:26:23,01:30:04
青のすみか,キタニタツヤ,DYQ4cT4rYz8,https://youtu.be/DYQ4cT4rYz8?t=5404,2025-09-19T19:26:31Z,01:30:04,01:34:07
ピースサイン,米津玄師,DYQ4cT4rYz8,https://youtu.be/DYQ4cT4rYz8?t=5647,2025-09-19T19:26:31Z,01:34:07,01:38:42
アイネクライネ,米津玄師,DYQ4cT4rYz8,https://youtu.be/DYQ4cT4rYz8?t=5922,2025-09-19T19:26:31Z,01:38:42,01:45:28
怪獣,サカナクション,DYQ4cT4rYz8,https://youtu.be/DYQ4cT4rYz8?t=6328,2025-09-19T19:26:31Z,01:45:28,01:51:19
さよならはエモーション,サカナクション,DYQ4cT4rYz8,https://youtu.be/DYQ4cT4rYz8?t=6679,2025-09-19T19:26:31Z,01:51:19,01:55:44
カルマ,BUMP OF CHICKEN,DYQ4cT4rYz8,https://youtu.be/DYQ4cT4rYz8?t=6944,2025-09-19T19:26:31Z,01:55:44,02:14:37
車輪の唄,BUMP OF CHICKEN,DYQ4cT4rYz8,https://youtu.be/DYQ4cT4rYz8?t=8077,2025-09-19T19:26:31Z,02:14:37,02:19:06
sailing day,BUMP OF CHICKEN,DYQ4cT4rYz8,https://youtu.be/DYQ4cT4rYz8?t=8346,2025-09-19T19:26:31Z,02:19:06,02:24:01
strawberry,BUMP OF CHICKEN,DYQ4cT4rYz8,https://youtu.be/DYQ4cT4rYz8?t=8641,2025-09-19T19:26:31Z,02:24:01,02:30:47
Butterfly,BUMP OF CHICKEN,DYQ4cT4rYz8,https://youtu.be/DYQ4cT4rYz8?t=9047,2025-09-19T19:26:31Z,02:30:47,02:36:34
天体観測,BUMP OF CHICKEN,DYQ4cT4rYz8,https://youtu.be/DYQ4cT4rYz8?t=9394,2025-09-19T19:26:31Z,02:36:34,02:41:34
ダイヤモンド,BUMP OF CHICKEN,ISFNqCgF9X8,https://youtu.be/ISFNqCgF9X8?t=885,2025-09-20T17:00:29Z,00:14:45,00:20:25
天体観測,BUMP OF CHICKEN,ISFNqCgF9X8,https://youtu.be/ISFNqCgF9X8?t=1225,2025-09-20T17:00:29Z,00:20:25,00:25:33
ハルジオン,BUMP OF CHICKEN,ISFNqCgF9X8,https://youtu.be/ISFNqCgF9X8?t=1533,2025-09-20T17:00:29Z,00:25:33,00:31:26
sailing day,BUMP OF CHICKEN,ISFNqCgF9X8,https://youtu.be/ISFNqCgF9X8?t=1886,2025-09-20T17:00:29Z,00:31:26,00:35:55
ロストマン,BUMP OF CHICKEN,ISFNqCgF9X8,https://youtu.be/ISFNqCgF9X8?t=2155,2025-09-20T17:00:29Z,00:35:55,00:42:04
オンリー ロンリー グローリー,BUMP OF CHICKEN,ISFNqCgF9X8,https://youtu.be/ISFNqCgF9X8?t=2524,2025-09-20T17:00:29Z,00:42:04,00:47:02
車輪の唄,BUMP OF CHICKEN,ISFNqCgF9X8,https://youtu.be/ISFNqCgF9X8?t=2822,2025-09-20T17:00:29Z,00:47:02,00:52:22
カルマ,BUMP OF CHICKEN,ISFNqCgF9X8,https://youtu.be/ISFNqCgF9X8?t=3142,2025-09-20T17:00:29Z,00:52:22,00:56:53
涙のふるさと,BUMP OF CHICKEN,ISFNqCgF9X8,https://youtu.be/ISFNqCgF9X8?t=3413,2025-09-20T17:00:29Z,00:56:53,01:02:14
メーデー,BUMP OF CHICKEN,ISFNqCgF9X8,https://youtu.be/ISFNqCgF9X8?t=3734,2025-09-20T17:00:29Z,01:02:14,01:08:59
R.I.P.,BUMP OF CHICKEN,ISFNqCgF9X8,https://youtu.be/ISFNqCgF9X8?t=4139,2025-09-20T17:00:29Z,01:08:59,01:15:26
firefly,BUMP OF CHICKEN,ISFNqCgF9X8,https://youtu.be/ISFNqCgF9X8?t=4526,2025-09-20T17:00:29Z,01:15:26,01:21:15
ファイター,BUMP OF CHICKEN,ISFNqCgF9X8,https://youtu.be/ISFNqCgF9X8?t=4875,2025-09-20T17:00:29Z,01:21:15,01:28:23
Aurora,BUMP OF CHICKEN,ISFNqCgF9X8,https://youtu.be/ISFNqCgF9X8?t=5303,2025-09-20T17:00:29Z,01:28:23,01:34:29
アカシア,BUMP OF CHICKEN,ISFNqCgF9X8,https://youtu.be/ISFNqCgF9X8?t=5669,2025-09-20T17:00:29Z,01:34:29,01:39:41
なないろ,BUMP OF CHICKEN,ISFNqCgF9X8,https://youtu.be/ISFNqCgF9X8?t=5981,2025-09-20T17:00:29Z,01:39:41,01:45:08
ギルド,BUMP OF CHICKEN,ISFNqCgF9X8,https://youtu.be/ISFNqCgF9X8?t=6308,2025-09-20T17:00:29Z,01:45:08,01:51:45
ゼロ,BUMP OF CHICKEN,ISFNqCgF9X8,https://youtu.be/ISFNqCgF9X8?t=6705,2025-09-20T17:00:29Z,01:51:45,01:56:45
丸の内サディスティック,椎名林檎,YYsS7EQjS-M,https://youtu.be/YYsS7EQjS-M?t=411,2025-09-21T12:35:57Z,00:06:51,00:15:29
愛を伝えたいだとか,あいみょん,YYsS7EQjS-M,https://youtu.be/YYsS7EQjS-M?t=929,2025-09-21T12:35:57Z,00:15:29,00:19:41
ロビンソン,スピッツ,YYsS7EQjS-M,https://youtu.be/YYsS7EQjS-M?t=1181,2025-09-21T12:35:57Z,00:19:41,00:30:56
鱗（うろこ）,秦基博,YYsS7EQjS-M,https://youtu.be/YYsS7EQjS-M?t=1856,2025-09-21T12:35:57Z,00:30:56,00:37:46
最後の雨,中西保志,YYsS7EQjS-M,https://youtu.be/YYsS7EQjS-M?t=2266,2025-09-21T12:35:57Z,00:37:46,00:50:31
青いベンチ,サスケ,YYsS7EQjS-M,https://youtu.be/YYsS7EQjS-M?t=3031,2025-09-21T12:35:57Z,00:50:31,01:08:44
さよならエレジー,菅田将暉,YYsS7EQjS-M,https://youtu.be/YYsS7EQjS-M?t=4124,2025-09-21T12:35:57Z,01:08:44,01:18:26
極彩的ミラージュ,蜜乃木ジル,YYsS7EQjS-M,https://youtu.be/YYsS7EQjS-M?t=4706,2025-09-21T12:35:57Z,01:18:26,01:23:26
ホリデイ,BUMP OF CHICKEN,cOkNFDhO7HE,https://youtu.be/cOkNFDhO7HE?t=421,2025-09-21T21:23:52Z,00:07:01,00:14:16
かさぶたぶたぶ,BUMP OF CHICKEN,cOkNFDhO7HE,https://youtu.be/cOkNFDhO7HE?t=856,2025-09-21T21:23:52Z,00:14:16,00:22:13
アカシア,BUMP OF CHICKEN,cOkNFDhO7HE,https://youtu.be/cOkNFDhO7HE?t=1333,2025-09-21T21:23:52Z,00:22:13,00:28:38
サザンクロス,BUMP OF CHICKEN,cOkNFDhO7HE,https://youtu.be/cOkNFDhO7HE?t=1718,2025-09-21T21:23:52Z,00:28:38,00:33:33
Stage of the ground,BUMP OF CHICKEN,cOkNFDhO7HE,https://youtu.be/cOkNFDhO7HE?t=2013,2025-09-21T21:23:52Z,00:33:33,00:40:17
トーチ,BUMP OF CHICKEN,cOkNFDhO7HE,https://youtu.be/cOkNFDhO7HE?t=2417,2025-09-21T21:23:52Z,00:40:17,00:49:39
あいうぉんとぅーびーはぴー！,ミナミイズミ,cOkNFDhO7HE,https://youtu.be/cOkNFDhO7HE?t=2979,2025-09-21T21:23:52Z,00:49:39,00:55:55
望遠のマーチ,BUMP OF CHICKEN,cOkNFDhO7HE,https://youtu.be/cOkNFDhO7HE?t=3355,2025-09-21T21:23:52Z,00:55:55,01:01:33
ダンデライオン,BUMP OF CHICKEN,cOkNFDhO7HE,https://youtu.be/cOkNFDhO7HE?t=3693,2025-09-21T21:23:52Z,01:01:33,01:05:34
アルエ,BUMP OF CHICKEN,cOkNFDhO7HE,https://youtu.be/cOkNFDhO7HE?t=3934,2025-09-21T21:23:52Z,01:05:34,01:10:42
孤独の合唱,BUMP OF CHICKEN,cOkNFDhO7HE,https://youtu.be/cOkNFDhO7HE?t=4242,2025-09-21T21:23:52Z,01:10:42,01:16:32
morning glow,BUMP OF CHICKEN,cOkNFDhO7HE,https://youtu.be/cOkNFDhO7HE?t=4592,2025-09-21T21:23:52Z,01:16:32,01:22:03
歩く幽霊,BUMP OF CHICKEN,cOkNFDhO7HE,https://youtu.be/cOkNFDhO7HE?t=4923,2025-09-21T21:23:52Z,01:22:03,01:26:38
アンサー,BUMP OF CHICKEN,cOkNFDhO7HE,https://youtu.be/cOkNFDhO7HE?t=5198,2025-09-21T21:23:52Z,01:26:38,01:32:16
ガラスのブルース,BUMP OF CHICKEN,cOkNFDhO7HE,https://youtu.be/cOkNFDhO7HE?t=5536,2025-09-21T21:23:52Z,01:32:16,01:39:09
月虹,BUMP OF CHICKEN,cOkNFDhO7HE,https://youtu.be/cOkNFDhO7HE?t=5949,2025-09-21T21:23:52Z,01:39:09,01:45:15
なないろ,BUMP OF CHICKEN,cOkNFDhO7HE,https://youtu.be/cOkNFDhO7HE?t=6315,2025-09-21T21:23:52Z,01:45:15,01:50:15
雨とカプチーノ,ヨルシカ,Bl8o-p8ZkfQ,https://youtu.be/Bl8o-p8ZkfQ?t=937,2025-09-22T19:19:50Z,00:15:37,00:24:46
セプテンバーさん,RADWIMPS,Bl8o-p8ZkfQ,https://youtu.be/Bl8o-p8ZkfQ?t=1486,2025-09-22T19:19:50Z,00:24:46,00:31:38
ムーンライト伝説,DALI,Bl8o-p8ZkfQ,https://youtu.be/Bl8o-p8ZkfQ?t=1898,2025-09-22T19:19:50Z,00:31:38,00:39:06
秒針を噛む,ずっと真夜中でいいのに。,Bl8o-p8ZkfQ,https://youtu.be/Bl8o-p8ZkfQ?t=2346,2025-09-22T19:19:50Z,00:39:06,00:54:14
私の思春期へ,赤頬思春期,Bl8o-p8ZkfQ,https://youtu.be/Bl8o-p8ZkfQ?t=3254,2025-09-22T19:19:50Z,00:54:14,01:15:35
またねがあれば,澤田空海理,Bl8o-p8ZkfQ,https://youtu.be/Bl8o-p8ZkfQ?t=4535,2025-09-22T19:19:50Z,01:15:35,01:22:00
シリョクケンサ,40mP,Bl8o-p8ZkfQ,https://youtu.be/Bl8o-p8ZkfQ?t=4920,2025-09-22T19:19:50Z,01:22:00,01:29:19
わたしの一番かわいいところ,FRUITS ZIPPER,Bl8o-p8ZkfQ,https://youtu.be/Bl8o-p8ZkfQ?t=5359,2025-09-22T19:19:50Z,01:29:19,01:34:39
Calc.,ジミーサムP,Bl8o-p8ZkfQ,https://youtu.be/Bl8o-p8ZkfQ?t=5679,2025-09-22T19:19:50Z,01:34:39,01:39:32
藍二乗,ヨルシカ,Bl8o-p8ZkfQ,https://youtu.be/Bl8o-p8ZkfQ?t=5972,2025-09-22T19:19:50Z,01:39:32,01:44:32
サウダージ,ポルノグラフィティ,N40HV2DWkHY,https://youtu.be/N40HV2DWkHY?t=436,2025-09-23T12:23:16Z,00:07:16,00:16:05
君の知らない物語,supercell,N40HV2DWkHY,https://youtu.be/N40HV2DWkHY?t=965,2025-09-23T12:23:16Z,00:16:05,00:22:05
ray,BUMP OF CHICKEN,N40HV2DWkHY,https://youtu.be/N40HV2DWkHY?t=1325,2025-09-23T12:23:16Z,00:22:05,00:32:51
打上花火,DAOKO×米津玄師,N40HV2DWkHY,https://youtu.be/N40HV2DWkHY?t=1971,2025-09-23T12:23:16Z,00:32:51,00:37:54
真夏の果実,サザンオールスターズ,N40HV2DWkHY,https://youtu.be/N40HV2DWkHY?t=2274,2025-09-23T12:23:16Z,00:37:54,00:50:41
ブルーバード,いきものがかり,N40HV2DWkHY,https://youtu.be/N40HV2DWkHY?t=3041,2025-09-23T12:23:16Z,00:50:41,00:55:31
サムライハート(Some Like It Hot!!),SPYAIR,N40HV2DWkHY,https://youtu.be/N40HV2DWkHY?t=3331,2025-09-23T12:23:16Z,00:55:31,01:08:33
Awaken Now,松永依織,N40HV2DWkHY,https://youtu.be/N40HV2DWkHY?t=4113,2025-09-23T12:23:16Z,01:08:33,01:13:33
微笑みの爆弾,馬渡松子,dUkM_uE7dMo,https://youtu.be/dUkM_uE7dMo?t=1398,2025-09-23T19:04:07Z,00:23:18,00:33:44
セントエルモの火,皇美緒奈,dUkM_uE7dMo,https://youtu.be/dUkM_uE7dMo?t=2024,2025-09-23T19:04:07Z,00:33:44,00:50:15
CHE.R.RY,YUI,dUkM_uE7dMo,https://youtu.be/dUkM_uE7dMo?t=3015,2025-09-23T19:04:07Z,00:50:15,00:55:58
水色ファンファーレ,白河しらせ,dUkM_uE7dMo,https://youtu.be/dUkM_uE7dMo?t=3358,2025-09-23T19:04:07Z,00:55:58,01:03:21
ロビンソン,スピッツ,dUkM_uE7dMo,https://youtu.be/dUkM_uE7dMo?t=3801,2025-09-23T19:04:07Z,01:03:21,01:11:34
極彩的ミラージュ,蜜乃木ジル,dUkM_uE7dMo,https://youtu.be/dUkM_uE7dMo?t=4294,2025-09-23T19:04:07Z,01:11:34,01:21:36
ブルーバード,いきものがかり,dUkM_uE7dMo,https://youtu.be/dUkM_uE7dMo?t=4896,2025-09-23T19:04:07Z,01:21:36,01:36:54
Awaken Now,松永依織,dUkM_uE7dMo,https://youtu.be/dUkM_uE7dMo?t=5814,2025-09-23T19:04:07Z,01:36:54,01:41:54
リンネ,ハチ,oN6YPLl8Y84,https://youtu.be/oN6YPLl8Y84?t=1486,2025-09-24T16:55:29Z,00:24:46,00:29:32
マトリョシカ,ハチ,oN6YPLl8Y84,https://youtu.be/oN6YPLl8Y84?t=1772,2025-09-24T16:55:29Z,00:29:32,00:33:55
ワールド・ランプシェード,buzzG,oN6YPLl8Y84,https://youtu.be/oN6YPLl8Y84?t=2035,2025-09-24T16:55:29Z,00:33:55,00:39:25
しわ,buzzG,oN6YPLl8Y84,https://youtu.be/oN6YPLl8Y84?t=2365,2025-09-24T16:55:29Z,00:39:25,00:47:37
ハロ／ハワユ,ナノウ,oN6YPLl8Y84,https://youtu.be/oN6YPLl8Y84?t=2857,2025-09-24T16:55:29Z,00:47:37,00:52:40
小夜子,みきとP,oN6YPLl8Y84,https://youtu.be/oN6YPLl8Y84?t=3160,2025-09-24T16:55:29Z,00:52:40,00:57:45
少女レイ,みきとP,oN6YPLl8Y84,https://youtu.be/oN6YPLl8Y84?t=3465,2025-09-24T16:55:29Z,00:57:45,01:03:07
サリシノハラ,みきとP,oN6YPLl8Y84,https://youtu.be/oN6YPLl8Y84?t=3787,2025-09-24T16:55:29Z,01:03:07,01:09:34
トリノコシティ,40mP,oN6YPLl8Y84,https://youtu.be/oN6YPLl8Y84?t=4174,2025-09-24T16:55:29Z,01:09:34,01:13:11
からくりピエロ,40mP,oN6YPLl8Y84,https://youtu.be/oN6YPLl8Y84?t=4391,2025-09-24T16:55:29Z,01:13:11,01:18:51
脳漿炸裂ガール,れるりり,oN6YPLl8Y84,https://youtu.be/oN6YPLl8Y84?t=4731,2025-09-24T16:55:29Z,01:18:51,01:22:38
モザイクロール,DECO*27,oN6YPLl8Y84,https://youtu.be/oN6YPLl8Y84?t=4958,2025-09-24T16:55:29Z,01:22:38,01:26:35
ロストワンの号哭,Neru,oN6YPLl8Y84,https://youtu.be/oN6YPLl8Y84?t=5195,2025-09-24T16:55:29Z,01:26:35,01:30:38
六兆年と一夜物語,kemu,oN6YPLl8Y84,https://youtu.be/oN6YPLl8Y84?t=5438,2025-09-24T16:55:29Z,01:30:38,01:34:43
Just Be Friends,Dixie Flatline,oN6YPLl8Y84,https://youtu.be/oN6YPLl8Y84?t=5683,2025-09-24T16:55:29Z,01:34:43,01:40:39
ルカルカ★ナイトフィーバー,samfree,oN6YPLl8Y84,https://youtu.be/oN6YPLl8Y84?t=6039,2025-09-24T16:55:29Z,01:40:39,01:45:24
ロミオとシンデレラ,doriko,oN6YPLl8Y84,https://youtu.be/oN6YPLl8Y84?t=6324,2025-09-24T16:55:29Z,01:45:24,01:51:41
千本桜,黒うさP,oN6YPLl8Y84,https://youtu.be/oN6YPLl8Y84?t=6701,2025-09-24T16:55:29Z,01:51:41,01:59:14
Calc.,ジミーサムP,oN6YPLl8Y84,https://youtu.be/oN6YPLl8Y84?t=7154,2025-09-24T16:55:29Z,01:59:14,02:04:14
パレード,BUMP OF CHICKEN,zmo2hLXfBNU,https://youtu.be/zmo2hLXfBNU?t=1129,2025-09-25T17:25:32Z,00:18:49,00:23:35
"Hello,world!",BUMP OF CHICKEN,zmo2hLXfBNU,https://youtu.be/zmo2hLXfBNU?t=1415,2025-09-25T17:25:32Z,00:23:35,00:30:22
ハンマーソングと痛みの塔,BUMP OF CHICKEN,zmo2hLXfBNU,https://youtu.be/zmo2hLXfBNU?t=1822,2025-09-25T17:25:32Z,00:30:22,00:36:29
才悩人応援歌,BUMP OF CHICKEN,zmo2hLXfBNU,https://youtu.be/zmo2hLXfBNU?t=2189,2025-09-25T17:25:32Z,00:36:29,00:41:33
morning glow,BUMP OF CHICKEN,zmo2hLXfBNU,https://youtu.be/zmo2hLXfBNU?t=2493,2025-09-25T17:25:32Z,00:41:33,00:46:41
ファイター,BUMP OF CHICKEN,zmo2hLXfBNU,https://youtu.be/zmo2hLXfBNU?t=2801,2025-09-25T17:25:32Z,00:46:41,00:54:18
太陽,BUMP OF CHICKEN,zmo2hLXfBNU,https://youtu.be/zmo2hLXfBNU?t=3258,2025-09-25T17:25:32Z,00:54:18,01:11:37
ギルド,BUMP OF CHICKEN,zmo2hLXfBNU,https://youtu.be/zmo2hLXfBNU?t=4297,2025-09-25T17:25:32Z,01:11:37,01:29:08
ハルジオン,BUMP OF CHICKEN,zmo2hLXfBNU,https://youtu.be/zmo2hLXfBNU?t=5348,2025-09-25T17:25:32Z,01:29:08,01:34:21
embrace,BUMP OF CHICKEN,zmo2hLXfBNU,https://youtu.be/zmo2hLXfBNU?t=5661,2025-09-25T17:25:32Z,01:34:21,01:41:44
虹を待つ人,BUMP OF CHICKEN,zmo2hLXfBNU,https://youtu.be/zmo2hLXfBNU?t=6104,2025-09-25T17:25:32Z,01:41:44,01:50:17
乗車権,BUMP OF CHICKEN,zmo2hLXfBNU,https://youtu.be/zmo2hLXfBNU?t=6617,2025-09-25T17:25:32Z,01:50:17,01:55:34
supernova,BUMP OF CHICKEN,zmo2hLXfBNU,https://youtu.be/zmo2hLXfBNU?t=6934,2025-09-25T17:25:32Z,01:55:34,02:06:57
ガラスのブルース,BUMP OF CHICKEN,zmo2hLXfBNU,https://youtu.be/zmo2hLXfBNU?t=7617,2025-09-25T17:25:32Z,02:06:57,02:13:55
ray,BUMP OF CHICKEN,zmo2hLXfBNU,https://youtu.be/zmo2hLXfBNU?t=8035,2025-09-25T17:25:32Z,02:13:55,02:23:18
コロニー,BUMP OF CHICKEN,zmo2hLXfBNU,https://youtu.be/zmo2hLXfBNU?t=8598,2025-09-25T17:25:32Z,02:23:18,02:29:22
カルマ,BUMP OF CHICKEN,zmo2hLXfBNU,https://youtu.be/zmo2hLXfBNU?t=8962,2025-09-25T17:25:32Z,02:29:22,02:34:22
マリーゴールド,あいみょん,0NdIroW6EO8,https://youtu.be/0NdIroW6EO8?t=731,2025-09-26T10:22:17Z,00:12:11,00:18:28
斜陽,ヨルシカ,0NdIroW6EO8,https://youtu.be/0NdIroW6EO8?t=1108,2025-09-26T10:22:17Z,00:18:28,00:22:38
真っ赤な空を見ただろうか,BUMP OF CHICKEN,0NdIroW6EO8,https://youtu.be/0NdIroW6EO8?t=1358,2025-09-26T10:22:17Z,00:22:38,00:36:36
ドーナツホール,ハチ,0NdIroW6EO8,https://youtu.be/0NdIroW6EO8?t=2196,2025-09-26T10:22:17Z,00:36:36,00:40:46
チェリー,スピッツ,0NdIroW6EO8,https://youtu.be/0NdIroW6EO8?t=2446,2025-09-26T10:22:17Z,00:40:46,00:45:36
火星人,ヨルシカ,0NdIroW6EO8,https://youtu.be/0NdIroW6EO8?t=2736,2025-09-26T10:22:17Z,00:45:36,00:50:07
水平線,back number,0NdIroW6EO8,https://youtu.be/0NdIroW6EO8?t=3007,2025-09-26T10:22:17Z,00:50:07,00:55:16
高嶺の花子さん,back number,0NdIroW6EO8,https://youtu.be/0NdIroW6EO8?t=3316,2025-09-26T10:22:17Z,00:55:16,01:01:02
星間飛行,ランカ・リー＝中島愛,0NdIroW6EO8,https://youtu.be/0NdIroW6EO8?t=3662,2025-09-26T10:22:17Z,01:01:02,01:06:28
タッチ,岩崎良美,0NdIroW6EO8,https://youtu.be/0NdIroW6EO8?t=3988,2025-09-26T10:22:17Z,01:06:28,01:10:31
栞,クリープハイプ,0NdIroW6EO8,https://youtu.be/0NdIroW6EO8?t=4231,2025-09-26T10:22:17Z,01:10:31,01:16:02
青のすみか,キタニタツヤ,0NdIroW6EO8,https://youtu.be/0NdIroW6EO8?t=4562,2025-09-26T10:22:17Z,01:16:02,01:20:04
夏空,Galileo Galilei,0NdIroW6EO8,https://youtu.be/0NdIroW6EO8?t=4804,2025-09-26T10:22:17Z,01:20:04,01:26:12
美しい鰭,スピッツ,0NdIroW6EO8,https://youtu.be/0NdIroW6EO8?t=5172,2025-09-26T10:22:17Z,01:26:12,01:30:34
again,YUI,0NdIroW6EO8,https://youtu.be/0NdIroW6EO8?t=5434,2025-09-26T10:22:17Z,01:30:34,01:35:16
雨とカプチーノ,ヨルシカ,0NdIroW6EO8,https://youtu.be/0NdIroW6EO8?t=5716,2025-09-26T10:22:17Z,01:35:16,01:40:17
トレモロ,RADWIMPS,0NdIroW6EO8,https://youtu.be/0NdIroW6EO8?t=6017,2025-09-26T10:22:17Z,01:40:17,01:45:27
弱虫モンブラン,DECO*27,0NdIroW6EO8,https://youtu.be/0NdIroW6EO8?t=6327,2025-09-26T10:22:17Z,01:45:27,01:50:20
怪獣,サカナクション,0NdIroW6EO8,https://youtu.be/0NdIroW6EO8?t=6620,2025-09-26T10:22:17Z,01:50:20,01:55:28
KissHug,aiko,0NdIroW6EO8,https://youtu.be/0NdIroW6EO8?t=6928,2025-09-26T10:22:17Z,01:55:28,02:01:50
車輪の唄,BUMP OF CHICKEN,0NdIroW6EO8,https://youtu.be/0NdIroW6EO8?t=7310,2025-09-26T10:22:17Z,02:01:50,02:06:45
怪獣の花唄,Vaundy,0NdIroW6EO8,https://youtu.be/0NdIroW6EO8?t=7605,2025-09-26T10:22:17Z,02:06:45,02:11:45
都会,ミナミイズミ,nZLtH48nlGA,https://youtu.be/nZLtH48nlGA?t=1977,2025-09-26T15:46:26Z,00:32:57,00:37:57
アンパンマンのマーチ,ドリーミング,ZqXExRQaTxM,https://youtu.be/ZqXExRQaTxM?t=986,2025-09-26T17:07:03Z,00:16:26,00:20:42
シルエット,KANA-BOON,ZqXExRQaTxM,https://youtu.be/ZqXExRQaTxM?t=1242,2025-09-26T17:07:03Z,00:20:42,00:27:34
インフェルノ,Mrs. GREEN APPLE,ZqXExRQaTxM,https://youtu.be/ZqXExRQaTxM?t=1654,2025-09-26T17:07:03Z,00:27:34,00:31:27
オリオンをなぞる,UNISON SQUARE GARDEN,ZqXExRQaTxM,https://youtu.be/ZqXExRQaTxM?t=1887,2025-09-26T17:07:03Z,00:31:27,00:37:20
季節は次々死んでいく,amazarashi,ZqXExRQaTxM,https://youtu.be/ZqXExRQaTxM?t=2240,2025-09-26T17:07:03Z,00:37:20,00:50:44
残酷な天使のテーゼ,高橋洋子,ZqXExRQaTxM,https://youtu.be/ZqXExRQaTxM?t=3044,2025-09-26T17:07:03Z,00:50:44,00:55:40
God knows...,涼宮ハルヒ(平野綾),ZqXExRQaTxM,https://youtu.be/ZqXExRQaTxM?t=3340,2025-09-26T17:07:03Z,00:55:40,01:02:00
ブルーバード,いきものがかり,ZqXExRQaTxM,https://youtu.be/ZqXExRQaTxM?t=3720,2025-09-26T17:07:03Z,01:02:00,01:09:19
めざせポケモンマスター,松本梨香,ZqXExRQaTxM,https://youtu.be/ZqXExRQaTxM?t=4159,2025-09-26T17:07:03Z,01:09:19,01:18:03
sailing day,BUMP OF CHICKEN,ZqXExRQaTxM,https://youtu.be/ZqXExRQaTxM?t=4683,2025-09-26T17:07:03Z,01:18:03,01:25:31
月虹,BUMP OF CHICKEN,ZqXExRQaTxM,https://youtu.be/ZqXExRQaTxM?t=5131,2025-09-26T17:07:03Z,01:25:31,01:30:31
欲望に満ちた青年団,ONE OK ROCK,2UHvo5D5nYo,https://youtu.be/2UHvo5D5nYo?t=826,2025-09-27T16:00:46Z,00:13:46,00:18:46
雨晴るる,ヨルシカ,2UHvo5D5nYo,https://youtu.be/2UHvo5D5nYo?t=1126,2025-09-27T16:00:46Z,00:18:46,00:25:20
夜明けと蛍,n-buna,2UHvo5D5nYo,https://youtu.be/2UHvo5D5nYo?t=1520,2025-09-27T16:00:46Z,00:25:20,00:30:36
アイネクライネ,米津玄師,2UHvo5D5nYo,https://youtu.be/2UHvo5D5nYo?t=1836,2025-09-27T16:00:46Z,00:30:36,00:36:55
夏空,Galileo Galilei,2UHvo5D5nYo,https://youtu.be/2UHvo5D5nYo?t=2215,2025-09-27T16:00:46Z,00:36:55,00:42:57
大声ダイヤモンド,AKB48,2UHvo5D5nYo,https://youtu.be/2UHvo5D5nYo?t=2577,2025-09-27T16:00:46Z,00:42:57,00:48:14
気まぐれロマンティック,いきものがかり,2UHvo5D5nYo,https://youtu.be/2UHvo5D5nYo?t=2894,2025-09-27T16:00:46Z,00:48:14,00:54:27
晴る,ヨルシカ,2UHvo5D5nYo,https://youtu.be/2UHvo5D5nYo?t=3267,2025-09-27T16:00:46Z,00:54:27,01:00:18
花に嵐,米津玄師,2UHvo5D5nYo,https://youtu.be/2UHvo5D5nYo?t=3618,2025-09-27T16:00:46Z,01:00:18,01:05:57
ピースサイン,米津玄師,2UHvo5D5nYo,https://youtu.be/2UHvo5D5nYo?t=3957,2025-09-27T16:00:46Z,01:05:57,01:10:57
夏空,Galileo Galilei,pnxeFZFreFU,https://youtu.be/pnxeFZFreFU?t=1115,2025-09-28T14:48:21Z,00:18:35,00:26:10
クライマー,Galileo Galilei,pnxeFZFreFU,https://youtu.be/pnxeFZFreFU?t=1570,2025-09-28T14:48:21Z,00:26:10,00:29:47
サークルゲーム,Galileo Galilei,pnxeFZFreFU,https://youtu.be/pnxeFZFreFU?t=1787,2025-09-28T14:48:21Z,00:29:47,00:35:28
恋の寿命,Galileo Galilei,pnxeFZFreFU,https://youtu.be/pnxeFZFreFU?t=2128,2025-09-28T14:48:21Z,00:35:28,00:40:46
明日へ,Galileo Galilei,pnxeFZFreFU,https://youtu.be/pnxeFZFreFU?t=2446,2025-09-28T14:48:21Z,00:40:46,00:46:26
バナナフィッシュの浜辺と黒い虹,Galileo Galilei,pnxeFZFreFU,https://youtu.be/pnxeFZFreFU?t=2786,2025-09-28T14:48:21Z,00:46:26,00:52:16
ハローグッバイ,Galileo Galilei,pnxeFZFreFU,https://youtu.be/pnxeFZFreFU?t=3136,2025-09-28T14:48:21Z,00:52:16,00:57:08
四ツ葉さがしの旅人,Galileo Galilei,pnxeFZFreFU,https://youtu.be/pnxeFZFreFU?t=3428,2025-09-28T14:48:21Z,00:57:08,01:02:05
僕から君へ,Galileo Galilei,pnxeFZFreFU,https://youtu.be/pnxeFZFreFU?t=3725,2025-09-28T14:48:21Z,01:02:05,01:12:23
青い栞,Galileo Galilei,pnxeFZFreFU,https://youtu.be/pnxeFZFreFU?t=4343,2025-09-28T14:48:21Z,01:12:23,01:17:23
高嶺の花子さん,back number,OpuJsPLdI7c,https://youtu.be/OpuJsPLdI7c?t=1210,2025-09-29T18:48:05Z,00:20:10,00:26:57
Catch the Moment,LiSA,OpuJsPLdI7c,https://youtu.be/OpuJsPLdI7c?t=1617,2025-09-29T18:48:05Z,00:26:57,00:33:40
紅蓮華,LiSA,OpuJsPLdI7c,https://youtu.be/OpuJsPLdI7c?t=2020,2025-09-29T18:48:05Z,00:33:40,00:38:24
ノーザンクロス,シェリル・ノーム starring May'n,OpuJsPLdI7c,https://youtu.be/OpuJsPLdI7c?t=2304,2025-09-29T18:48:05Z,00:38:24,00:42:50
again,YUI,OpuJsPLdI7c,https://youtu.be/OpuJsPLdI7c?t=2570,2025-09-29T18:48:05Z,00:42:50,00:48:08
千本桜,黒うさP,OpuJsPLdI7c,https://youtu.be/OpuJsPLdI7c?t=2888,2025-09-29T18:48:05Z,00:48:08,00:52:24
季節は次々死んでいく,amazarashi,OpuJsPLdI7c,https://youtu.be/OpuJsPLdI7c?t=3144,2025-09-29T18:48:05Z,00:52:24,00:58:28
空に歌えば,amazarashi,OpuJsPLdI7c,https://youtu.be/OpuJsPLdI7c?t=3508,2025-09-29T18:48:05Z,00:58:28,01:03:13
スターライト,amazarashi,OpuJsPLdI7c,https://youtu.be/OpuJsPLdI7c?t=3793,2025-09-29T18:48:05Z,01:03:13,01:08:47
ローリンガール,wowaka,OpuJsPLdI7c,https://youtu.be/OpuJsPLdI7c?t=4127,2025-09-29T18:48:05Z,01:08:47,01:12:41
愛迷エレジー,DECO*27,OpuJsPLdI7c,https://youtu.be/OpuJsPLdI7c?t=4361,2025-09-29T18:48:05Z,01:12:41,01:17:03
爆弾魔,ヨルシカ,OpuJsPLdI7c,https://youtu.be/OpuJsPLdI7c?t=4623,2025-09-29T18:48:05Z,01:17:03,01:21:16
八月、某、月明かり,ヨルシカ,OpuJsPLdI7c,https://youtu.be/OpuJsPLdI7c?t=4876,2025-09-29T18:48:05Z,01:21:16,01:26:49
アイデンティティ,サカナクション,OpuJsPLdI7c,https://youtu.be/OpuJsPLdI7c?t=5209,2025-09-29T18:48:05Z,01:26:49,01:32:06
夜咄ディセイブ,じん,OpuJsPLdI7c,https://youtu.be/OpuJsPLdI7c?t=5526,2025-09-29T18:48:05Z,01:32:06,01:36:49
東京テディベア,Neru,OpuJsPLdI7c,https://youtu.be/OpuJsPLdI7c?t=5809,2025-09-29T18:48:05Z,01:36:49,01:40:42
フライングゲット,AKB48,OpuJsPLdI7c,https://youtu.be/OpuJsPLdI7c?t=6042,2025-09-29T18:48:05Z,01:40:42,01:45:47
天体観測,BUMP OF CHICKEN,OpuJsPLdI7c,https://youtu.be/OpuJsPLdI7c?t=6347,2025-09-29T18:48:05Z,01:45:47,01:53:38
アカシア,BUMP OF CHICKEN,OpuJsPLdI7c,https://youtu.be/OpuJsPLdI7c?t=6818,2025-09-29T18:48:05Z,01:53:38,01:58:10
カルマ,BUMP OF CHICKEN,OpuJsPLdI7c,https://youtu.be/OpuJsPLdI7c?t=7090,2025-09-29T18:48:05Z,01:58:10,02:03:10
雨とカプチーノ,ヨルシカ,146CpIqqhTQ,https://youtu.be/146CpIqqhTQ?t=975,2025-09-30T13:12:53Z,00:16:15,00:23:44
丸の内サディスティック,椎名林檎,146CpIqqhTQ,https://youtu.be/146CpIqqhTQ?t=1424,2025-09-30T13:12:53Z,00:23:44,00:28:08
ロビンソン,スピッツ,146CpIqqhTQ,https://youtu.be/146CpIqqhTQ?t=1688,2025-09-30T13:12:53Z,00:28:08,00:33:32
水平線,back number,146CpIqqhTQ,https://youtu.be/146CpIqqhTQ?t=2012,2025-09-30T13:12:53Z,00:33:32,00:41:21
セプテンバーさん,RADWIMPS,146CpIqqhTQ,https://youtu.be/146CpIqqhTQ?t=2481,2025-09-30T13:12:53Z,00:41:21,00:47:13
夏色,ゆず,146CpIqqhTQ,https://youtu.be/146CpIqqhTQ?t=2833,2025-09-30T13:12:53Z,00:47:13,00:52:34
アイネクライネ,米津玄師,146CpIqqhTQ,https://youtu.be/146CpIqqhTQ?t=3154,2025-09-30T13:12:53Z,00:52:34,01:01:57
サムライハート(Some Like It Hot!!),SPYAIR,146CpIqqhTQ,https://youtu.be/146CpIqqhTQ?t=3717,2025-09-30T13:12:53Z,01:01:57,01:06:32
Calc.,ジミーサムP,146CpIqqhTQ,https://youtu.be/146CpIqqhTQ?t=3992,2025-09-30T13:12:53Z,01:06:32,01:12:59
怪獣,サカナクション,146CpIqqhTQ,https://youtu.be/146CpIqqhTQ?t=4379,2025-09-30T13:12:53Z,01:12:59,01:19:30
アイデンティティ,サカナクション,146CpIqqhTQ,https://youtu.be/146CpIqqhTQ?t=4770,2025-09-30T13:12:53Z,01:19:30,01:24:56
オリオンをなぞる,UNISON SQUARE GARDEN,146CpIqqhTQ,https://youtu.be/146CpIqqhTQ?t=5096,2025-09-30T13:12:53Z,01:24:56,01:29:58
ヒッチコック,ヨルシカ,146CpIqqhTQ,https://youtu.be/146CpIqqhTQ?t=5398,2025-09-30T13:12:53Z,01:29:58,01:34:34
晴る,ヨルシカ,146CpIqqhTQ,https://youtu.be/146CpIqqhTQ?t=5674,2025-09-30T13:12:53Z,01:34:34,01:40:38
ただ君に晴れ,ヨルシカ,146CpIqqhTQ,https://youtu.be/146CpIqqhTQ?t=6038,2025-09-30T13:12:53Z,01:40:38,01:46:17
だから僕は音楽を辞めた,ヨルシカ,146CpIqqhTQ,https://youtu.be/146CpIqqhTQ?t=6377,2025-09-30T13:12:53Z,01:46:17,01:52:02
ロミオとシンデレラ,doriko,146CpIqqhTQ,https://youtu.be/146CpIqqhTQ?t=6722,2025-09-30T13:12:53Z,01:52:02,01:57:50
有心論,RADWIMPS,146CpIqqhTQ,https://youtu.be/146CpIqqhTQ?t=7070,2025-09-30T13:12:53Z,01:57:50,02:02:54
トレモロ,RADWIMPS,146CpIqqhTQ,https://youtu.be/146CpIqqhTQ?t=7374,2025-09-30T13:12:53Z,02:02:54,02:07:18
鱗（うろこ）,秦基博,146CpIqqhTQ,https://youtu.be/146CpIqqhTQ?t=7638,2025-09-30T13:12:53Z,02:07:18,02:13:57
車輪の唄,BUMP OF CHICKEN,146CpIqqhTQ,https://youtu.be/146CpIqqhTQ?t=8037,2025-09-30T13:12:53Z,02:13:57,02:19:03
アカシア,BUMP OF CHICKEN,146CpIqqhTQ,https://youtu.be/146CpIqqhTQ?t=8343,2025-09-30T13:12:53Z,02:19:03,02:23:34
天体観測,BUMP OF CHICKEN,146CpIqqhTQ,https://youtu.be/146CpIqqhTQ?t=8614,2025-09-30T13:12:53Z,02:23:34,02:30:11
Break through,ミナミイズミ,146CpIqqhTQ,https://youtu.be/146CpIqqhTQ?t=9011,2025-09-30T13:12:53Z,02:30:11,02:35:11
プレゼント,JITTERIN'JINN,A_oW9Fz4K3k,https://youtu.be/A_oW9Fz4K3k?t=1292,2025-10-01T16:25:07Z,00:21:32,00:27:56
年下の男の子,キャンディーズ,A_oW9Fz4K3k,https://youtu.be/A_oW9Fz4K3k?t=1676,2025-10-01T16:25:07Z,00:27:56,00:34:18
永遠はきらい,上白石萌音,A_oW9Fz4K3k,https://youtu.be/A_oW9Fz4K3k?t=2058,2025-10-01T16:25:07Z,00:34:18,00:39:00
最上級にかわいいの！,超ときめき♡宣伝部,A_oW9Fz4K3k,https://youtu.be/A_oW9Fz4K3k?t=2340,2025-10-01T16:25:07Z,00:39:00,00:43:29
さくらんぼ,大塚愛,A_oW9Fz4K3k,https://youtu.be/A_oW9Fz4K3k?t=2609,2025-10-01T16:25:07Z,00:43:29,00:47:44
チョコレイト・ディスコ,Perfume,A_oW9Fz4K3k,https://youtu.be/A_oW9Fz4K3k?t=2864,2025-10-01T16:25:07Z,00:47:44,00:52:52
ナチュラルに恋して,Perfume,A_oW9Fz4K3k,https://youtu.be/A_oW9Fz4K3k?t=3172,2025-10-01T16:25:07Z,00:52:52,00:58:57
会いたかった,AKB48,A_oW9Fz4K3k,https://youtu.be/A_oW9Fz4K3k?t=3537,2025-10-01T16:25:07Z,00:58:57,01:02:57
Everyday、カチューシャ,AKB48,A_oW9Fz4K3k,https://youtu.be/A_oW9Fz4K3k?t=3777,2025-10-01T16:25:07Z,01:02:57,01:08:30
大声ダイヤモンド,AKB48,A_oW9Fz4K3k,https://youtu.be/A_oW9Fz4K3k?t=4110,2025-10-01T16:25:07Z,01:08:30,01:13:27
わたしの一番かわいいところ,FRUITS ZIPPER,A_oW9Fz4K3k,https://youtu.be/A_oW9Fz4K3k?t=4407,2025-10-01T16:25:07Z,01:13:27,01:18:46
恋愛レボリューション21,モーニング娘。,A_oW9Fz4K3k,https://youtu.be/A_oW9Fz4K3k?t=4726,2025-10-01T16:25:07Z,01:18:46,01:25:21
ポニーテールとシュシュ,AKB48,A_oW9Fz4K3k,https://youtu.be/A_oW9Fz4K3k?t=5121,2025-10-01T16:25:07Z,01:25:21,01:30:21
ドリフの早口ことば,ザ・ドリフターズ,rbqxK0Qyv2w,https://youtu.be/rbqxK0Qyv2w?t=878,2025-10-02T18:22:57Z,00:14:38,00:26:09
社会の窓,クリープハイプ,rbqxK0Qyv2w,https://youtu.be/rbqxK0Qyv2w?t=1569,2025-10-02T18:22:57Z,00:26:09,00:30:30
裏表ラバーズ,wowaka,rbqxK0Qyv2w,https://youtu.be/rbqxK0Qyv2w?t=1830,2025-10-02T18:22:57Z,00:30:30,00:34:46
ワールズエンド・ダンスホール,wowaka,rbqxK0Qyv2w,https://youtu.be/rbqxK0Qyv2w?t=2086,2025-10-02T18:22:57Z,00:34:46,00:38:27
ハイゲイン,ヒトリエ,rbqxK0Qyv2w,https://youtu.be/rbqxK0Qyv2w?t=2307,2025-10-02T18:22:57Z,00:38:27,00:57:27
有心論,RADWIMPS,rbqxK0Qyv2w,https://youtu.be/rbqxK0Qyv2w?t=3447,2025-10-02T18:22:57Z,00:57:27,01:02:06
おしゃかしゃま,RADWIMPS,rbqxK0Qyv2w,https://youtu.be/rbqxK0Qyv2w?t=3726,2025-10-02T18:22:57Z,01:02:06,01:05:31
君と羊と青,RADWIMPS,rbqxK0Qyv2w,https://youtu.be/rbqxK0Qyv2w?t=3931,2025-10-02T18:22:57Z,01:05:31,01:08:44
サウダージ,ポルノグラフィティ,rbqxK0Qyv2w,https://youtu.be/rbqxK0Qyv2w?t=4124,2025-10-02T18:22:57Z,01:08:44,01:12:50
脳漿炸裂ガール,れるりり,rbqxK0Qyv2w,https://youtu.be/rbqxK0Qyv2w?t=4370,2025-10-02T18:22:57Z,01:12:50,01:16:52
ロストワンの号哭,Neru,rbqxK0Qyv2w,https://youtu.be/rbqxK0Qyv2w?t=4612,2025-10-02T18:22:57Z,01:16:52,01:21:06
エンヴィキャットウォーク,トーマ,rbqxK0Qyv2w,https://youtu.be/rbqxK0Qyv2w?t=4866,2025-10-02T18:22:57Z,01:21:06,01:25:01
六兆年と一夜物語,kemu,rbqxK0Qyv2w,https://youtu.be/rbqxK0Qyv2w?t=5101,2025-10-02T18:22:57Z,01:25:01,01:29:14
夜咄ディセイブ,じん,rbqxK0Qyv2w,https://youtu.be/rbqxK0Qyv2w?t=5354,2025-10-02T18:22:57Z,01:29:14,01:36:26
シュガーソングとビターステップ,UNISON SQUARE GARDEN,rbqxK0Qyv2w,https://youtu.be/rbqxK0Qyv2w?t=5786,2025-10-02T18:22:57Z,01:36:26,01:41:22
ウィーアー！,きただにひろし,rbqxK0Qyv2w,https://youtu.be/rbqxK0Qyv2w?t=6082,2025-10-02T18:22:57Z,01:41:22,01:45:15
残酷な天使のテーゼ,高橋洋子,rbqxK0Qyv2w,https://youtu.be/rbqxK0Qyv2w?t=6315,2025-10-02T18:22:57Z,01:45:15,01:50:07
高嶺の花子さん,back number,rbqxK0Qyv2w,https://youtu.be/rbqxK0Qyv2w?t=6607,2025-10-02T18:22:57Z,01:50:07,01:55:23
ふわふわ時間,放課後ティータイム,rbqxK0Qyv2w,https://youtu.be/rbqxK0Qyv2w?t=6923,2025-10-02T18:22:57Z,01:55:23,01:59:36
千本桜,黒うさP,rbqxK0Qyv2w,https://youtu.be/rbqxK0Qyv2w?t=7176,2025-10-02T18:22:57Z,01:59:36,02:04:38
ロミオとシンデレラ,doriko,rbqxK0Qyv2w,https://youtu.be/rbqxK0Qyv2w?t=7478,2025-10-02T18:22:57Z,02:04:38,02:10:06
Just Be Friends,Dixie Flatline,rbqxK0Qyv2w,https://youtu.be/rbqxK0Qyv2w?t=7806,2025-10-02T18:22:57Z,02:10:06,02:16:14
東京テディベア,Neru,rbqxK0Qyv2w,https://youtu.be/rbqxK0Qyv2w?t=8174,2025-10-02T18:22:57Z,02:16:14,02:20:17
怪獣,サカナクション,rbqxK0Qyv2w,https://youtu.be/rbqxK0Qyv2w?t=8417,2025-10-02T18:22:57Z,02:20:17,02:24:43
新宝島,サカナクション,rbqxK0Qyv2w,https://youtu.be/rbqxK0Qyv2w?t=8683,2025-10-02T18:22:57Z,02:24:43,02:29:39
晴る,ヨルシカ,rbqxK0Qyv2w,https://youtu.be/rbqxK0Qyv2w?t=8979,2025-10-02T18:22:57Z,02:29:39,02:35:35
火星人,ヨルシカ,rbqxK0Qyv2w,https://youtu.be/rbqxK0Qyv2w?t=9335,2025-10-02T18:22:57Z,02:35:35,02:40:13
ただ君に晴れ,ヨルシカ,rbqxK0Qyv2w,https://youtu.be/rbqxK0Qyv2w?t=9613,2025-10-02T18:22:57Z,02:40:13,02:45:41
言って。,ヨルシカ,rbqxK0Qyv2w,https://youtu.be/rbqxK0Qyv2w?t=9941,2025-10-02T18:22:57Z,02:45:41,02:54:41
マリーゴールド,あいみょん,rbqxK0Qyv2w,https://youtu.be/rbqxK0Qyv2w?t=10481,2025-10-02T18:22:57Z,02:54:41,03:00:42
天体観測,BUMP OF CHICKEN,rbqxK0Qyv2w,https://youtu.be/rbqxK0Qyv2w?t=10842,2025-10-02T18:22:57Z,03:00:42,03:08:39
アカシア,BUMP OF CHICKEN,rbqxK0Qyv2w,https://youtu.be/rbqxK0Qyv2w?t=11319,2025-10-02T18:22:57Z,03:08:39,03:13:58
ラフ・メイカー,BUMP OF CHICKEN,rbqxK0Qyv2w,https://youtu.be/rbqxK0Qyv2w?t=11638,2025-10-02T18:22:57Z,03:13:58,03:18:50
カルマ,BUMP OF CHICKEN,rbqxK0Qyv2w,https://youtu.be/rbqxK0Qyv2w?t=11930,2025-10-02T18:22:57Z,03:18:50,03:24:29
車輪の唄,BUMP OF CHICKEN,rbqxK0Qyv2w,https://youtu.be/rbqxK0Qyv2w?t=12269,2025-10-02T18:22:57Z,03:24:29,03:29:49
HAPPY,BUMP OF CHICKEN,rbqxK0Qyv2w,https://youtu.be/rbqxK0Qyv2w?t=12589,2025-10-02T18:22:57Z,03:29:49,03:37:59
embrace,BUMP OF CHICKEN,rbqxK0Qyv2w,https://youtu.be/rbqxK0Qyv2w?t=13079,2025-10-02T18:22:57Z,03:37:59,03:44:45
ray,BUMP OF CHICKEN,rbqxK0Qyv2w,https://youtu.be/rbqxK0Qyv2w?t=13485,2025-10-02T18:22:57Z,03:44:45,03:50:01
ダンデライオン,BUMP OF CHICKEN,rbqxK0Qyv2w,https://youtu.be/rbqxK0Qyv2w?t=13801,2025-10-02T18:22:57Z,03:50:01,03:54:43
なないろ,BUMP OF CHICKEN,rbqxK0Qyv2w,https://youtu.be/rbqxK0Qyv2w?t=14083,2025-10-02T18:22:57Z,03:54:43,03:59:43
サマータイムレコード,じん,v5ySDtY4Ox8,https://youtu.be/v5ySDtY4Ox8?t=444,2025-10-03T18:21:42Z,00:07:24,00:12:45
タッチ,岩崎良美,v5ySDtY4Ox8,https://youtu.be/v5ySDtY4Ox8?t=765,2025-10-03T18:21:42Z,00:12:45,00:16:38
星間飛行,ランカ・リー＝中島愛,v5ySDtY4Ox8,https://youtu.be/v5ySDtY4Ox8?t=998,2025-10-03T18:21:42Z,00:16:38,00:21:04
again,YUI,v5ySDtY4Ox8,https://youtu.be/v5ySDtY4Ox8?t=1264,2025-10-03T18:21:42Z,00:21:04,00:26:03
God knows...,涼宮ハルヒ(平野綾),v5ySDtY4Ox8,https://youtu.be/v5ySDtY4Ox8?t=1563,2025-10-03T18:21:42Z,00:26:03,00:30:45
ブルーバード,いきものがかり,v5ySDtY4Ox8,https://youtu.be/v5ySDtY4Ox8?t=1845,2025-10-03T18:21:42Z,00:30:45,00:35:43
気まぐれロマンティック,いきものがかり,v5ySDtY4Ox8,https://youtu.be/v5ySDtY4Ox8?t=2143,2025-10-03T18:21:42Z,00:35:43,00:40:43
リライト,ASIAN KUNG-FU GENERATION,v5ySDtY4Ox8,https://youtu.be/v5ySDtY4Ox8?t=2443,2025-10-03T18:21:42Z,00:40:43,00:45:41
サムライハート(Some Like It Hot!!),SPYAIR,v5ySDtY4Ox8,https://youtu.be/v5ySDtY4Ox8?t=2741,2025-10-03T18:21:42Z,00:45:41,00:50:04
桜のあと(all quartets lead to the?),UNISON SQUARE GARDEN,v5ySDtY4Ox8,https://youtu.be/v5ySDtY4Ox8?t=3004,2025-10-03T18:21:42Z,00:50:04,00:56:59
K,BUMP OF CHICKEN,v5ySDtY4Ox8,https://youtu.be/v5ySDtY4Ox8?t=3419,2025-10-03T18:21:42Z,00:56:59,01:01:59
若者のすべて,フジファブリック,lbWA9l9sHlc,https://youtu.be/lbWA9l9sHlc?t=1519,2025-10-04T16:45:16Z,00:25:19,00:31:37
セプテンバーさん,RADWIMPS,lbWA9l9sHlc,https://youtu.be/lbWA9l9sHlc?t=1897,2025-10-04T16:45:16Z,00:31:37,00:37:21
話がしたいよ,BUMP OF CHICKEN,lbWA9l9sHlc,https://youtu.be/lbWA9l9sHlc?t=2241,2025-10-04T16:45:16Z,00:37:21,00:42:30
最後の雨,中西保志,lbWA9l9sHlc,https://youtu.be/lbWA9l9sHlc?t=2550,2025-10-04T16:45:16Z,00:42:30,00:47:43
雨とカプチーノ,ヨルシカ,lbWA9l9sHlc,https://youtu.be/lbWA9l9sHlc?t=2863,2025-10-04T16:45:16Z,00:47:43,00:52:52
雨晴るる,ヨルシカ,lbWA9l9sHlc,https://youtu.be/lbWA9l9sHlc?t=3172,2025-10-04T16:45:16Z,00:52:52,00:59:09
ドーナツホール,ハチ,lbWA9l9sHlc,https://youtu.be/lbWA9l9sHlc?t=3549,2025-10-04T16:45:16Z,00:59:09,01:03:21
わたがし,back number,lbWA9l9sHlc,https://youtu.be/lbWA9l9sHlc?t=3801,2025-10-04T16:45:16Z,01:03:21,01:08:11
飴玉の唄,BUMP OF CHICKEN,lbWA9l9sHlc,https://youtu.be/lbWA9l9sHlc?t=4091,2025-10-04T16:45:16Z,01:08:11,01:15:09
strawberry,BUMP OF CHICKEN,lbWA9l9sHlc,https://youtu.be/lbWA9l9sHlc?t=4509,2025-10-04T16:45:16Z,01:15:09,01:22:32
Lemon,米津玄師,lbWA9l9sHlc,https://youtu.be/lbWA9l9sHlc?t=4952,2025-10-04T16:45:16Z,01:22:32,01:27:42
CHE.R.RY,YUI,lbWA9l9sHlc,https://youtu.be/lbWA9l9sHlc?t=5262,2025-10-04T16:45:16Z,01:27:42,01:32:01
ひまわりの約束,秦基博,lbWA9l9sHlc,https://youtu.be/lbWA9l9sHlc?t=5521,2025-10-04T16:45:16Z,01:32:01,01:37:14
ハルジオン,BUMP OF CHICKEN,lbWA9l9sHlc,https://youtu.be/lbWA9l9sHlc?t=5834,2025-10-04T16:45:16Z,01:37:14,01:43:08
マリーゴールド,あいみょん,lbWA9l9sHlc,https://youtu.be/lbWA9l9sHlc?t=6188,2025-10-04T16:45:16Z,01:43:08,01:49:00
赤いスイートピー,松田聖子,lbWA9l9sHlc,https://youtu.be/lbWA9l9sHlc?t=6540,2025-10-04T16:45:16Z,01:49:00,01:52:58
真っ赤な空を見ただろうか,BUMP OF CHICKEN,lbWA9l9sHlc,https://youtu.be/lbWA9l9sHlc?t=6778,2025-10-04T16:45:16Z,01:52:58,01:58:18
真赤,My Hair is Bad,lbWA9l9sHlc,https://youtu.be/lbWA9l9sHlc?t=7098,2025-10-04T16:45:16Z,01:58:18,02:02:13
青いベンチ,サスケ,lbWA9l9sHlc,https://youtu.be/lbWA9l9sHlc?t=7333,2025-10-04T16:45:16Z,02:02:13,02:07:05
青のすみか,キタニタツヤ,lbWA9l9sHlc,https://youtu.be/lbWA9l9sHlc?t=7625,2025-10-04T16:45:16Z,02:07:05,02:11:33
青い栞,Galileo Galilei,lbWA9l9sHlc,https://youtu.be/lbWA9l9sHlc?t=7893,2025-10-04T16:45:16Z,02:11:33,02:18:07
にじいろ,絢香,lbWA9l9sHlc,https://youtu.be/lbWA9l9sHlc?t=8287,2025-10-04T16:45:16Z,02:18:07,02:22:50
バナナフィッシュの浜辺と黒い虹,Galileo Galilei,lbWA9l9sHlc,https://youtu.be/lbWA9l9sHlc?t=8570,2025-10-04T16:45:16Z,02:22:50,02:28:49
虹を待つ人,BUMP OF CHICKEN,lbWA9l9sHlc,https://youtu.be/lbWA9l9sHlc?t=8929,2025-10-04T16:45:16Z,02:28:49,02:33:45
サザンクロス,BUMP OF CHICKEN,lbWA9l9sHlc,https://youtu.be/lbWA9l9sHlc?t=9225,2025-10-04T16:45:16Z,02:33:45,02:37:54
トレモロ,RADWIMPS,lbWA9l9sHlc,https://youtu.be/lbWA9l9sHlc?t=9474,2025-10-04T16:45:16Z,02:37:54,02:42:29
流星,コブクロ,lbWA9l9sHlc,https://youtu.be/lbWA9l9sHlc?t=9749,2025-10-04T16:45:16Z,02:42:29,02:49:30
スターライト,amazarashi,lbWA9l9sHlc,https://youtu.be/lbWA9l9sHlc?t=10170,2025-10-04T16:45:16Z,02:49:30,02:55:56
光と影,ハナレグミ,lbWA9l9sHlc,https://youtu.be/lbWA9l9sHlc?t=10556,2025-10-04T16:45:16Z,02:55:56,03:02:37
光と闇,さユり,lbWA9l9sHlc,https://youtu.be/lbWA9l9sHlc?t=10957,2025-10-04T16:45:16Z,03:02:37,03:08:43
アイロニー,ミナミイズミ,lbWA9l9sHlc,https://youtu.be/lbWA9l9sHlc?t=11323,2025-10-04T16:45:16Z,03:08:43,03:13:31
結晶,ミナミイズミ,lbWA9l9sHlc,https://youtu.be/lbWA9l9sHlc?t=11611,2025-10-04T16:45:16Z,03:13:31,03:18:47
Break through,ミナミイズミ,lbWA9l9sHlc,https://youtu.be/lbWA9l9sHlc?t=11927,2025-10-04T16:45:16Z,03:18:47,03:23:47
愛を伝えたいだとか,あいみょん,QbWeaWBNiCA,https://youtu.be/QbWeaWBNiCA?t=711,2025-10-05T01:30:19Z,00:11:51,00:19:25
美しい鰭,スピッツ,QbWeaWBNiCA,https://youtu.be/QbWeaWBNiCA?t=1165,2025-10-05T01:30:19Z,00:19:25,00:22:53
チェリー,スピッツ,QbWeaWBNiCA,https://youtu.be/QbWeaWBNiCA?t=1373,2025-10-05T01:30:19Z,00:22:53,00:30:29
夏色,ゆず,QbWeaWBNiCA,https://youtu.be/QbWeaWBNiCA?t=1829,2025-10-05T01:30:19Z,00:30:29,00:35:01
瞬間センチメンタル,SCANDAL,QbWeaWBNiCA,https://youtu.be/QbWeaWBNiCA?t=2101,2025-10-05T01:30:19Z,00:35:01,00:40:42
なないろ,BUMP OF CHICKEN,QbWeaWBNiCA,https://youtu.be/QbWeaWBNiCA?t=2442,2025-10-05T01:30:19Z,00:40:42,00:52:57
欲望に満ちた青年団,ONE OK ROCK,QbWeaWBNiCA,https://youtu.be/QbWeaWBNiCA?t=3177,2025-10-05T01:30:19Z,00:52:57,00:57:54
ただ君に晴れ,ヨルシカ,QbWeaWBNiCA,https://youtu.be/QbWeaWBNiCA?t=3474,2025-10-05T01:30:19Z,00:57:54,01:02:54
地獄でなぜ悪い,星野源,QbWeaWBNiCA,https://youtu.be/QbWeaWBNiCA?t=3774,2025-10-05T01:30:19Z,01:02:54,01:06:50
恋,星野源,QbWeaWBNiCA,https://youtu.be/QbWeaWBNiCA?t=4010,2025-10-05T01:30:19Z,01:06:50,01:15:09
世界に一つだけの花,SMAP,QbWeaWBNiCA,https://youtu.be/QbWeaWBNiCA?t=4509,2025-10-05T01:30:19Z,01:15:09,01:20:17
タッチ,岩崎良美,QbWeaWBNiCA,https://youtu.be/QbWeaWBNiCA?t=4817,2025-10-05T01:30:19Z,01:20:17,01:25:14
ロビンソン,スピッツ,QbWeaWBNiCA,https://youtu.be/QbWeaWBNiCA?t=5114,2025-10-05T01:30:19Z,01:25:14,01:32:03
vivi,米津玄師,QbWeaWBNiCA,https://youtu.be/QbWeaWBNiCA?t=5523,2025-10-05T01:30:19Z,01:32:03,01:37:13
メランコリーキッチン,米津玄師,QbWeaWBNiCA,https://youtu.be/QbWeaWBNiCA?t=5833,2025-10-05T01:30:19Z,01:37:13,01:43:54
シュガーソングとビターステップ,UNISON SQUARE GARDEN,QbWeaWBNiCA,https://youtu.be/QbWeaWBNiCA?t=6234,2025-10-05T01:30:19Z,01:43:54,01:48:41
オリオンをなぞる,UNISON SQUARE GARDEN,QbWeaWBNiCA,https://youtu.be/QbWeaWBNiCA?t=6521,2025-10-05T01:30:19Z,01:48:41,01:56:15
気まぐれロマンティック,いきものがかり,QbWeaWBNiCA,https://youtu.be/QbWeaWBNiCA?t=6975,2025-10-05T01:30:19Z,01:56:15,02:01:15
今宵の月のように,エレファントカシマシ,xeJpCAJ0Jnc,https://youtu.be/xeJpCAJ0Jnc?t=905,2025-10-08T11:04:10Z,00:15:05,00:21:23
丸の内サディスティック,椎名林檎,xeJpCAJ0Jnc,https://youtu.be/xeJpCAJ0Jnc?t=1283,2025-10-08T11:04:10Z,00:21:23,00:31:21
雨とカプチーノ,ヨルシカ,xeJpCAJ0Jnc,https://youtu.be/xeJpCAJ0Jnc?t=1881,2025-10-08T11:04:10Z,00:31:21,00:36:47
斜陽,ヨルシカ,xeJpCAJ0Jnc,https://youtu.be/xeJpCAJ0Jnc?t=2207,2025-10-08T11:04:10Z,00:36:47,00:42:54
風を食む,ヨルシカ,xeJpCAJ0Jnc,https://youtu.be/xeJpCAJ0Jnc?t=2574,2025-10-08T11:04:10Z,00:42:54,00:54:48
からくりピエロ,40mP,xeJpCAJ0Jnc,https://youtu.be/xeJpCAJ0Jnc?t=3288,2025-10-08T11:04:10Z,00:54:48,01:03:52
トリノコシティ,40mP,xeJpCAJ0Jnc,https://youtu.be/xeJpCAJ0Jnc?t=3832,2025-10-08T11:04:10Z,01:03:52,01:13:11
シリョクケンサ,40mP,xeJpCAJ0Jnc,https://youtu.be/xeJpCAJ0Jnc?t=4391,2025-10-08T11:04:10Z,01:13:11,01:20:48
怪獣,サカナクション,xeJpCAJ0Jnc,https://youtu.be/xeJpCAJ0Jnc?t=4848,2025-10-08T11:04:10Z,01:20:48,01:27:49
忘れられないの,サカナクション,xeJpCAJ0Jnc,https://youtu.be/xeJpCAJ0Jnc?t=5269,2025-10-08T11:04:10Z,01:27:49,01:33:59
ロミオとシンデレラ,doriko,xeJpCAJ0Jnc,https://youtu.be/xeJpCAJ0Jnc?t=5639,2025-10-08T11:04:10Z,01:33:59,01:42:36
CHE.R.RY,YUI,xeJpCAJ0Jnc,https://youtu.be/xeJpCAJ0Jnc?t=6156,2025-10-08T11:04:10Z,01:42:36,01:46:44
again,YUI,xeJpCAJ0Jnc,https://youtu.be/xeJpCAJ0Jnc?t=6404,2025-10-08T11:04:10Z,01:46:44,01:51:59
ミカヅキ,さユり,xeJpCAJ0Jnc,https://youtu.be/xeJpCAJ0Jnc?t=6719,2025-10-08T11:04:10Z,01:51:59,01:57:18
花の塔,さユり,xeJpCAJ0Jnc,https://youtu.be/xeJpCAJ0Jnc?t=7038,2025-10-08T11:04:10Z,01:57:18,02:03:07
平行線,さユり,xeJpCAJ0Jnc,https://youtu.be/xeJpCAJ0Jnc?t=7387,2025-10-08T11:04:10Z,02:03:07,02:11:15
アンパンマンのマーチ,ドリーミング,xeJpCAJ0Jnc,https://youtu.be/xeJpCAJ0Jnc?t=7875,2025-10-08T11:04:10Z,02:11:15,02:16:20
さくらんぼ,大塚愛,xeJpCAJ0Jnc,https://youtu.be/xeJpCAJ0Jnc?t=8180,2025-10-08T11:04:10Z,02:16:20,02:21:57
残酷な天使のテーゼ,高橋洋子,xeJpCAJ0Jnc,https://youtu.be/xeJpCAJ0Jnc?t=8517,2025-10-08T11:04:10Z,02:21:57,02:26:57
チェリー,スピッツ,LmiCmtttwWU,https://youtu.be/LmiCmtttwWU?t=384,2025-10-09T00:06:48Z,00:06:24,00:13:04
君はロックを聴かない,あいみょん,LmiCmtttwWU,https://youtu.be/LmiCmtttwWU?t=784,2025-10-09T00:06:48Z,00:13:04,00:20:12
鱗（うろこ）,秦基博,LmiCmtttwWU,https://youtu.be/LmiCmtttwWU?t=1212,2025-10-09T00:06:48Z,00:20:12,00:28:59
ハロ／ハワユ,ナノウ,LmiCmtttwWU,https://youtu.be/LmiCmtttwWU?t=1739,2025-10-09T00:06:48Z,00:28:59,00:35:49
彼女と星の椅子,BUMP OF CHICKEN,LmiCmtttwWU,https://youtu.be/LmiCmtttwWU?t=2149,2025-10-09T00:06:48Z,00:35:49,00:41:53
ベンチとコーヒー,BUMP OF CHICKEN,LmiCmtttwWU,https://youtu.be/LmiCmtttwWU?t=2513,2025-10-09T00:06:48Z,00:41:53,00:49:53
アカシア,BUMP OF CHICKEN,LmiCmtttwWU,https://youtu.be/LmiCmtttwWU?t=2993,2025-10-09T00:06:48Z,00:49:53,00:57:46
Spica,BUMP OF CHICKEN,LmiCmtttwWU,https://youtu.be/LmiCmtttwWU?t=3466,2025-10-09T00:06:48Z,00:57:46,01:07:38
サウダージ,ポルノグラフィティ,LmiCmtttwWU,https://youtu.be/LmiCmtttwWU?t=4058,2025-10-09T00:06:48Z,01:07:38,01:12:12
怪獣の花唄,Vaundy,LmiCmtttwWU,https://youtu.be/LmiCmtttwWU?t=4332,2025-10-09T00:06:48Z,01:12:12,01:17:37
前前前世,RADWIMPS,LmiCmtttwWU,https://youtu.be/LmiCmtttwWU?t=4657,2025-10-09T00:06:48Z,01:17:37,01:23:03
ふわふわ時間,放課後ティータイム,LmiCmtttwWU,https://youtu.be/LmiCmtttwWU?t=4983,2025-10-09T00:06:48Z,01:23:03,01:28:21
シルエット,KANA-BOON,LmiCmtttwWU,https://youtu.be/LmiCmtttwWU?t=5301,2025-10-09T00:06:48Z,01:28:21,01:33:57
FLY HIGH!!,BURNOUT SYNDROMES,LmiCmtttwWU,https://youtu.be/LmiCmtttwWU?t=5637,2025-10-09T00:06:48Z,01:33:57,01:40:01
美しい鰭,スピッツ,LmiCmtttwWU,https://youtu.be/LmiCmtttwWU?t=6001,2025-10-09T00:06:48Z,01:40:01,01:45:32
高嶺の花子さん,back number,LmiCmtttwWU,https://youtu.be/LmiCmtttwWU?t=6332,2025-10-09T00:06:48Z,01:45:32,01:51:12
なないろ,BUMP OF CHICKEN,LmiCmtttwWU,https://youtu.be/LmiCmtttwWU?t=6672,2025-10-09T00:06:48Z,01:51:12,01:56:12
ホリデイ,BUMP OF CHICKEN,1sOnXlfpW5M,https://youtu.be/1sOnXlfpW5M?t=690,2025-10-12T01:30:39Z,00:11:30,00:22:15
車輪の唄,BUMP OF CHICKEN,1sOnXlfpW5M,https://youtu.be/1sOnXlfpW5M?t=1335,2025-10-12T01:30:39Z,00:22:15,00:31:27
シュガーソングとビターステップ,UNISON SQUARE GARDEN,1sOnXlfpW5M,https://youtu.be/1sOnXlfpW5M?t=1887,2025-10-12T01:30:39Z,00:31:27,00:41:00
恋,星野源,1sOnXlfpW5M,https://youtu.be/1sOnXlfpW5M?t=2460,2025-10-12T01:30:39Z,00:41:00,01:00:29
コイスルオトメ,いきものがかり,1sOnXlfpW5M,https://youtu.be/1sOnXlfpW5M?t=3629,2025-10-12T01:30:39Z,01:00:29,01:09:47
今宵の月のように,エレファントカシマシ,1sOnXlfpW5M,https://youtu.be/1sOnXlfpW5M?t=4187,2025-10-12T01:30:39Z,01:09:47,01:15:04
トレモロ,RADWIMPS,1sOnXlfpW5M,https://youtu.be/1sOnXlfpW5M?t=4504,2025-10-12T01:30:39Z,01:15:04,01:21:15
ダイヤモンド,BUMP OF CHICKEN,1sOnXlfpW5M,https://youtu.be/1sOnXlfpW5M?t=4875,2025-10-12T01:30:39Z,01:21:15,01:26:15
うつつ,ミナミイズミ,Ip5K24ZYLLU,https://youtu.be/Ip5K24ZYLLU?t=639,2025-10-12T15:41:51Z,00:10:39,00:17:32
あいうぉんとぅーびーはぴー！,ミナミイズミ,Ip5K24ZYLLU,https://youtu.be/Ip5K24ZYLLU?t=1052,2025-10-12T15:41:51Z,00:17:32,00:22:02
ぐるぐる,ミナミイズミ,Ip5K24ZYLLU,https://youtu.be/Ip5K24ZYLLU?t=1322,2025-10-12T15:41:51Z,00:22:02,00:27:41
アイロニー,ミナミイズミ,Ip5K24ZYLLU,https://youtu.be/Ip5K24ZYLLU?t=1661,2025-10-12T15:41:51Z,00:27:41,00:32:52
心の残響,ミナミイズミ,Ip5K24ZYLLU,https://youtu.be/Ip5K24ZYLLU?t=1972,2025-10-12T15:41:51Z,00:32:52,00:48:46
結晶,ミナミイズミ,Ip5K24ZYLLU,https://youtu.be/Ip5K24ZYLLU?t=2926,2025-10-12T15:41:51Z,00:48:46,00:53:55
Break through,ミナミイズミ,Ip5K24ZYLLU,https://youtu.be/Ip5K24ZYLLU?t=3235,2025-10-12T15:41:51Z,00:53:55,00:58:55
God knows...,涼宮ハルヒ(平野綾),8bDL-I0kWqc,https://youtu.be/8bDL-I0kWqc?t=495,2025-10-14T05:34:17Z,00:08:15,00:14:27
サマータイムレコード,じん,8bDL-I0kWqc,https://youtu.be/8bDL-I0kWqc?t=867,2025-10-14T05:34:17Z,00:14:27,00:19:04
夜咄ディセイブ,じん,8bDL-I0kWqc,https://youtu.be/8bDL-I0kWqc?t=1144,2025-10-14T05:34:17Z,00:19:04,00:24:07
Catch the Moment,LiSA,8bDL-I0kWqc,https://youtu.be/8bDL-I0kWqc?t=1447,2025-10-14T05:34:17Z,00:24:07,00:30:08
ノーザンクロス,シェリル・ノーム starring May'n,8bDL-I0kWqc,https://youtu.be/8bDL-I0kWqc?t=1808,2025-10-14T05:34:17Z,00:30:08,00:35:45
スターライト,amazarashi,8bDL-I0kWqc,https://youtu.be/8bDL-I0kWqc?t=2145,2025-10-14T05:34:17Z,00:35:45,00:41:17
季節は次々死んでいく,amazarashi,8bDL-I0kWqc,https://youtu.be/8bDL-I0kWqc?t=2477,2025-10-14T05:34:17Z,00:41:17,00:51:15
水平線,back number,8bDL-I0kWqc,https://youtu.be/8bDL-I0kWqc?t=3075,2025-10-14T05:34:17Z,00:51:15,00:55:47
高嶺の花子さん,back number,8bDL-I0kWqc,https://youtu.be/8bDL-I0kWqc?t=3347,2025-10-14T05:34:17Z,00:55:47,01:03:15
マリーゴールド,あいみょん,8bDL-I0kWqc,https://youtu.be/8bDL-I0kWqc?t=3795,2025-10-14T05:34:17Z,01:03:15,01:08:40
夏色,ゆず,8bDL-I0kWqc,https://youtu.be/8bDL-I0kWqc?t=4120,2025-10-14T05:34:17Z,01:08:40,01:14:02
おやすみ泣き声、さよなら歌姫,クリープハイプ,8bDL-I0kWqc,https://youtu.be/8bDL-I0kWqc?t=4442,2025-10-14T05:34:17Z,01:14:02,01:22:31
メランコリーキッチン,米津玄師,8bDL-I0kWqc,https://youtu.be/8bDL-I0kWqc?t=4951,2025-10-14T05:34:17Z,01:22:31,01:28:00
タッチ,岩崎良美,8bDL-I0kWqc,https://youtu.be/8bDL-I0kWqc?t=5280,2025-10-14T05:34:17Z,01:28:00,01:32:20
花に亡霊,ヨルシカ,8bDL-I0kWqc,https://youtu.be/8bDL-I0kWqc?t=5540,2025-10-14T05:34:17Z,01:32:20,01:37:14
晴る,ヨルシカ,8bDL-I0kWqc,https://youtu.be/8bDL-I0kWqc?t=5834,2025-10-14T05:34:17Z,01:37:14,01:43:02
雨とカプチーノ,ヨルシカ,8bDL-I0kWqc,https://youtu.be/8bDL-I0kWqc?t=6182,2025-10-14T05:34:17Z,01:43:02,01:49:03
残酷な天使のテーゼ,高橋洋子,8bDL-I0kWqc,https://youtu.be/8bDL-I0kWqc?t=6543,2025-10-14T05:34:17Z,01:49:03,01:56:41
シルエット,KANA-BOON,8bDL-I0kWqc,https://youtu.be/8bDL-I0kWqc?t=7001,2025-10-14T05:34:17Z,01:56:41,02:02:36
ブルーバード,いきものがかり,8bDL-I0kWqc,https://youtu.be/8bDL-I0kWqc?t=7356,2025-10-14T05:34:17Z,02:02:36,02:08:14
気まぐれロマンティック,いきものがかり,8bDL-I0kWqc,https://youtu.be/8bDL-I0kWqc?t=7694,2025-10-14T05:34:17Z,02:08:14,02:14:05
花の塔,さユり,8bDL-I0kWqc,https://youtu.be/8bDL-I0kWqc?t=8045,2025-10-14T05:34:17Z,02:14:05,02:20:05
ムーンライト伝説,DALI,8bDL-I0kWqc,https://youtu.be/8bDL-I0kWqc?t=8405,2025-10-14T05:34:17Z,02:20:05,02:25:05
星間飛行,ランカ・リー＝中島愛,3kfAwI36HW8,https://youtu.be/3kfAwI36HW8?t=968,2025-10-14T14:37:53Z,00:16:08,00:24:35
夜紛い,ヨルシカ,3kfAwI36HW8,https://youtu.be/3kfAwI36HW8?t=1475,2025-10-14T14:37:53Z,00:24:35,00:35:00
弱虫モンブラン,DECO*27,3kfAwI36HW8,https://youtu.be/3kfAwI36HW8?t=2100,2025-10-14T14:37:53Z,00:35:00,00:41:13
愛迷エレジー,DECO*27,3kfAwI36HW8,https://youtu.be/3kfAwI36HW8?t=2473,2025-10-14T14:37:53Z,00:41:13,00:46:24
Wherever you are,ONE OK ROCK,3kfAwI36HW8,https://youtu.be/3kfAwI36HW8?t=2784,2025-10-14T14:37:53Z,00:46:24,00:54:04
欲望に満ちた青年団,ONE OK ROCK,3kfAwI36HW8,https://youtu.be/3kfAwI36HW8?t=3244,2025-10-14T14:37:53Z,00:54:04,01:00:17
ワールド・ランプシェード,buzzG,3kfAwI36HW8,https://youtu.be/3kfAwI36HW8?t=3617,2025-10-14T14:37:53Z,01:00:17,01:08:00
インフェルノ,Mrs. GREEN APPLE,3kfAwI36HW8,https://youtu.be/3kfAwI36HW8?t=4080,2025-10-14T14:37:53Z,01:08:00,01:13:01
愛を伝えたいだとか,あいみょん,3kfAwI36HW8,https://youtu.be/3kfAwI36HW8?t=4381,2025-10-14T14:37:53Z,01:13:01,01:22:21
アカシア,BUMP OF CHICKEN,3kfAwI36HW8,https://youtu.be/3kfAwI36HW8?t=4941,2025-10-14T14:37:53Z,01:22:21,01:28:19
めざせポケモンマスター,松本梨香,3kfAwI36HW8,https://youtu.be/3kfAwI36HW8?t=5299,2025-10-14T14:37:53Z,01:28:19,01:33:42
天体観測,BUMP OF CHICKEN,3kfAwI36HW8,https://youtu.be/3kfAwI36HW8?t=5622,2025-10-14T14:37:53Z,01:33:42,01:40:05
ray,BUMP OF CHICKEN,3kfAwI36HW8,https://youtu.be/3kfAwI36HW8?t=6005,2025-10-14T14:37:53Z,01:40:05,01:48:30
結晶,ミナミイズミ,3kfAwI36HW8,https://youtu.be/3kfAwI36HW8?t=6510,2025-10-14T14:37:53Z,01:48:30,01:54:46
ロビンソン,スピッツ,3kfAwI36HW8,https://youtu.be/3kfAwI36HW8?t=6886,2025-10-14T14:37:53Z,01:54:46,02:01:41
若者のすべて,フジファブリック,3kfAwI36HW8,https://youtu.be/3kfAwI36HW8?t=7301,2025-10-14T14:37:53Z,02:01:41,02:08:40
アイネクライネ,米津玄師,3kfAwI36HW8,https://youtu.be/3kfAwI36HW8?t=7720,2025-10-14T14:37:53Z,02:08:40,02:14:25
Lemon,米津玄師,3kfAwI36HW8,https://youtu.be/3kfAwI36HW8?t=8065,2025-10-14T14:37:53Z,02:14:25,02:21:40
幸せ,back number,3kfAwI36HW8,https://youtu.be/3kfAwI36HW8?t=8500,2025-10-14T14:37:53Z,02:21:40,02:41:33
Break through,ミナミイズミ,3kfAwI36HW8,https://youtu.be/3kfAwI36HW8?t=9693,2025-10-14T14:37:53Z,02:41:33,02:46:33
オリオンをなぞる,UNISON SQUARE GARDEN,1AgQLDIr718,https://youtu.be/1AgQLDIr718?t=431,2025-10-14T23:49:40Z,00:07:11,00:15:03
なないろ,BUMP OF CHICKEN,1AgQLDIr718,https://youtu.be/1AgQLDIr718?t=903,2025-10-14T23:49:40Z,00:15:03,00:21:44
言って。,ヨルシカ,1AgQLDIr718,https://youtu.be/1AgQLDIr718?t=1304,2025-10-14T23:49:40Z,00:21:44,00:26:53
ふわふわ時間,放課後ティータイム,1AgQLDIr718,https://youtu.be/1AgQLDIr718?t=1613,2025-10-14T23:49:40Z,00:26:53,00:33:14
sailing day,BUMP OF CHICKEN,1AgQLDIr718,https://youtu.be/1AgQLDIr718?t=1994,2025-10-14T23:49:40Z,00:33:14,00:39:27
航海の唄,さユり,1AgQLDIr718,https://youtu.be/1AgQLDIr718?t=2367,2025-10-14T23:49:40Z,00:39:27,00:47:11
サウダージ,ポルノグラフィティ,1AgQLDIr718,https://youtu.be/1AgQLDIr718?t=2831,2025-10-14T23:49:40Z,00:47:11,00:52:48
トレモロ,RADWIMPS,1AgQLDIr718,https://youtu.be/1AgQLDIr718?t=3168,2025-10-14T23:49:40Z,00:52:48,00:57:12
カルマ,BUMP OF CHICKEN,1AgQLDIr718,https://youtu.be/1AgQLDIr718?t=3432,2025-10-14T23:49:40Z,00:57:12,01:03:00
新宝島,サカナクション,1AgQLDIr718,https://youtu.be/1AgQLDIr718?t=3780,2025-10-14T23:49:40Z,01:03:00,01:07:33
忘れられないの,サカナクション,1AgQLDIr718,https://youtu.be/1AgQLDIr718?t=4053,2025-10-14T23:49:40Z,01:07:33,01:16:35
怪獣,サカナクション,1AgQLDIr718,https://youtu.be/1AgQLDIr718?t=4595,2025-10-14T23:49:40Z,01:16:35,01:21:35
again,YUI,oRXxaSre1rU,https://youtu.be/oRXxaSre1rU?t=1694,2025-10-16T13:38:23Z,00:28:14,00:38:59
それは小さな光のような,さユり,oRXxaSre1rU,https://youtu.be/oRXxaSre1rU?t=2339,2025-10-16T13:38:23Z,00:38:59,00:44:35
ミカヅキ,さユり,oRXxaSre1rU,https://youtu.be/oRXxaSre1rU?t=2675,2025-10-16T13:38:23Z,00:44:35,00:55:30
サムライハート(Some Like It Hot!!),SPYAIR,oRXxaSre1rU,https://youtu.be/oRXxaSre1rU?t=3330,2025-10-16T13:38:23Z,00:55:30,00:59:08
ブルーバード,いきものがかり,oRXxaSre1rU,https://youtu.be/oRXxaSre1rU?t=3548,2025-10-16T13:38:23Z,00:59:08,01:05:54
残酷な天使のテーゼ,高橋洋子,oRXxaSre1rU,https://youtu.be/oRXxaSre1rU?t=3954,2025-10-16T13:38:23Z,01:05:54,01:11:34
季節は次々死んでいく,amazarashi,oRXxaSre1rU,https://youtu.be/oRXxaSre1rU?t=4294,2025-10-16T13:38:23Z,01:11:34,01:41:57
オリオンをなぞる,UNISON SQUARE GARDEN,oRXxaSre1rU,https://youtu.be/oRXxaSre1rU?t=6117,2025-10-16T13:38:23Z,01:41:57,01:47:00
シュガーソングとビターステップ,UNISON SQUARE GARDEN,oRXxaSre1rU,https://youtu.be/oRXxaSre1rU?t=6420,2025-10-16T13:38:23Z,01:47:00,01:54:16
"Hello,world!",BUMP OF CHICKEN,oRXxaSre1rU,https://youtu.be/oRXxaSre1rU?t=6856,2025-10-16T13:38:23Z,01:54:16,02:04:29
月虹,BUMP OF CHICKEN,oRXxaSre1rU,https://youtu.be/oRXxaSre1rU?t=7469,2025-10-16T13:38:23Z,02:04:29,02:24:03
アンパンマンのマーチ,ドリーミング,oRXxaSre1rU,https://youtu.be/oRXxaSre1rU?t=8643,2025-10-16T13:38:23Z,02:24:03,02:29:31
シルエット,KANA-BOON,oRXxaSre1rU,https://youtu.be/oRXxaSre1rU?t=8971,2025-10-16T13:38:23Z,02:29:31,02:37:11
God knows...,涼宮ハルヒ(平野綾),oRXxaSre1rU,https://youtu.be/oRXxaSre1rU?t=9431,2025-10-16T13:38:23Z,02:37:11,02:41:42
めざせポケモンマスター,松本梨香,oRXxaSre1rU,https://youtu.be/oRXxaSre1rU?t=9702,2025-10-16T13:38:23Z,02:41:42,02:49:16
Rising Hope,LiSA,oRXxaSre1rU,https://youtu.be/oRXxaSre1rU?t=10156,2025-10-16T13:38:23Z,02:49:16,02:56:16
ウィーアー！,きただにひろし,oRXxaSre1rU,https://youtu.be/oRXxaSre1rU?t=10576,2025-10-16T13:38:23Z,02:56:16,03:03:22
星間飛行,ランカ・リー＝中島愛,oRXxaSre1rU,https://youtu.be/oRXxaSre1rU?t=11002,2025-10-16T13:38:23Z,03:03:22,03:07:44
ノーザンクロス,シェリル・ノーム starring May'n,oRXxaSre1rU,https://youtu.be/oRXxaSre1rU?t=11264,2025-10-16T13:38:23Z,03:07:44,03:13:08
タッチ,岩崎良美,oRXxaSre1rU,https://youtu.be/oRXxaSre1rU?t=11588,2025-10-16T13:38:23Z,03:13:08,03:18:08
小夜子,みきとP,GZMKRBkW4PE,https://youtu.be/GZMKRBkW4PE?t=678,2025-10-17T09:55:18Z,00:11:18,00:17:20
プロミスザスター,BiSH,GZMKRBkW4PE,https://youtu.be/GZMKRBkW4PE?t=1040,2025-10-17T09:55:18Z,00:17:20,00:27:04
真っ赤な空を見ただろうか,BUMP OF CHICKEN,GZMKRBkW4PE,https://youtu.be/GZMKRBkW4PE?t=1624,2025-10-17T09:55:18Z,00:27:04,00:35:30
K,BUMP OF CHICKEN,GZMKRBkW4PE,https://youtu.be/GZMKRBkW4PE?t=2130,2025-10-17T09:55:18Z,00:35:30,00:46:04
若者のすべて,フジファブリック,GZMKRBkW4PE,https://youtu.be/GZMKRBkW4PE?t=2764,2025-10-17T09:55:18Z,00:46:04,01:17:23
アイロニー,ミナミイズミ,GZMKRBkW4PE,https://youtu.be/GZMKRBkW4PE?t=4643,2025-10-17T09:55:18Z,01:17:23,01:22:23
記念撮影,BUMP OF CHICKEN,Yy_2KVNhczI,https://youtu.be/Yy_2KVNhczI?t=608,2025-10-17T16:58:47Z,00:10:08,00:18:24
猟奇的なキスを私にして,ゲスの極み乙女。,Yy_2KVNhczI,https://youtu.be/Yy_2KVNhczI?t=1104,2025-10-17T16:58:47Z,00:18:24,00:31:55
さよならはエモーション,サカナクション,Yy_2KVNhczI,https://youtu.be/Yy_2KVNhczI?t=1915,2025-10-17T16:58:47Z,00:31:55,00:37:49
arrows,BUMP OF CHICKEN,Yy_2KVNhczI,https://youtu.be/Yy_2KVNhczI?t=2269,2025-10-17T16:58:47Z,00:37:49,00:49:18
レム,BUMP OF CHICKEN,Yy_2KVNhczI,https://youtu.be/Yy_2KVNhczI?t=2958,2025-10-17T16:58:47Z,00:49:18,00:56:03
メーデー,BUMP OF CHICKEN,Yy_2KVNhczI,https://youtu.be/Yy_2KVNhczI?t=3363,2025-10-17T16:58:47Z,00:56:03,01:09:10
花の名,BUMP OF CHICKEN,Yy_2KVNhczI,https://youtu.be/Yy_2KVNhczI?t=4150,2025-10-17T16:58:47Z,01:09:10,01:14:10
くせのうた,星野源,w1xVWGdySPk,https://youtu.be/w1xVWGdySPk?t=664,2025-10-19T18:34:36Z,00:11:04,00:22:07
Calc.,ジミーサムP,w1xVWGdySPk,https://youtu.be/w1xVWGdySPk?t=1327,2025-10-19T18:34:36Z,00:22:07,00:29:04
歩く,ヨルシカ,w1xVWGdySPk,https://youtu.be/w1xVWGdySPk?t=1744,2025-10-19T18:34:36Z,00:29:04,00:33:47
だから僕は音楽を辞めた,ヨルシカ,w1xVWGdySPk,https://youtu.be/w1xVWGdySPk?t=2027,2025-10-19T18:34:36Z,00:33:47,00:41:46
God knows...,涼宮ハルヒ(平野綾),w1xVWGdySPk,https://youtu.be/w1xVWGdySPk?t=2506,2025-10-19T18:34:36Z,00:41:46,00:48:54
季節は次々死んでいく,amazarashi,w1xVWGdySPk,https://youtu.be/w1xVWGdySPk?t=2934,2025-10-19T18:34:36Z,00:48:54,00:56:47
トレモロ,RADWIMPS,w1xVWGdySPk,https://youtu.be/w1xVWGdySPk?t=3407,2025-10-19T18:34:36Z,00:56:47,01:03:05
fire sign,BUMP OF CHICKEN,w1xVWGdySPk,https://youtu.be/w1xVWGdySPk?t=3785,2025-10-19T18:34:36Z,01:03:05,01:09:12
ロミオとシンデレラ,doriko,w1xVWGdySPk,https://youtu.be/w1xVWGdySPk?t=4152,2025-10-19T18:34:36Z,01:09:12,01:16:31
ダブルラリアット,アゴアニキP,w1xVWGdySPk,https://youtu.be/w1xVWGdySPk?t=4591,2025-10-19T18:34:36Z,01:16:31,01:22:30
Lemon,米津玄師,w1xVWGdySPk,https://youtu.be/w1xVWGdySPk?t=4950,2025-10-19T18:34:36Z,01:22:30,01:29:24
ロビンソン,スピッツ,w1xVWGdySPk,https://youtu.be/w1xVWGdySPk?t=5364,2025-10-19T18:34:36Z,01:29:24,01:34:30
楓,スピッツ,w1xVWGdySPk,https://youtu.be/w1xVWGdySPk?t=5670,2025-10-19T18:34:36Z,01:34:30,01:43:05
糸,中島みゆき,w1xVWGdySPk,https://youtu.be/w1xVWGdySPk?t=6185,2025-10-19T18:34:36Z,01:43:05,01:48:05
花火,aiko,x0aLKIhqUTg,https://youtu.be/x0aLKIhqUTg?t=333,2025-10-20T12:13:24Z,00:05:33,00:14:25
again,YUI,x0aLKIhqUTg,https://youtu.be/x0aLKIhqUTg?t=865,2025-10-20T12:13:24Z,00:14:25,00:19:19
モザイクロール,DECO*27,x0aLKIhqUTg,https://youtu.be/x0aLKIhqUTg?t=1159,2025-10-20T12:13:24Z,00:19:19,00:29:10
Ginger,TOMOO,x0aLKIhqUTg,https://youtu.be/x0aLKIhqUTg?t=1750,2025-10-20T12:13:24Z,00:29:10,00:33:17
忘れてください,ヨルシカ,x0aLKIhqUTg,https://youtu.be/x0aLKIhqUTg?t=1997,2025-10-20T12:13:24Z,00:33:17,00:42:04
恋愛サーキュレーション,千石撫子(花澤香菜),x0aLKIhqUTg,https://youtu.be/x0aLKIhqUTg?t=2524,2025-10-20T12:13:24Z,00:42:04,00:47:11
メランコリック,Junky,x0aLKIhqUTg,https://youtu.be/x0aLKIhqUTg?t=2831,2025-10-20T12:13:24Z,00:47:11,01:00:22
地獄でなぜ悪い,星野源,x0aLKIhqUTg,https://youtu.be/x0aLKIhqUTg?t=3622,2025-10-20T12:13:24Z,01:00:22,01:05:22
丸の内サディスティック,椎名林檎,7FqLN6lYZcE,https://youtu.be/7FqLN6lYZcE?t=795,2025-10-21T18:40:36Z,00:13:15,00:17:48
インフェルノ,Mrs. GREEN APPLE,7FqLN6lYZcE,https://youtu.be/7FqLN6lYZcE?t=1068,2025-10-21T18:40:36Z,00:17:48,00:24:15
青のすみか,キタニタツヤ,7FqLN6lYZcE,https://youtu.be/7FqLN6lYZcE?t=1455,2025-10-21T18:40:36Z,00:24:15,00:31:05
女々しくて,ゴールデンボンバー,7FqLN6lYZcE,https://youtu.be/7FqLN6lYZcE?t=1865,2025-10-21T18:40:36Z,00:31:05,00:35:31
天体観測,BUMP OF CHICKEN,7FqLN6lYZcE,https://youtu.be/7FqLN6lYZcE?t=2131,2025-10-21T18:40:36Z,00:35:31,00:40:10
カルマ,BUMP OF CHICKEN,7FqLN6lYZcE,https://youtu.be/7FqLN6lYZcE?t=2410,2025-10-21T18:40:36Z,00:40:10,00:43:45
アカシア,BUMP OF CHICKEN,7FqLN6lYZcE,https://youtu.be/7FqLN6lYZcE?t=2625,2025-10-21T18:40:36Z,00:43:45,00:48:29
オンリー ロンリー グローリー,BUMP OF CHICKEN,7FqLN6lYZcE,https://youtu.be/7FqLN6lYZcE?t=2909,2025-10-21T18:40:36Z,00:48:29,00:57:20
K,BUMP OF CHICKEN,7FqLN6lYZcE,https://youtu.be/7FqLN6lYZcE?t=3440,2025-10-21T18:40:36Z,00:57:20,01:05:14
境界線,amazarashi,7FqLN6lYZcE,https://youtu.be/7FqLN6lYZcE?t=3914,2025-10-21T18:40:36Z,01:05:14,01:10:40
空に歌えば,amazarashi,7FqLN6lYZcE,https://youtu.be/7FqLN6lYZcE?t=4240,2025-10-21T18:40:36Z,01:10:40,01:16:54
負け犬にアンコールはいらない,ヨルシカ,7FqLN6lYZcE,https://youtu.be/7FqLN6lYZcE?t=4614,2025-10-21T18:40:36Z,01:16:54,01:20:58
昼鳶,ヨルシカ,7FqLN6lYZcE,https://youtu.be/7FqLN6lYZcE?t=4858,2025-10-21T18:40:36Z,01:20:58,01:23:53
晴る,ヨルシカ,7FqLN6lYZcE,https://youtu.be/7FqLN6lYZcE?t=5033,2025-10-21T18:40:36Z,01:23:53,01:37:41
残酷な天使のテーゼ,高橋洋子,7FqLN6lYZcE,https://youtu.be/7FqLN6lYZcE?t=5861,2025-10-21T18:40:36Z,01:37:41,01:42:41
花に亡霊,ヨルシカ,Aacs2df4isg,https://youtu.be/Aacs2df4isg?t=703,2025-10-23T10:20:10Z,00:11:43,00:27:38
斜陽,ヨルシカ,Aacs2df4isg,https://youtu.be/Aacs2df4isg?t=1658,2025-10-23T10:20:10Z,00:27:38,00:33:23
からくりピエロ,40mP,Aacs2df4isg,https://youtu.be/Aacs2df4isg?t=2003,2025-10-23T10:20:10Z,00:33:23,00:40:18
ヨンジュウナナ,みきとP,Aacs2df4isg,https://youtu.be/Aacs2df4isg?t=2418,2025-10-23T10:20:10Z,00:40:18,00:47:05
サリシノハラ,みきとP,Aacs2df4isg,https://youtu.be/Aacs2df4isg?t=2825,2025-10-23T10:20:10Z,00:47:05,00:53:39
千本桜,黒うさP,Aacs2df4isg,https://youtu.be/Aacs2df4isg?t=3219,2025-10-23T10:20:10Z,00:53:39,01:01:25
幸せ,back number,Aacs2df4isg,https://youtu.be/Aacs2df4isg?t=3685,2025-10-23T10:20:10Z,01:01:25,01:09:41
水平線,back number,Aacs2df4isg,https://youtu.be/Aacs2df4isg?t=4181,2025-10-23T10:20:10Z,01:09:41,01:15:42
怪獣の花唄,Vaundy,Aacs2df4isg,https://youtu.be/Aacs2df4isg?t=4542,2025-10-23T10:20:10Z,01:15:42,01:20:25
アイデンティティ,サカナクション,Aacs2df4isg,https://youtu.be/Aacs2df4isg?t=4825,2025-10-23T10:20:10Z,01:20:25,01:27:06
怪獣,サカナクション,Aacs2df4isg,https://youtu.be/Aacs2df4isg?t=5226,2025-10-23T10:20:10Z,01:27:06,01:34:16
トレモロ,RADWIMPS,Aacs2df4isg,https://youtu.be/Aacs2df4isg?t=5656,2025-10-23T10:20:10Z,01:34:16,01:41:11
タッチ,岩崎良美,Aacs2df4isg,https://youtu.be/Aacs2df4isg?t=6071,2025-10-23T10:20:10Z,01:41:11,01:44:47
God knows...,涼宮ハルヒ(平野綾),Aacs2df4isg,https://youtu.be/Aacs2df4isg?t=6287,2025-10-23T10:20:10Z,01:44:47,01:59:54
ブルーバード,いきものがかり,Aacs2df4isg,https://youtu.be/Aacs2df4isg?t=7194,2025-10-23T10:20:10Z,01:59:54,02:04:54
カタオモイ,Aimer,OyY4Cpyn4sQ,https://youtu.be/OyY4Cpyn4sQ?t=746,2025-10-23T19:37:43Z,00:12:26,00:18:25
ドライフラワー,優里,OyY4Cpyn4sQ,https://youtu.be/OyY4Cpyn4sQ?t=1105,2025-10-23T19:37:43Z,00:18:25,00:25:42
最後の雨,中西保志,OyY4Cpyn4sQ,https://youtu.be/OyY4Cpyn4sQ?t=1542,2025-10-23T19:37:43Z,00:25:42,00:32:29
アイネクライネ,米津玄師,OyY4Cpyn4sQ,https://youtu.be/OyY4Cpyn4sQ?t=1949,2025-10-23T19:37:43Z,00:32:29,00:41:53
風を食む,ヨルシカ,OyY4Cpyn4sQ,https://youtu.be/OyY4Cpyn4sQ?t=2513,2025-10-23T19:37:43Z,00:41:53,00:46:36
ゼロ,BUMP OF CHICKEN,OyY4Cpyn4sQ,https://youtu.be/OyY4Cpyn4sQ?t=2796,2025-10-23T19:37:43Z,00:46:36,00:57:06
ナモナキヒト,amazarashi,OyY4Cpyn4sQ,https://youtu.be/OyY4Cpyn4sQ?t=3426,2025-10-23T19:37:43Z,00:57:06,01:04:13
美しき思い出,amazarashi,OyY4Cpyn4sQ,https://youtu.be/OyY4Cpyn4sQ?t=3853,2025-10-23T19:37:43Z,01:04:13,01:15:14
僕が死のうと思ったのは,amazarashi,OyY4Cpyn4sQ,https://youtu.be/OyY4Cpyn4sQ?t=4514,2025-10-23T19:37:43Z,01:15:14,01:25:22
Lemon,米津玄師,OyY4Cpyn4sQ,https://youtu.be/OyY4Cpyn4sQ?t=5122,2025-10-23T19:37:43Z,01:25:22,01:34:00
流星群,BUMP OF CHICKEN,OyY4Cpyn4sQ,https://youtu.be/OyY4Cpyn4sQ?t=5640,2025-10-23T19:37:43Z,01:34:00,01:42:46
銀河鉄道,BUMP OF CHICKEN,OyY4Cpyn4sQ,https://youtu.be/OyY4Cpyn4sQ?t=6166,2025-10-23T19:37:43Z,01:42:46,01:53:29
366日,HY,OyY4Cpyn4sQ,https://youtu.be/OyY4Cpyn4sQ?t=6809,2025-10-23T19:37:43Z,01:53:29,02:03:58
粉雪,レミオロメン,OyY4Cpyn4sQ,https://youtu.be/OyY4Cpyn4sQ?t=7438,2025-10-23T19:37:43Z,02:03:58,02:19:07
ハナミズキ,一青窈,OyY4Cpyn4sQ,https://youtu.be/OyY4Cpyn4sQ?t=8347,2025-10-23T19:37:43Z,02:19:07,02:29:37
へび,ヨルシカ,OyY4Cpyn4sQ,https://youtu.be/OyY4Cpyn4sQ?t=8977,2025-10-23T19:37:43Z,02:29:37,02:35:18
ノーチラス,ヨルシカ,OyY4Cpyn4sQ,https://youtu.be/OyY4Cpyn4sQ?t=9318,2025-10-23T19:37:43Z,02:35:18,02:40:18
ナモナキヒト,amazarashi,W7Bceqof38Q,https://youtu.be/W7Bceqof38Q?t=2188,2025-10-24T15:30:01Z,00:36:28,00:45:20
夢,ミナミイズミ,W7Bceqof38Q,https://youtu.be/W7Bceqof38Q?t=2720,2025-10-24T15:30:01Z,00:45:20,00:50:20
大声ダイヤモンド,AKB48,bY4un1F4MSQ,https://youtu.be/bY4un1F4MSQ?t=1254,2025-10-24T17:46:21Z,00:20:54,00:26:55
桜,コブクロ,bY4un1F4MSQ,https://youtu.be/bY4un1F4MSQ?t=1615,2025-10-24T17:46:21Z,00:26:55,00:37:57
ロスタイムメモリー,じん,bY4un1F4MSQ,https://youtu.be/bY4un1F4MSQ?t=2277,2025-10-24T17:46:21Z,00:37:57,00:47:25
二十九、三十,クリープハイプ,bY4un1F4MSQ,https://youtu.be/bY4un1F4MSQ?t=2845,2025-10-24T17:46:21Z,00:47:25,00:52:24
夜咄ディセイブ,じん,bY4un1F4MSQ,https://youtu.be/bY4un1F4MSQ?t=3144,2025-10-24T17:46:21Z,00:52:24,01:00:22
まちがいさがし,菅田将暉,bY4un1F4MSQ,https://youtu.be/bY4un1F4MSQ?t=3622,2025-10-24T17:46:21Z,01:00:22,01:06:08
天体観測,BUMP OF CHICKEN,bY4un1F4MSQ,https://youtu.be/bY4un1F4MSQ?t=3968,2025-10-24T17:46:21Z,01:06:08,01:16:29
embrace,BUMP OF CHICKEN,bY4un1F4MSQ,https://youtu.be/bY4un1F4MSQ?t=4589,2025-10-24T17:46:21Z,01:16:29,01:25:45
トレモロ,RADWIMPS,bY4un1F4MSQ,https://youtu.be/bY4un1F4MSQ?t=5145,2025-10-24T17:46:21Z,01:25:45,01:30:45
紅蓮華,LiSA,xl8tn1pvUjo,https://youtu.be/xl8tn1pvUjo?t=427,2025-10-25T12:36:19Z,00:07:07,00:16:23
ハッピーシンセサイザ,EasyPop,xl8tn1pvUjo,https://youtu.be/xl8tn1pvUjo?t=983,2025-10-25T12:36:19Z,00:16:23,00:21:29
赤い糸,コブクロ,xl8tn1pvUjo,https://youtu.be/xl8tn1pvUjo?t=1289,2025-10-25T12:36:19Z,00:21:29,00:39:36
unravel,TK from 凛として時雨,xl8tn1pvUjo,https://youtu.be/xl8tn1pvUjo?t=2376,2025-10-25T12:36:19Z,00:39:36,00:44:23
ライオン,"シェリル・ノーム starring May'n,ランカ・リー=中島愛",xl8tn1pvUjo,https://youtu.be/xl8tn1pvUjo?t=2663,2025-10-25T12:36:19Z,00:44:23,00:53:27
君をのせて,井上あずみ,xl8tn1pvUjo,https://youtu.be/xl8tn1pvUjo?t=3207,2025-10-25T12:36:19Z,00:53:27,00:58:00
変わらないもの,奥華子,xl8tn1pvUjo,https://youtu.be/xl8tn1pvUjo?t=3480,2025-10-25T12:36:19Z,00:58:00,01:02:59
長い間,Kiroro,xl8tn1pvUjo,https://youtu.be/xl8tn1pvUjo?t=3779,2025-10-25T12:36:19Z,01:02:59,01:11:25
じょいふる,いきものがかり,xl8tn1pvUjo,https://youtu.be/xl8tn1pvUjo?t=4285,2025-10-25T12:36:19Z,01:11:25,01:16:25
夜に駆ける,YOASOBI,pwE1Is0Ft04,https://youtu.be/pwE1Is0Ft04?t=1053,2025-10-26T18:09:53Z,00:17:33,00:29:28
unravel,TK from 凛として時雨,pwE1Is0Ft04,https://youtu.be/pwE1Is0Ft04?t=1768,2025-10-26T18:09:53Z,00:29:28,00:40:31
季節は次々死んでいく,amazarashi,pwE1Is0Ft04,https://youtu.be/pwE1Is0Ft04?t=2431,2025-10-26T18:09:53Z,00:40:31,00:53:44
空に歌えば,amazarashi,pwE1Is0Ft04,https://youtu.be/pwE1Is0Ft04?t=3224,2025-10-26T18:09:53Z,00:53:44,00:57:41
スターライト,amazarashi,pwE1Is0Ft04,https://youtu.be/pwE1Is0Ft04?t=3461,2025-10-26T18:09:53Z,00:57:41,01:04:30
もう一度,amazarashi,pwE1Is0Ft04,https://youtu.be/pwE1Is0Ft04?t=3870,2025-10-26T18:09:53Z,01:04:30,01:11:30
フィロソフィー,amazarashi,pwE1Is0Ft04,https://youtu.be/pwE1Is0Ft04?t=4290,2025-10-26T18:09:53Z,01:11:30,01:28:27
思想犯,ヨルシカ,pwE1Is0Ft04,https://youtu.be/pwE1Is0Ft04?t=5307,2025-10-26T18:09:53Z,01:28:27,01:34:39
心に穴が空いた,ヨルシカ,pwE1Is0Ft04,https://youtu.be/pwE1Is0Ft04?t=5679,2025-10-26T18:09:53Z,01:34:39,01:39:24
春泥棒,ヨルシカ,pwE1Is0Ft04,https://youtu.be/pwE1Is0Ft04?t=5964,2025-10-26T18:09:53Z,01:39:24,01:44:44
晴る,ヨルシカ,pwE1Is0Ft04,https://youtu.be/pwE1Is0Ft04?t=6284,2025-10-26T18:09:53Z,01:44:44,01:49:35
レプリカント,ヨルシカ,pwE1Is0Ft04,https://youtu.be/pwE1Is0Ft04?t=6575,2025-10-26T18:09:53Z,01:49:35,01:56:33
ハナミズキ,一青窈,pwE1Is0Ft04,https://youtu.be/pwE1Is0Ft04?t=6993,2025-10-26T18:09:53Z,01:56:33,02:02:05
雪の華,中島美嘉,pwE1Is0Ft04,https://youtu.be/pwE1Is0Ft04?t=7325,2025-10-26T18:09:53Z,02:02:05,02:09:25
君の知らない物語,supercell,pwE1Is0Ft04,https://youtu.be/pwE1Is0Ft04?t=7765,2025-10-26T18:09:53Z,02:09:25,02:15:18
God knows...,涼宮ハルヒ(平野綾),pwE1Is0Ft04,https://youtu.be/pwE1Is0Ft04?t=8118,2025-10-26T18:09:53Z,02:15:18,02:20:06
残酷な天使のテーゼ,高橋洋子,pwE1Is0Ft04,https://youtu.be/pwE1Is0Ft04?t=8406,2025-10-26T18:09:53Z,02:20:06,02:27:40
天体観測,BUMP OF CHICKEN,pwE1Is0Ft04,https://youtu.be/pwE1Is0Ft04?t=8860,2025-10-26T18:09:53Z,02:27:40,02:34:57
アカシア,BUMP OF CHICKEN,pwE1Is0Ft04,https://youtu.be/pwE1Is0Ft04?t=9297,2025-10-26T18:09:53Z,02:34:57,02:44:38
sailing day,BUMP OF CHICKEN,pwE1Is0Ft04,https://youtu.be/pwE1Is0Ft04?t=9878,2025-10-26T18:09:53Z,02:44:38,02:48:49
Aurora,BUMP OF CHICKEN,pwE1Is0Ft04,https://youtu.be/pwE1Is0Ft04?t=10129,2025-10-26T18:09:53Z,02:48:49,03:02:51
ray,BUMP OF CHICKEN,pwE1Is0Ft04,https://youtu.be/pwE1Is0Ft04?t=10971,2025-10-26T18:09:53Z,03:02:51,03:07:51
世界に一つだけの花,SMAP,GrGhp-P27mQ,https://youtu.be/GrGhp-P27mQ?t=1756,2025-10-27T18:21:53Z,00:29:16,00:35:36
長い間,Kiroro,GrGhp-P27mQ,https://youtu.be/GrGhp-P27mQ?t=2136,2025-10-27T18:21:53Z,00:35:36,00:42:08
糸,中島みゆき,GrGhp-P27mQ,https://youtu.be/GrGhp-P27mQ?t=2528,2025-10-27T18:21:53Z,00:42:08,00:48:56
ノーチラス,ヨルシカ,GrGhp-P27mQ,https://youtu.be/GrGhp-P27mQ?t=2936,2025-10-27T18:21:53Z,00:48:56,00:54:00
忘れてください,ヨルシカ,GrGhp-P27mQ,https://youtu.be/GrGhp-P27mQ?t=3240,2025-10-27T18:21:53Z,00:54:00,00:59:23
栞,クリープハイプ,GrGhp-P27mQ,https://youtu.be/GrGhp-P27mQ?t=3563,2025-10-27T18:21:53Z,00:59:23,01:06:25
さよならエレジー,菅田将暉,GrGhp-P27mQ,https://youtu.be/GrGhp-P27mQ?t=3985,2025-10-27T18:21:53Z,01:06:25,01:12:31
天体観測,BUMP OF CHICKEN,GrGhp-P27mQ,https://youtu.be/GrGhp-P27mQ?t=4351,2025-10-27T18:21:53Z,01:12:31,01:23:17
Butterfly,BUMP OF CHICKEN,GrGhp-P27mQ,https://youtu.be/GrGhp-P27mQ?t=4997,2025-10-27T18:21:53Z,01:23:17,01:29:19
Flare,BUMP OF CHICKEN,GrGhp-P27mQ,https://youtu.be/GrGhp-P27mQ?t=5359,2025-10-27T18:21:53Z,01:29:19,01:51:08
Break through,ミナミイズミ,GrGhp-P27mQ,https://youtu.be/GrGhp-P27mQ?t=6668,2025-10-27T18:21:53Z,01:51:08,01:56:08
サウダージ,ポルノグラフィティ,6wuqdM5Vcwc,https://youtu.be/6wuqdM5Vcwc?t=332,2025-10-28T18:20:33Z,00:05:32,00:12:28
マリーゴールド,あいみょん,6wuqdM5Vcwc,https://youtu.be/6wuqdM5Vcwc?t=748,2025-10-28T18:20:33Z,00:12:28,00:17:49
Pretender,Official髭男dism,6wuqdM5Vcwc,https://youtu.be/6wuqdM5Vcwc?t=1069,2025-10-28T18:20:33Z,00:17:49,00:23:26
紅蓮華,LiSA,6wuqdM5Vcwc,https://youtu.be/6wuqdM5Vcwc?t=1406,2025-10-28T18:20:33Z,00:23:26,00:27:43
インフェルノ,Mrs. GREEN APPLE,6wuqdM5Vcwc,https://youtu.be/6wuqdM5Vcwc?t=1663,2025-10-28T18:20:33Z,00:27:43,00:31:25
青のすみか,キタニタツヤ,6wuqdM5Vcwc,https://youtu.be/6wuqdM5Vcwc?t=1885,2025-10-28T18:20:33Z,00:31:25,00:35:02
新宝島,サカナクション,6wuqdM5Vcwc,https://youtu.be/6wuqdM5Vcwc?t=2102,2025-10-28T18:20:33Z,00:35:02,00:40:28
シュガーソングとビターステップ,UNISON SQUARE GARDEN,6wuqdM5Vcwc,https://youtu.be/6wuqdM5Vcwc?t=2428,2025-10-28T18:20:33Z,00:40:28,00:45:06
オリオンをなぞる,UNISON SQUARE GARDEN,6wuqdM5Vcwc,https://youtu.be/6wuqdM5Vcwc?t=2706,2025-10-28T18:20:33Z,00:45:06,00:49:39
リライト,ASIAN KUNG-FU GENERATION,6wuqdM5Vcwc,https://youtu.be/6wuqdM5Vcwc?t=2979,2025-10-28T18:20:33Z,00:49:39,00:53:36
君の知らない物語,supercell,6wuqdM5Vcwc,https://youtu.be/6wuqdM5Vcwc?t=3216,2025-10-28T18:20:33Z,00:53:36,00:59:28
Catch the Moment,LiSA,6wuqdM5Vcwc,https://youtu.be/6wuqdM5Vcwc?t=3568,2025-10-28T18:20:33Z,00:59:28,01:04:59
Rising Hope,LiSA,6wuqdM5Vcwc,https://youtu.be/6wuqdM5Vcwc?t=3899,2025-10-28T18:20:33Z,01:04:59,01:09:21
God knows...,涼宮ハルヒ(平野綾),6wuqdM5Vcwc,https://youtu.be/6wuqdM5Vcwc?t=4161,2025-10-28T18:20:33Z,01:09:21,01:14:15
unravel,TK from 凛として時雨,6wuqdM5Vcwc,https://youtu.be/6wuqdM5Vcwc?t=4455,2025-10-28T18:20:33Z,01:14:15,01:18:39
季節は次々死んでいく,amazarashi,6wuqdM5Vcwc,https://youtu.be/6wuqdM5Vcwc?t=4719,2025-10-28T18:20:33Z,01:18:39,01:24:51
残酷な天使のテーゼ,高橋洋子,6wuqdM5Vcwc,https://youtu.be/6wuqdM5Vcwc?t=5091,2025-10-28T18:20:33Z,01:24:51,01:28:57
ウィーアー！,きただにひろし,6wuqdM5Vcwc,https://youtu.be/6wuqdM5Vcwc?t=5337,2025-10-28T18:20:33Z,01:28:57,01:35:19
花の塔,さユり,6wuqdM5Vcwc,https://youtu.be/6wuqdM5Vcwc?t=5719,2025-10-28T18:20:33Z,01:35:19,01:40:13
月と花束,さユり,6wuqdM5Vcwc,https://youtu.be/6wuqdM5Vcwc?t=6013,2025-10-28T18:20:33Z,01:40:13,01:45:02
平行線,さユり,6wuqdM5Vcwc,https://youtu.be/6wuqdM5Vcwc?t=6302,2025-10-28T18:20:33Z,01:45:02,01:50:19
ノーザンクロス,シェリル・ノーム starring May'n,6wuqdM5Vcwc,https://youtu.be/6wuqdM5Vcwc?t=6619,2025-10-28T18:20:33Z,01:50:19,01:56:08
ライオン,"シェリル・ノーム starring May'n,ランカ・リー=中島愛",6wuqdM5Vcwc,https://youtu.be/6wuqdM5Vcwc?t=6968,2025-10-28T18:20:33Z,01:56:08,02:01:23
Synchrogazer,水樹奈々,6wuqdM5Vcwc,https://youtu.be/6wuqdM5Vcwc?t=7283,2025-10-28T18:20:33Z,02:01:23,02:05:59
CORE PRIDE,UVERworld,6wuqdM5Vcwc,https://youtu.be/6wuqdM5Vcwc?t=7559,2025-10-28T18:20:33Z,02:05:59,02:10:29
晴る,ヨルシカ,6wuqdM5Vcwc,https://youtu.be/6wuqdM5Vcwc?t=7829,2025-10-28T18:20:33Z,02:10:29,02:15:22
ブルーバード,いきものがかり,6wuqdM5Vcwc,https://youtu.be/6wuqdM5Vcwc?t=8122,2025-10-28T18:20:33Z,02:15:22,02:19:58
気まぐれロマンティック,いきものがかり,6wuqdM5Vcwc,https://youtu.be/6wuqdM5Vcwc?t=8398,2025-10-28T18:20:33Z,02:19:58,02:24:55
夜咄ディセイブ,じん,6wuqdM5Vcwc,https://youtu.be/6wuqdM5Vcwc?t=8695,2025-10-28T18:20:33Z,02:24:55,02:28:47
怪獣の花唄,Vaundy,6wuqdM5Vcwc,https://youtu.be/6wuqdM5Vcwc?t=8927,2025-10-28T18:20:33Z,02:28:47,02:32:41
高嶺の花子さん,back number,6wuqdM5Vcwc,https://youtu.be/6wuqdM5Vcwc?t=9161,2025-10-28T18:20:33Z,02:32:41,02:38:16
天体観測,BUMP OF CHICKEN,6wuqdM5Vcwc,https://youtu.be/6wuqdM5Vcwc?t=9496,2025-10-28T18:20:33Z,02:38:16,02:42:59
カルマ,BUMP OF CHICKEN,6wuqdM5Vcwc,https://youtu.be/6wuqdM5Vcwc?t=9779,2025-10-28T18:20:33Z,02:42:59,02:47:16
夜に駆ける,YOASOBI,6wuqdM5Vcwc,https://youtu.be/6wuqdM5Vcwc?t=10036,2025-10-28T18:20:33Z,02:47:16,02:52:04
only my railgun,fripSide,6wuqdM5Vcwc,https://youtu.be/6wuqdM5Vcwc?t=10324,2025-10-28T18:20:33Z,02:52:04,02:59:24
ハナミズキ,一青窈,6wuqdM5Vcwc,https://youtu.be/6wuqdM5Vcwc?t=10764,2025-10-28T18:20:33Z,02:59:24,03:04:24
ビンクスの酒,麦わらの一味,XoB6JwaXaXQ,https://youtu.be/XoB6JwaXaXQ?t=1418,2025-10-29T14:00:55Z,00:23:38,00:34:40
怒りをくれよ,GLIM SPANKY,XoB6JwaXaXQ,https://youtu.be/XoB6JwaXaXQ?t=2080,2025-10-29T14:00:55Z,00:34:40,00:39:13
新時代,Ado,XoB6JwaXaXQ,https://youtu.be/XoB6JwaXaXQ?t=2353,2025-10-29T14:00:55Z,00:39:13,00:48:27
ウィーアー！,きただにひろし,XoB6JwaXaXQ,https://youtu.be/XoB6JwaXaXQ?t=2907,2025-10-29T14:00:55Z,00:48:27,00:52:35
Believe,Folder5,XoB6JwaXaXQ,https://youtu.be/XoB6JwaXaXQ?t=3155,2025-10-29T14:00:55Z,00:52:35,00:57:47
ココロのちず,BOYSTYLE,XoB6JwaXaXQ,https://youtu.be/XoB6JwaXaXQ?t=3467,2025-10-29T14:00:55Z,00:57:47,01:02:24
BRAND NEW WORLD,D-51,XoB6JwaXaXQ,https://youtu.be/XoB6JwaXaXQ?t=3744,2025-10-29T14:00:55Z,01:02:24,01:06:56
sailing day,BUMP OF CHICKEN,XoB6JwaXaXQ,https://youtu.be/XoB6JwaXaXQ?t=4016,2025-10-29T14:00:55Z,01:06:56,01:15:29
One day,The ROOTLESS,XoB6JwaXaXQ,https://youtu.be/XoB6JwaXaXQ?t=4529,2025-10-29T14:00:55Z,01:15:29,01:20:01
memories,大槻マキ,XoB6JwaXaXQ,https://youtu.be/XoB6JwaXaXQ?t=4801,2025-10-29T14:00:55Z,01:20:01,01:25:01
欲望に満ちた青年団,ONE OK ROCK,uoYi0ljk7-A,https://youtu.be/uoYi0ljk7-A?t=1638,2025-10-30T12:43:20Z,00:27:18,00:31:31
愛迷エレジー,DECO*27,uoYi0ljk7-A,https://youtu.be/uoYi0ljk7-A?t=1891,2025-10-30T12:43:20Z,00:31:31,00:35:25
雨とカプチーノ,ヨルシカ,uoYi0ljk7-A,https://youtu.be/uoYi0ljk7-A?t=2125,2025-10-30T12:43:20Z,00:35:25,00:40:58
斜陽,ヨルシカ,uoYi0ljk7-A,https://youtu.be/uoYi0ljk7-A?t=2458,2025-10-30T12:43:20Z,00:40:58,00:45:24
晴る,ヨルシカ,uoYi0ljk7-A,https://youtu.be/uoYi0ljk7-A?t=2724,2025-10-30T12:43:20Z,00:45:24,01:03:25
丸の内サディスティック,椎名林檎,uoYi0ljk7-A,https://youtu.be/uoYi0ljk7-A?t=3805,2025-10-30T12:43:20Z,01:03:25,01:07:35
マリーゴールド,あいみょん,uoYi0ljk7-A,https://youtu.be/uoYi0ljk7-A?t=4055,2025-10-30T12:43:20Z,01:07:35,01:14:21
チェリー,スピッツ,uoYi0ljk7-A,https://youtu.be/uoYi0ljk7-A?t=4461,2025-10-30T12:43:20Z,01:14:21,01:19:14
美しい鰭,スピッツ,uoYi0ljk7-A,https://youtu.be/uoYi0ljk7-A?t=4754,2025-10-30T12:43:20Z,01:19:14,01:23:25
若者のすべて,フジファブリック,uoYi0ljk7-A,https://youtu.be/uoYi0ljk7-A?t=5005,2025-10-30T12:43:20Z,01:23:25,01:30:36
今宵の月のように,エレファントカシマシ,uoYi0ljk7-A,https://youtu.be/uoYi0ljk7-A?t=5436,2025-10-30T12:43:20Z,01:30:36,01:35:41
ロビンソン,スピッツ,uoYi0ljk7-A,https://youtu.be/uoYi0ljk7-A?t=5741,2025-10-30T12:43:20Z,01:35:41,01:49:04
わたがし,back number,uoYi0ljk7-A,https://youtu.be/uoYi0ljk7-A?t=6544,2025-10-30T12:43:20Z,01:49:04,01:54:59
千本桜,黒うさP,uoYi0ljk7-A,https://youtu.be/uoYi0ljk7-A?t=6899,2025-10-30T12:43:20Z,01:54:59,01:59:19
天ノ弱,164,uoYi0ljk7-A,https://youtu.be/uoYi0ljk7-A?t=7159,2025-10-30T12:43:20Z,01:59:19,02:03:23
ドーナツホール,ハチ,uoYi0ljk7-A,https://youtu.be/uoYi0ljk7-A?t=7403,2025-10-30T12:43:20Z,02:03:23,02:07:59
ロミオとシンデレラ,doriko,uoYi0ljk7-A,https://youtu.be/uoYi0ljk7-A?t=7679,2025-10-30T12:43:20Z,02:07:59,02:15:10
ロストワンの号哭,Neru,uoYi0ljk7-A,https://youtu.be/uoYi0ljk7-A?t=8110,2025-10-30T12:43:20Z,02:15:10,02:19:33
サマータイムレコード,じん,uoYi0ljk7-A,https://youtu.be/uoYi0ljk7-A?t=8373,2025-10-30T12:43:20Z,02:19:33,02:24:13
夜咄ディセイブ,じん,uoYi0ljk7-A,https://youtu.be/uoYi0ljk7-A?t=8653,2025-10-30T12:43:20Z,02:24:13,02:29:00
インフェルノ,Mrs. GREEN APPLE,uoYi0ljk7-A,https://youtu.be/uoYi0ljk7-A?t=8940,2025-10-30T12:43:20Z,02:29:00,02:34:09
アイネクライネ,米津玄師,uoYi0ljk7-A,https://youtu.be/uoYi0ljk7-A?t=9249,2025-10-30T12:43:20Z,02:34:09,02:40:02
Lemon,米津玄師,uoYi0ljk7-A,https://youtu.be/uoYi0ljk7-A?t=9602,2025-10-30T12:43:20Z,02:40:02,02:53:55
ムーンライト伝説,DALI,uoYi0ljk7-A,https://youtu.be/uoYi0ljk7-A?t=10435,2025-10-30T12:43:20Z,02:53:55,02:58:02
アンパンマンのマーチ,ドリーミング,uoYi0ljk7-A,https://youtu.be/uoYi0ljk7-A?t=10682,2025-10-30T12:43:20Z,02:58:02,03:01:40
God knows...,涼宮ハルヒ(平野綾),uoYi0ljk7-A,https://youtu.be/uoYi0ljk7-A?t=10900,2025-10-30T12:43:20Z,03:01:40,03:06:51
ミカヅキ,さユり,uoYi0ljk7-A,https://youtu.be/uoYi0ljk7-A?t=11211,2025-10-30T12:43:20Z,03:06:51,03:11:49
花の塔,さユり,uoYi0ljk7-A,https://youtu.be/uoYi0ljk7-A?t=11509,2025-10-30T12:43:20Z,03:11:49,03:20:10
シルエット,KANA-BOON,uoYi0ljk7-A,https://youtu.be/uoYi0ljk7-A?t=12010,2025-10-30T12:43:20Z,03:20:10,03:25:14
シュガーソングとビターステップ,UNISON SQUARE GARDEN,uoYi0ljk7-A,https://youtu.be/uoYi0ljk7-A?t=12314,2025-10-30T12:43:20Z,03:25:14,03:29:14
オリオンをなぞる,UNISON SQUARE GARDEN,uoYi0ljk7-A,https://youtu.be/uoYi0ljk7-A?t=12554,2025-10-30T12:43:20Z,03:29:14,03:34:47
リライト,ASIAN KUNG-FU GENERATION,uoYi0ljk7-A,https://youtu.be/uoYi0ljk7-A?t=12887,2025-10-30T12:43:20Z,03:34:47,03:40:40
daze,じん,uoYi0ljk7-A,https://youtu.be/uoYi0ljk7-A?t=13240,2025-10-30T12:43:20Z,03:40:40,03:46:06
ブルーバード,いきものがかり,uoYi0ljk7-A,https://youtu.be/uoYi0ljk7-A?t=13566,2025-10-30T12:43:20Z,03:46:06,03:50:19
季節は次々死んでいく,amazarashi,uoYi0ljk7-A,https://youtu.be/uoYi0ljk7-A?t=13819,2025-10-30T12:43:20Z,03:50:19,03:56:49
空に歌えば,amazarashi,uoYi0ljk7-A,https://youtu.be/uoYi0ljk7-A?t=14209,2025-10-30T12:43:20Z,03:56:49,04:02:49
結晶,ミナミイズミ,uoYi0ljk7-A,https://youtu.be/uoYi0ljk7-A?t=14569,2025-10-30T12:43:20Z,04:02:49,04:07:49
車輪の唄,BUMP OF CHICKEN,CXzY8NtrtdE,https://youtu.be/CXzY8NtrtdE?t=3017,2025-11-01T13:25:58Z,00:50:17,00:54:47
レム,BUMP OF CHICKEN,CXzY8NtrtdE,https://youtu.be/CXzY8NtrtdE?t=3287,2025-11-01T13:25:58Z,00:54:47,00:59:23
太陽,BUMP OF CHICKEN,CXzY8NtrtdE,https://youtu.be/CXzY8NtrtdE?t=3563,2025-11-01T13:25:58Z,00:59:23,01:05:26
天体観測,BUMP OF CHICKEN,CXzY8NtrtdE,https://youtu.be/CXzY8NtrtdE?t=3926,2025-11-01T13:25:58Z,01:05:26,01:10:26
God knows...,涼宮ハルヒ(平野綾),hbk7XxCLQ3Q,https://youtu.be/hbk7XxCLQ3Q?t=151,2025-11-02T13:12:01Z,00:02:31,00:07:26
天体観測,BUMP OF CHICKEN,hbk7XxCLQ3Q,https://youtu.be/hbk7XxCLQ3Q?t=446,2025-11-02T13:12:01Z,00:07:26,00:14:30
ハナミズキ,一青窈,hbk7XxCLQ3Q,https://youtu.be/hbk7XxCLQ3Q?t=870,2025-11-02T13:12:01Z,00:14:30,00:20:54
ぐるぐる,ミナミイズミ,hbk7XxCLQ3Q,https://youtu.be/hbk7XxCLQ3Q?t=1254,2025-11-02T13:12:01Z,00:20:54,00:25:03
Break through,ミナミイズミ,hbk7XxCLQ3Q,https://youtu.be/hbk7XxCLQ3Q?t=1503,2025-11-02T13:12:01Z,00:25:03,00:30:03
最後の雨,中西保志,NMug2CQbj-8,https://youtu.be/NMug2CQbj-8?t=677,2025-11-02T17:19:58Z,00:11:17,00:18:28
楓,スピッツ,NMug2CQbj-8,https://youtu.be/NMug2CQbj-8?t=1108,2025-11-02T17:19:58Z,00:18:28,00:26:38
カタオモイ,Aimer,NMug2CQbj-8,https://youtu.be/NMug2CQbj-8?t=1598,2025-11-02T17:19:58Z,00:26:38,00:39:39
糸,中島みゆき,NMug2CQbj-8,https://youtu.be/NMug2CQbj-8?t=2379,2025-11-02T17:19:58Z,00:39:39,00:57:14
赤いスイートピー,松田聖子,NMug2CQbj-8,https://youtu.be/NMug2CQbj-8?t=3434,2025-11-02T17:19:58Z,00:57:14,01:54:47
流れ星の正体,BUMP OF CHICKEN,NMug2CQbj-8,https://youtu.be/NMug2CQbj-8?t=6887,2025-11-02T17:19:58Z,01:54:47,01:59:47
チェリー,スピッツ,cKsSnnauSb8,https://youtu.be/cKsSnnauSb8?t=554,2025-11-05T00:12:08Z,00:09:14,00:17:35
丸の内サディスティック,椎名林檎,cKsSnnauSb8,https://youtu.be/cKsSnnauSb8?t=1055,2025-11-05T00:12:08Z,00:17:35,00:24:17
なないろ,BUMP OF CHICKEN,cKsSnnauSb8,https://youtu.be/cKsSnnauSb8?t=1457,2025-11-05T00:12:08Z,00:24:17,00:47:43
アカシア,BUMP OF CHICKEN,cKsSnnauSb8,https://youtu.be/cKsSnnauSb8?t=2863,2025-11-05T00:12:08Z,00:47:43,00:53:07
sailing day,BUMP OF CHICKEN,cKsSnnauSb8,https://youtu.be/cKsSnnauSb8?t=3187,2025-11-05T00:12:08Z,00:53:07,00:59:13
千本桜,黒うさP,cKsSnnauSb8,https://youtu.be/cKsSnnauSb8?t=3553,2025-11-05T00:12:08Z,00:59:13,01:05:00
ロミオとシンデレラ,doriko,cKsSnnauSb8,https://youtu.be/cKsSnnauSb8?t=3900,2025-11-05T00:12:08Z,01:05:00,01:12:25
unravel,TK from 凛として時雨,cKsSnnauSb8,https://youtu.be/cKsSnnauSb8?t=4345,2025-11-05T00:12:08Z,01:12:25,01:20:26
シルエット,KANA-BOON,cKsSnnauSb8,https://youtu.be/cKsSnnauSb8?t=4826,2025-11-05T00:12:08Z,01:20:26,01:32:26
青のすみか,キタニタツヤ,cKsSnnauSb8,https://youtu.be/cKsSnnauSb8?t=5546,2025-11-05T00:12:08Z,01:32:26,01:37:33
ずうっといっしょ！,キタニタツヤ,cKsSnnauSb8,https://youtu.be/cKsSnnauSb8?t=5853,2025-11-05T00:12:08Z,01:37:33,01:41:41
again,YUI,cKsSnnauSb8,https://youtu.be/cKsSnnauSb8?t=6101,2025-11-05T00:12:08Z,01:41:41,01:46:53
CHE.R.RY,YUI,cKsSnnauSb8,https://youtu.be/cKsSnnauSb8?t=6413,2025-11-05T00:12:08Z,01:46:53,01:54:22
君はロックを聴かない,あいみょん,cKsSnnauSb8,https://youtu.be/cKsSnnauSb8?t=6862,2025-11-05T00:12:08Z,01:54:22,01:59:22
ブルーバード,いきものがかり,hbYTW2Shn8M,https://youtu.be/hbYTW2Shn8M?t=705,2025-11-07T17:37:47Z,00:11:45,00:19:04
Diver,NICO Touches the Walls,hbYTW2Shn8M,https://youtu.be/hbYTW2Shn8M?t=1144,2025-11-07T17:37:47Z,00:19:04,00:23:53
青のすみか,キタニタツヤ,hbYTW2Shn8M,https://youtu.be/hbYTW2Shn8M?t=1433,2025-11-07T17:37:47Z,00:23:53,00:28:18
unravel,TK from 凛として時雨,hbYTW2Shn8M,https://youtu.be/hbYTW2Shn8M?t=1698,2025-11-07T17:37:47Z,00:28:18,00:34:24
ムーンライト伝説,DALI,hbYTW2Shn8M,https://youtu.be/hbYTW2Shn8M?t=2064,2025-11-07T17:37:47Z,00:34:24,00:38:23
君の知らない物語,supercell,hbYTW2Shn8M,https://youtu.be/hbYTW2Shn8M?t=2303,2025-11-07T17:37:47Z,00:38:23,00:45:02
恋愛サーキュレーション,千石撫子(花澤香菜),hbYTW2Shn8M,https://youtu.be/hbYTW2Shn8M?t=2702,2025-11-07T17:37:47Z,00:45:02,00:50:21
ふわふわ時間,放課後ティータイム,hbYTW2Shn8M,https://youtu.be/hbYTW2Shn8M?t=3021,2025-11-07T17:37:47Z,00:50:21,00:56:30
星間飛行,ランカ・リー＝中島愛,hbYTW2Shn8M,https://youtu.be/hbYTW2Shn8M?t=3390,2025-11-07T17:37:47Z,00:56:30,01:00:52
ノーザンクロス,シェリル・ノーム starring May'n,hbYTW2Shn8M,https://youtu.be/hbYTW2Shn8M?t=3652,2025-11-07T17:37:47Z,01:00:52,01:05:27
紅蓮華,LiSA,hbYTW2Shn8M,https://youtu.be/hbYTW2Shn8M?t=3927,2025-11-07T17:37:47Z,01:05:27,01:10:15
God knows...,涼宮ハルヒ(平野綾),hbYTW2Shn8M,https://youtu.be/hbYTW2Shn8M?t=4215,2025-11-07T17:37:47Z,01:10:15,01:16:39
サムライハート(Some Like It Hot!!),SPYAIR,hbYTW2Shn8M,https://youtu.be/hbYTW2Shn8M?t=4599,2025-11-07T17:37:47Z,01:16:39,01:22:51
怪獣,サカナクション,hbYTW2Shn8M,https://youtu.be/hbYTW2Shn8M?t=4971,2025-11-07T17:37:47Z,01:22:51,01:27:38
again,YUI,hbYTW2Shn8M,https://youtu.be/hbYTW2Shn8M?t=5258,2025-11-07T17:37:47Z,01:27:38,01:32:02
めざせポケモンマスター,松本梨香,hbYTW2Shn8M,https://youtu.be/hbYTW2Shn8M?t=5522,2025-11-07T17:37:47Z,01:32:02,01:36:41
残酷な天使のテーゼ,高橋洋子,hbYTW2Shn8M,https://youtu.be/hbYTW2Shn8M?t=5801,2025-11-07T17:37:47Z,01:36:41,01:43:49
リライト,ASIAN KUNG-FU GENERATION,hbYTW2Shn8M,https://youtu.be/hbYTW2Shn8M?t=6229,2025-11-07T17:37:47Z,01:43:49,01:48:31
晴る,ヨルシカ,hbYTW2Shn8M,https://youtu.be/hbYTW2Shn8M?t=6511,2025-11-07T17:37:47Z,01:48:31,01:54:14
斜陽,ヨルシカ,hbYTW2Shn8M,https://youtu.be/hbYTW2Shn8M?t=6854,2025-11-07T17:37:47Z,01:54:14,01:58:31
火星人,ヨルシカ,hbYTW2Shn8M,https://youtu.be/hbYTW2Shn8M?t=7111,2025-11-07T17:37:47Z,01:58:31,02:03:35
空に歌えば,amazarashi,hbYTW2Shn8M,https://youtu.be/hbYTW2Shn8M?t=7415,2025-11-07T17:37:47Z,02:03:35,02:08:48
航海の唄,さユり,hbYTW2Shn8M,https://youtu.be/hbYTW2Shn8M?t=7728,2025-11-07T17:37:47Z,02:08:48,02:15:02
Shout Baby,緑黄色社会,hbYTW2Shn8M,https://youtu.be/hbYTW2Shn8M?t=8102,2025-11-07T17:37:47Z,02:15:02,02:20:10
夢をかなえてドラえもん,mao,hbYTW2Shn8M,https://youtu.be/hbYTW2Shn8M?t=8410,2025-11-07T17:37:47Z,02:20:10,02:24:57
シュガーソングとビターステップ,UNISON SQUARE GARDEN,hbYTW2Shn8M,https://youtu.be/hbYTW2Shn8M?t=8697,2025-11-07T17:37:47Z,02:24:57,02:29:09
オリオンをなぞる,UNISON SQUARE GARDEN,hbYTW2Shn8M,https://youtu.be/hbYTW2Shn8M?t=8949,2025-11-07T17:37:47Z,02:29:09,02:34:12
タッチ,岩崎良美,hbYTW2Shn8M,https://youtu.be/hbYTW2Shn8M?t=9252,2025-11-07T17:37:47Z,02:34:12,02:37:55
瞬間センチメンタル,SCANDAL,hbYTW2Shn8M,https://youtu.be/hbYTW2Shn8M?t=9475,2025-11-07T17:37:47Z,02:37:55,02:43:18
ウィーアー！,きただにひろし,hbYTW2Shn8M,https://youtu.be/hbYTW2Shn8M?t=9798,2025-11-07T17:37:47Z,02:43:18,02:48:11
ココロのちず,BOYSTYLE,hbYTW2Shn8M,https://youtu.be/hbYTW2Shn8M?t=10091,2025-11-07T17:37:47Z,02:48:11,02:55:17
Believe,Folder5,hbYTW2Shn8M,https://youtu.be/hbYTW2Shn8M?t=10517,2025-11-07T17:37:47Z,02:55:17,03:01:21
sailing day,BUMP OF CHICKEN,hbYTW2Shn8M,https://youtu.be/hbYTW2Shn8M?t=10881,2025-11-07T17:37:47Z,03:01:21,03:06:21
車輪の唄,BUMP OF CHICKEN,nuOreKsnnC0,https://youtu.be/nuOreKsnnC0?t=852,2025-11-08T19:27:34Z,00:14:12,00:21:56
inside you,milet,nuOreKsnnC0,https://youtu.be/nuOreKsnnC0?t=1316,2025-11-08T19:27:34Z,00:21:56,00:27:58
裸の心,あいみょん,nuOreKsnnC0,https://youtu.be/nuOreKsnnC0?t=1678,2025-11-08T19:27:34Z,00:27:58,00:42:47
me me she,RADWIMPS,nuOreKsnnC0,https://youtu.be/nuOreKsnnC0?t=2567,2025-11-08T19:27:34Z,00:42:47,01:21:37
ナモナキヒト,amazarashi,nuOreKsnnC0,https://youtu.be/nuOreKsnnC0?t=4897,2025-11-08T19:27:34Z,01:21:37,01:30:51
性善説,amazarashi,nuOreKsnnC0,https://youtu.be/nuOreKsnnC0?t=5451,2025-11-08T19:27:34Z,01:30:51,01:42:35
美しき思い出,amazarashi,nuOreKsnnC0,https://youtu.be/nuOreKsnnC0?t=6155,2025-11-08T19:27:34Z,01:42:35,01:52:19
僕が死のうと思ったのは,amazarashi,nuOreKsnnC0,https://youtu.be/nuOreKsnnC0?t=6739,2025-11-08T19:27:34Z,01:52:19,02:02:34
unravel,TK from 凛として時雨,nuOreKsnnC0,https://youtu.be/nuOreKsnnC0?t=7354,2025-11-08T19:27:34Z,02:02:34,02:08:33
天体観測,BUMP OF CHICKEN,nuOreKsnnC0,https://youtu.be/nuOreKsnnC0?t=7713,2025-11-08T19:27:34Z,02:08:33,02:13:42
季節は次々死んでいく,amazarashi,nuOreKsnnC0,https://youtu.be/nuOreKsnnC0?t=8022,2025-11-08T19:27:34Z,02:13:42,02:42:54
風に流離い,amazarashi,nuOreKsnnC0,https://youtu.be/nuOreKsnnC0?t=9774,2025-11-08T19:27:34Z,02:42:54,03:02:44
プラネタリウム,BUMP OF CHICKEN,nuOreKsnnC0,https://youtu.be/nuOreKsnnC0?t=10964,2025-11-08T19:27:34Z,03:02:44,03:07:44
星間飛行,ランカ・リー＝中島愛,sYDEF3uM3No,https://youtu.be/sYDEF3uM3No?t=877,2025-11-09T17:49:22Z,00:14:37,00:18:54
ノーザンクロス,シェリル・ノーム starring May'n,sYDEF3uM3No,https://youtu.be/sYDEF3uM3No?t=1134,2025-11-09T17:49:22Z,00:18:54,00:26:06
サザンクロス,BUMP OF CHICKEN,sYDEF3uM3No,https://youtu.be/sYDEF3uM3No?t=1566,2025-11-09T17:49:22Z,00:26:06,00:30:27
オリオンをなぞる,UNISON SQUARE GARDEN,sYDEF3uM3No,https://youtu.be/sYDEF3uM3No?t=1827,2025-11-09T17:49:22Z,00:30:27,00:38:43
アカシア,BUMP OF CHICKEN,sYDEF3uM3No,https://youtu.be/sYDEF3uM3No?t=2323,2025-11-09T17:49:22Z,00:38:43,00:55:52
逃避行,amazarashi,sYDEF3uM3No,https://youtu.be/sYDEF3uM3No?t=3352,2025-11-09T17:49:22Z,00:55:52,01:12:58
香水,瑛人,sYDEF3uM3No,https://youtu.be/sYDEF3uM3No?t=4378,2025-11-09T17:49:22Z,01:12:58,01:21:07
怪獣,サカナクション,sYDEF3uM3No,https://youtu.be/sYDEF3uM3No?t=4867,2025-11-09T17:49:22Z,01:21:07,01:25:34
アイデンティティ,サカナクション,sYDEF3uM3No,https://youtu.be/sYDEF3uM3No?t=5134,2025-11-09T17:49:22Z,01:25:34,01:29:51
ミュージック,サカナクション,sYDEF3uM3No,https://youtu.be/sYDEF3uM3No?t=5391,2025-11-09T17:49:22Z,01:29:51,01:35:24
青のすみか,キタニタツヤ,sYDEF3uM3No,https://youtu.be/sYDEF3uM3No?t=5724,2025-11-09T17:49:22Z,01:35:24,01:39:09
おしゃかしゃま,RADWIMPS,sYDEF3uM3No,https://youtu.be/sYDEF3uM3No?t=5949,2025-11-09T17:49:22Z,01:39:09,01:44:05
千本桜,黒うさP,sYDEF3uM3No,https://youtu.be/sYDEF3uM3No?t=6245,2025-11-09T17:49:22Z,01:44:05,01:54:10
水平線,back number,sYDEF3uM3No,https://youtu.be/sYDEF3uM3No?t=6850,2025-11-09T17:49:22Z,01:54:10,02:01:01
インフェルノ,Mrs. GREEN APPLE,sYDEF3uM3No,https://youtu.be/sYDEF3uM3No?t=7261,2025-11-09T17:49:22Z,02:01:01,02:05:03
unravel,TK from 凛として時雨,sYDEF3uM3No,https://youtu.be/sYDEF3uM3No?t=7503,2025-11-09T17:49:22Z,02:05:03,02:15:01
花の名,BUMP OF CHICKEN,sYDEF3uM3No,https://youtu.be/sYDEF3uM3No?t=8101,2025-11-09T17:49:22Z,02:15:01,02:23:10
embrace,BUMP OF CHICKEN,sYDEF3uM3No,https://youtu.be/sYDEF3uM3No?t=8590,2025-11-09T17:49:22Z,02:23:10,02:34:29
Flare,BUMP OF CHICKEN,sYDEF3uM3No,https://youtu.be/sYDEF3uM3No?t=9269,2025-11-09T17:49:22Z,02:34:29,02:39:27
ラフ・メイカー,BUMP OF CHICKEN,sYDEF3uM3No,https://youtu.be/sYDEF3uM3No?t=9567,2025-11-09T17:49:22Z,02:39:27,02:43:31
天体観測,BUMP OF CHICKEN,sYDEF3uM3No,https://youtu.be/sYDEF3uM3No?t=9811,2025-11-09T17:49:22Z,02:43:31,02:50:15
strawberry,BUMP OF CHICKEN,sYDEF3uM3No,https://youtu.be/sYDEF3uM3No?t=10215,2025-11-09T17:49:22Z,02:50:15,02:55:15
ぐるぐる,ミナミイズミ,aJnkyk4d0AY,https://youtu.be/aJnkyk4d0AY?t=5018,2025-11-11T12:15:36Z,01:23:38,01:28:38
ハッピーシンセサイザ,EasyPop,1B-DdOF0h0w,https://youtu.be/1B-DdOF0h0w?t=376,2025-11-12T00:28:38Z,00:06:16,00:13:52
宝石になった日,BUMP OF CHICKEN,1B-DdOF0h0w,https://youtu.be/1B-DdOF0h0w?t=832,2025-11-12T00:28:38Z,00:13:52,00:24:15
怪獣,サカナクション,1B-DdOF0h0w,https://youtu.be/1B-DdOF0h0w?t=1455,2025-11-12T00:28:38Z,00:24:15,00:29:12
忘れられないの,サカナクション,1B-DdOF0h0w,https://youtu.be/1B-DdOF0h0w?t=1752,2025-11-12T00:28:38Z,00:29:12,00:36:46
世界に一つだけの花,SMAP,1B-DdOF0h0w,https://youtu.be/1B-DdOF0h0w?t=2206,2025-11-12T00:28:38Z,00:36:46,00:44:07
ただ君に晴れ,ヨルシカ,1B-DdOF0h0w,https://youtu.be/1B-DdOF0h0w?t=2647,2025-11-12T00:28:38Z,00:44:07,00:48:31
晴る,ヨルシカ,1B-DdOF0h0w,https://youtu.be/1B-DdOF0h0w?t=2911,2025-11-12T00:28:38Z,00:48:31,00:55:51
雨とカプチーノ,ヨルシカ,1B-DdOF0h0w,https://youtu.be/1B-DdOF0h0w?t=3351,2025-11-12T00:28:38Z,00:55:51,01:06:09
美しい鰭,スピッツ,1B-DdOF0h0w,https://youtu.be/1B-DdOF0h0w?t=3969,2025-11-12T00:28:38Z,01:06:09,01:20:55
シュガーソングとビターステップ,UNISON SQUARE GARDEN,1B-DdOF0h0w,https://youtu.be/1B-DdOF0h0w?t=4855,2025-11-12T00:28:38Z,01:20:55,01:26:51
なないろ,BUMP OF CHICKEN,1B-DdOF0h0w,https://youtu.be/1B-DdOF0h0w?t=5211,2025-11-12T00:28:38Z,01:26:51,01:33:07
気まぐれロマンティック,いきものがかり,1B-DdOF0h0w,https://youtu.be/1B-DdOF0h0w?t=5587,2025-11-12T00:28:38Z,01:33:07,01:38:07
アイロニー,ミナミイズミ,cRceeYD7G94,https://youtu.be/cRceeYD7G94?t=860,2025-11-12T15:09:01Z,00:14:20,00:19:20
秒針を噛む,ずっと真夜中でいいのに。,tXCZzJKrK1U,https://youtu.be/tXCZzJKrK1U?t=596,2025-11-13T04:34:37Z,00:09:56,00:16:09
車輪の唄,BUMP OF CHICKEN,tXCZzJKrK1U,https://youtu.be/tXCZzJKrK1U?t=969,2025-11-13T04:34:37Z,00:16:09,00:26:08
ナイフ,BUMP OF CHICKEN,tXCZzJKrK1U,https://youtu.be/tXCZzJKrK1U?t=1568,2025-11-13T04:34:37Z,00:26:08,00:50:55
季節は次々死んでいく,amazarashi,tXCZzJKrK1U,https://youtu.be/tXCZzJKrK1U?t=3055,2025-11-13T04:34:37Z,00:50:55,01:12:20
スターライト,amazarashi,tXCZzJKrK1U,https://youtu.be/tXCZzJKrK1U?t=4340,2025-11-13T04:34:37Z,01:12:20,01:19:52
空に歌えば,amazarashi,tXCZzJKrK1U,https://youtu.be/tXCZzJKrK1U?t=4792,2025-11-13T04:34:37Z,01:19:52,01:24:52
境界線,amazarashi,oPnoS1kgUjM,https://youtu.be/oPnoS1kgUjM?t=776,2025-11-14T17:10:20Z,00:12:56,00:20:40
ナイトメア,amazarashi,oPnoS1kgUjM,https://youtu.be/oPnoS1kgUjM?t=1240,2025-11-14T17:10:20Z,00:20:40,00:25:19
黎明期,amazarashi,oPnoS1kgUjM,https://youtu.be/oPnoS1kgUjM?t=1519,2025-11-14T17:10:20Z,00:25:19,00:30:44
痛覚,amazarashi,oPnoS1kgUjM,https://youtu.be/oPnoS1kgUjM?t=1844,2025-11-14T17:10:20Z,00:30:44,00:36:46
アダプテッド,amazarashi,oPnoS1kgUjM,https://youtu.be/oPnoS1kgUjM?t=2206,2025-11-14T17:10:20Z,00:36:46,00:43:36
アンチノミー,amazarashi,oPnoS1kgUjM,https://youtu.be/oPnoS1kgUjM?t=2616,2025-11-14T17:10:20Z,00:43:36,00:54:03
ワンルーム叙事詩,amazarashi,oPnoS1kgUjM,https://youtu.be/oPnoS1kgUjM?t=3243,2025-11-14T17:10:20Z,00:54:03,01:00:05
ナモナキヒト,amazarashi,oPnoS1kgUjM,https://youtu.be/oPnoS1kgUjM?t=3605,2025-11-14T17:10:20Z,01:00:05,01:06:54
風に流離い,amazarashi,oPnoS1kgUjM,https://youtu.be/oPnoS1kgUjM?t=4014,2025-11-14T17:10:20Z,01:06:54,01:12:38
性善説,amazarashi,oPnoS1kgUjM,https://youtu.be/oPnoS1kgUjM?t=4358,2025-11-14T17:10:20Z,01:12:38,01:20:09
多数決,amazarashi,oPnoS1kgUjM,https://youtu.be/oPnoS1kgUjM?t=4809,2025-11-14T17:10:20Z,01:20:09,01:32:30
逃避行,amazarashi,oPnoS1kgUjM,https://youtu.be/oPnoS1kgUjM?t=5550,2025-11-14T17:10:20Z,01:32:30,01:37:03
美しき思い出,amazarashi,oPnoS1kgUjM,https://youtu.be/oPnoS1kgUjM?t=5823,2025-11-14T17:10:20Z,01:37:03,01:44:36
もう一度,amazarashi,oPnoS1kgUjM,https://youtu.be/oPnoS1kgUjM?t=6276,2025-11-14T17:10:20Z,01:44:36,01:51:00
とどめを刺して,amazarashi,oPnoS1kgUjM,https://youtu.be/oPnoS1kgUjM?t=6660,2025-11-14T17:10:20Z,01:51:00,01:57:13
空洞空洞,amazarashi,oPnoS1kgUjM,https://youtu.be/oPnoS1kgUjM?t=7033,2025-11-14T17:10:20Z,01:57:13,02:07:06
アンアライブ,amazarashi,oPnoS1kgUjM,https://youtu.be/oPnoS1kgUjM?t=7626,2025-11-14T17:10:20Z,02:07:06,02:11:53
1.0,amazarashi,oPnoS1kgUjM,https://youtu.be/oPnoS1kgUjM?t=7913,2025-11-14T17:10:20Z,02:11:53,02:17:47
スターライト,amazarashi,oPnoS1kgUjM,https://youtu.be/oPnoS1kgUjM?t=8267,2025-11-14T17:10:20Z,02:17:47,02:22:56
フィロソフィー,amazarashi,oPnoS1kgUjM,https://youtu.be/oPnoS1kgUjM?t=8576,2025-11-14T17:10:20Z,02:22:56,02:27:50
空に歌えば,amazarashi,oPnoS1kgUjM,https://youtu.be/oPnoS1kgUjM?t=8870,2025-11-14T17:10:20Z,02:27:50,02:32:39
季節は次々死んでいく,amazarashi,oPnoS1kgUjM,https://youtu.be/oPnoS1kgUjM?t=9159,2025-11-14T17:10:20Z,02:32:39,02:37:39
邂逅,BUMP OF CHICKEN,E1IoYQjSP_A,https://youtu.be/E1IoYQjSP_A?t=1655,2025-11-15T18:02:05Z,00:27:35,00:48:55
トレモロ,RADWIMPS,E1IoYQjSP_A,https://youtu.be/E1IoYQjSP_A?t=2935,2025-11-15T18:02:05Z,00:48:55,00:52:34
おしゃかしゃま,RADWIMPS,E1IoYQjSP_A,https://youtu.be/E1IoYQjSP_A?t=3154,2025-11-15T18:02:05Z,00:52:34,00:59:45
ジュブナイル,amazarashi,E1IoYQjSP_A,https://youtu.be/E1IoYQjSP_A?t=3585,2025-11-15T18:02:05Z,00:59:45,01:06:36
アンチノミー,amazarashi,E1IoYQjSP_A,https://youtu.be/E1IoYQjSP_A?t=3996,2025-11-15T18:02:05Z,01:06:36,01:17:00
君のベストライフ,amazarashi,E1IoYQjSP_A,https://youtu.be/E1IoYQjSP_A?t=4620,2025-11-15T18:02:05Z,01:17:00,01:24:21
とどめを刺して,amazarashi,E1IoYQjSP_A,https://youtu.be/E1IoYQjSP_A?t=5061,2025-11-15T18:02:05Z,01:24:21,01:32:21
ごめんねオデッセイ,amazarashi,E1IoYQjSP_A,https://youtu.be/E1IoYQjSP_A?t=5541,2025-11-15T18:02:05Z,01:32:21,01:41:30
後期衝動,amazarashi,E1IoYQjSP_A,https://youtu.be/E1IoYQjSP_A?t=6090,2025-11-15T18:02:05Z,01:41:30,01:55:05
季節は次々死んでいく,amazarashi,E1IoYQjSP_A,https://youtu.be/E1IoYQjSP_A?t=6905,2025-11-15T18:02:05Z,01:55:05,02:13:14
unravel,TK from 凛として時雨,E1IoYQjSP_A,https://youtu.be/E1IoYQjSP_A?t=7994,2025-11-15T18:02:05Z,02:13:14,02:45:51
モーターサイクル,BUMP OF CHICKEN,E1IoYQjSP_A,https://youtu.be/E1IoYQjSP_A?t=9951,2025-11-15T18:02:05Z,02:45:51,03:33:30
アルエ,BUMP OF CHICKEN,E1IoYQjSP_A,https://youtu.be/E1IoYQjSP_A?t=12810,2025-11-15T18:02:05Z,03:33:30,03:38:30
トレモロ,RADWIMPS,Xb6m25bDFqA,https://youtu.be/Xb6m25bDFqA?t=637,2025-11-19T00:20:53Z,00:10:37,00:20:33
タッチ,岩崎良美,Xb6m25bDFqA,https://youtu.be/Xb6m25bDFqA?t=1233,2025-11-19T00:20:53Z,00:20:33,00:32:20
チェリー,スピッツ,Xb6m25bDFqA,https://youtu.be/Xb6m25bDFqA?t=1940,2025-11-19T00:20:53Z,00:32:20,00:53:22
怪獣,サカナクション,Xb6m25bDFqA,https://youtu.be/Xb6m25bDFqA?t=3202,2025-11-19T00:20:53Z,00:53:22,00:57:57
アイデンティティ,サカナクション,Xb6m25bDFqA,https://youtu.be/Xb6m25bDFqA?t=3477,2025-11-19T00:20:53Z,00:57:57,01:04:13
なないろ,BUMP OF CHICKEN,Xb6m25bDFqA,https://youtu.be/Xb6m25bDFqA?t=3853,2025-11-19T00:20:53Z,01:04:13,01:09:22
アカシア,BUMP OF CHICKEN,Xb6m25bDFqA,https://youtu.be/Xb6m25bDFqA?t=4162,2025-11-19T00:20:53Z,01:09:22,01:16:11
スターライト,amazarashi,Xb6m25bDFqA,https://youtu.be/Xb6m25bDFqA?t=4571,2025-11-19T00:20:53Z,01:16:11,01:41:47
CHE.R.RY,YUI,Xb6m25bDFqA,https://youtu.be/Xb6m25bDFqA?t=6107,2025-11-19T00:20:53Z,01:41:47,01:46:47
unravel,TK from 凛として時雨,1HHWmpgZDIY,https://youtu.be/1HHWmpgZDIY?t=856,2025-11-19T17:01:31Z,00:14:16,00:20:21
季節は次々死んでいく,amazarashi,1HHWmpgZDIY,https://youtu.be/1HHWmpgZDIY?t=1221,2025-11-19T17:01:31Z,00:20:21,00:29:22
僕が死のうと思ったのは,amazarashi,1HHWmpgZDIY,https://youtu.be/1HHWmpgZDIY?t=1762,2025-11-19T17:01:31Z,00:29:22,00:36:29
星間飛行,ランカ・リー＝中島愛,1HHWmpgZDIY,https://youtu.be/1HHWmpgZDIY?t=2189,2025-11-19T17:01:31Z,00:36:29,00:42:28
幻の命,SEKAI NO OWARI,1HHWmpgZDIY,https://youtu.be/1HHWmpgZDIY?t=2548,2025-11-19T17:01:31Z,00:42:28,00:50:58
羞恥心,羞恥心,1HHWmpgZDIY,https://youtu.be/1HHWmpgZDIY?t=3058,2025-11-19T17:01:31Z,00:50:58,00:53:33
有心論,RADWIMPS,1HHWmpgZDIY,https://youtu.be/1HHWmpgZDIY?t=3213,2025-11-19T17:01:31Z,00:53:33,00:59:50
me me she,RADWIMPS,1HHWmpgZDIY,https://youtu.be/1HHWmpgZDIY?t=3590,2025-11-19T17:01:31Z,00:59:50,01:08:12
雨とカプチーノ,ヨルシカ,1HHWmpgZDIY,https://youtu.be/1HHWmpgZDIY?t=4092,2025-11-19T17:01:31Z,01:08:12,01:13:44
花に亡霊,ヨルシカ,1HHWmpgZDIY,https://youtu.be/1HHWmpgZDIY?t=4424,2025-11-19T17:01:31Z,01:13:44,01:26:54
embrace,BUMP OF CHICKEN,1HHWmpgZDIY,https://youtu.be/1HHWmpgZDIY?t=5214,2025-11-19T17:01:31Z,01:26:54,01:34:59
プレゼント,BUMP OF CHICKEN,1HHWmpgZDIY,https://youtu.be/1HHWmpgZDIY?t=5699,2025-11-19T17:01:31Z,01:34:59,01:41:30
レム,BUMP OF CHICKEN,1HHWmpgZDIY,https://youtu.be/1HHWmpgZDIY?t=6090,2025-11-19T17:01:31Z,01:41:30,01:49:32
天体観測,BUMP OF CHICKEN,1HHWmpgZDIY,https://youtu.be/1HHWmpgZDIY?t=6572,2025-11-19T17:01:31Z,01:49:32,01:56:31
secret base〜君がくれたもの〜,ZONE,1HHWmpgZDIY,https://youtu.be/1HHWmpgZDIY?t=6991,2025-11-19T17:01:31Z,01:56:31,02:07:48
結晶,ミナミイズミ,1HHWmpgZDIY,https://youtu.be/1HHWmpgZDIY?t=7668,2025-11-19T17:01:31Z,02:07:48,02:12:48
メランコリーキッチン,米津玄師,DuWS2lO8tG8,https://youtu.be/DuWS2lO8tG8?t=528,2025-11-20T04:51:58Z,00:08:48,00:14:25
魔法の料理 ～君から君へ～,BUMP OF CHICKEN,DuWS2lO8tG8,https://youtu.be/DuWS2lO8tG8?t=865,2025-11-20T04:51:58Z,00:14:25,00:22:50
思想犯,ヨルシカ,DuWS2lO8tG8,https://youtu.be/DuWS2lO8tG8?t=1370,2025-11-20T04:51:58Z,00:22:50,00:30:54
晴る,ヨルシカ,DuWS2lO8tG8,https://youtu.be/DuWS2lO8tG8?t=1854,2025-11-20T04:51:58Z,00:30:54,00:37:15
だから僕は音楽を辞めた,ヨルシカ,DuWS2lO8tG8,https://youtu.be/DuWS2lO8tG8?t=2235,2025-11-20T04:51:58Z,00:37:15,00:57:51
Calc.,ジミーサムP,DuWS2lO8tG8,https://youtu.be/DuWS2lO8tG8?t=3471,2025-11-20T04:51:58Z,00:57:51,01:10:51
航海の唄,さユり,DuWS2lO8tG8,https://youtu.be/DuWS2lO8tG8?t=4251,2025-11-20T04:51:58Z,01:10:51,01:16:13
気まぐれロマンティック,いきものがかり,DuWS2lO8tG8,https://youtu.be/DuWS2lO8tG8?t=4573,2025-11-20T04:51:58Z,01:16:13,01:24:21
unravel,TK from 凛として時雨,DuWS2lO8tG8,https://youtu.be/DuWS2lO8tG8?t=5061,2025-11-20T04:51:58Z,01:24:21,01:30:24
ぐるぐる,ミナミイズミ,DuWS2lO8tG8,https://youtu.be/DuWS2lO8tG8?t=5424,2025-11-20T04:51:58Z,01:30:24,01:35:24
トレモロ,RADWIMPS,2RkwhNinrqI,https://youtu.be/2RkwhNinrqI?t=606,2025-11-20T18:47:30Z,00:10:06,00:14:27
おしゃかしゃま,RADWIMPS,2RkwhNinrqI,https://youtu.be/2RkwhNinrqI?t=867,2025-11-20T18:47:30Z,00:14:27,00:21:10
五月の蝿,RADWIMPS,2RkwhNinrqI,https://youtu.be/2RkwhNinrqI?t=1270,2025-11-20T18:47:30Z,00:21:10,00:38:39
鱗（うろこ）,秦基博,2RkwhNinrqI,https://youtu.be/2RkwhNinrqI?t=2319,2025-11-20T18:47:30Z,00:38:39,01:29:06
天体観測,BUMP OF CHICKEN,2RkwhNinrqI,https://youtu.be/2RkwhNinrqI?t=5346,2025-11-20T18:47:30Z,01:29:06,01:34:06
モザイクロール,DECO*27,IXFwt4NO6mw,https://youtu.be/IXFwt4NO6mw?t=1149,2025-11-21T17:18:12Z,00:19:09,00:30:01
弱虫モンブラン,DECO*27,IXFwt4NO6mw,https://youtu.be/IXFwt4NO6mw?t=1801,2025-11-21T17:18:12Z,00:30:01,00:34:57
小夜子,みきとP,IXFwt4NO6mw,https://youtu.be/IXFwt4NO6mw?t=2097,2025-11-21T17:18:12Z,00:34:57,00:40:30
ヨンジュウナナ,みきとP,IXFwt4NO6mw,https://youtu.be/IXFwt4NO6mw?t=2430,2025-11-21T17:18:12Z,00:40:30,00:45:45
サリシノハラ,みきとP,IXFwt4NO6mw,https://youtu.be/IXFwt4NO6mw?t=2745,2025-11-21T17:18:12Z,00:45:45,00:56:48
からくりピエロ,40mP,IXFwt4NO6mw,https://youtu.be/IXFwt4NO6mw?t=3408,2025-11-21T17:18:12Z,00:56:48,01:01:56
シリョクケンサ,40mP,IXFwt4NO6mw,https://youtu.be/IXFwt4NO6mw?t=3716,2025-11-21T17:18:12Z,01:01:56,01:07:32
トリノコシティ,40mP,IXFwt4NO6mw,https://youtu.be/IXFwt4NO6mw?t=4052,2025-11-21T17:18:12Z,01:07:32,01:12:41
夜明けと蛍,n-buna,IXFwt4NO6mw,https://youtu.be/IXFwt4NO6mw?t=4361,2025-11-21T17:18:12Z,01:12:41,01:18:28
ハロ／ハワユ,ナノウ,IXFwt4NO6mw,https://youtu.be/IXFwt4NO6mw?t=4708,2025-11-21T17:18:12Z,01:18:28,01:26:36
アイロニ,すこっぷ,IXFwt4NO6mw,https://youtu.be/IXFwt4NO6mw?t=5196,2025-11-21T17:18:12Z,01:26:36,01:32:40
ダブルラリアット,アゴアニキP,IXFwt4NO6mw,https://youtu.be/IXFwt4NO6mw?t=5560,2025-11-21T17:18:12Z,01:32:40,01:37:38
千本桜,黒うさP,IXFwt4NO6mw,https://youtu.be/IXFwt4NO6mw?t=5858,2025-11-21T17:18:12Z,01:37:38,01:41:54
ロストワンの号哭,Neru,IXFwt4NO6mw,https://youtu.be/IXFwt4NO6mw?t=6114,2025-11-21T17:18:12Z,01:41:54,01:47:47
東京テディベア,Neru,IXFwt4NO6mw,https://youtu.be/IXFwt4NO6mw?t=6467,2025-11-21T17:18:12Z,01:47:47,01:51:39
夜咄ディセイブ,じん,IXFwt4NO6mw,https://youtu.be/IXFwt4NO6mw?t=6699,2025-11-21T17:18:12Z,01:51:39,01:55:46
マトリョシカ,ハチ,IXFwt4NO6mw,https://youtu.be/IXFwt4NO6mw?t=6946,2025-11-21T17:18:12Z,01:55:46,01:59:39
ドーナツホール,ハチ,IXFwt4NO6mw,https://youtu.be/IXFwt4NO6mw?t=7179,2025-11-21T17:18:12Z,01:59:39,02:04:26
ルカルカ★ナイトフィーバー,samfree,IXFwt4NO6mw,https://youtu.be/IXFwt4NO6mw?t=7466,2025-11-21T17:18:12Z,02:04:26,02:10:09
ロミオとシンデレラ,doriko,IXFwt4NO6mw,https://youtu.be/IXFwt4NO6mw?t=7809,2025-11-21T17:18:12Z,02:10:09,02:15:49
天ノ弱,164,IXFwt4NO6mw,https://youtu.be/IXFwt4NO6mw?t=8149,2025-11-21T17:18:12Z,02:15:49,02:19:58
ローリンガール,wowaka,IXFwt4NO6mw,https://youtu.be/IXFwt4NO6mw?t=8398,2025-11-21T17:18:12Z,02:19:58,02:23:53
裏表ラバーズ,wowaka,IXFwt4NO6mw,https://youtu.be/IXFwt4NO6mw?t=8633,2025-11-21T17:18:12Z,02:23:53,02:29:04
吉原ラメント,亜沙,IXFwt4NO6mw,https://youtu.be/IXFwt4NO6mw?t=8944,2025-11-21T17:18:12Z,02:29:04,02:34:38
サマータイムレコード,じん,IXFwt4NO6mw,https://youtu.be/IXFwt4NO6mw?t=9278,2025-11-21T17:18:12Z,02:34:38,02:39:48
ハッピーシンセサイザ,EasyPop,IXFwt4NO6mw,https://youtu.be/IXFwt4NO6mw?t=9588,2025-11-21T17:18:12Z,02:39:48,02:44:52
Calc.,ジミーサムP,IXFwt4NO6mw,https://youtu.be/IXFwt4NO6mw?t=9892,2025-11-21T17:18:12Z,02:44:52,02:49:52
奏,スキマスイッチ,WA-O0pm3tRU,https://youtu.be/WA-O0pm3tRU?t=1455,2025-11-23T16:49:19Z,00:24:15,00:30:00
ライオン,"シェリル・ノーム starring May'n,ランカ・リー=中島愛",WA-O0pm3tRU,https://youtu.be/WA-O0pm3tRU?t=1800,2025-11-23T16:49:19Z,00:30:00,00:35:39
モザイクロール,DECO*27,WA-O0pm3tRU,https://youtu.be/WA-O0pm3tRU?t=2139,2025-11-23T16:49:19Z,00:35:39,00:39:26
only my railgun,fripSide,WA-O0pm3tRU,https://youtu.be/WA-O0pm3tRU?t=2366,2025-11-23T16:49:19Z,00:39:26,00:44:04
unravel,TK from 凛として時雨,WA-O0pm3tRU,https://youtu.be/WA-O0pm3tRU?t=2644,2025-11-23T16:49:19Z,00:44:04,00:49:08
季節は次々死んでいく,amazarashi,WA-O0pm3tRU,https://youtu.be/WA-O0pm3tRU?t=2948,2025-11-23T16:49:19Z,00:49:08,00:55:12
空に歌えば,amazarashi,WA-O0pm3tRU,https://youtu.be/WA-O0pm3tRU?t=3312,2025-11-23T16:49:19Z,00:55:12,00:59:15
君の知らない物語,supercell,WA-O0pm3tRU,https://youtu.be/WA-O0pm3tRU?t=3555,2025-11-23T16:49:19Z,00:59:15,01:05:12
晴る,ヨルシカ,WA-O0pm3tRU,https://youtu.be/WA-O0pm3tRU?t=3912,2025-11-23T16:49:19Z,01:05:12,01:10:11
藍二乗,ヨルシカ,WA-O0pm3tRU,https://youtu.be/WA-O0pm3tRU?t=4211,2025-11-23T16:49:19Z,01:10:11,01:15:35
心に穴が空いた,ヨルシカ,WA-O0pm3tRU,https://youtu.be/WA-O0pm3tRU?t=4535,2025-11-23T16:49:19Z,01:15:35,01:20:44
だから僕は音楽を辞めた,ヨルシカ,WA-O0pm3tRU,https://youtu.be/WA-O0pm3tRU?t=4844,2025-11-23T16:49:19Z,01:20:44,01:28:02
embrace,BUMP OF CHICKEN,WA-O0pm3tRU,https://youtu.be/WA-O0pm3tRU?t=5282,2025-11-23T16:49:19Z,01:28:02,01:36:37
アルエ,BUMP OF CHICKEN,WA-O0pm3tRU,https://youtu.be/WA-O0pm3tRU?t=5797,2025-11-23T16:49:19Z,01:36:37,01:41:18
DADA,RADWIMPS,WA-O0pm3tRU,https://youtu.be/WA-O0pm3tRU?t=6078,2025-11-23T16:49:19Z,01:41:18,01:47:44
同じドアをくぐれたら,BUMP OF CHICKEN,WA-O0pm3tRU,https://youtu.be/WA-O0pm3tRU?t=6464,2025-11-23T16:49:19Z,01:47:44,01:56:05
トレモロ,RADWIMPS,WA-O0pm3tRU,https://youtu.be/WA-O0pm3tRU?t=6965,2025-11-23T16:49:19Z,01:56:05,02:00:15
ray,BUMP OF CHICKEN,WA-O0pm3tRU,https://youtu.be/WA-O0pm3tRU?t=7215,2025-11-23T16:49:19Z,02:00:15,02:06:18
アカシア,BUMP OF CHICKEN,WA-O0pm3tRU,https://youtu.be/WA-O0pm3tRU?t=7578,2025-11-23T16:49:19Z,02:06:18,02:11:18
タッチ,岩崎良美,EoG2N8awjTc,https://youtu.be/EoG2N8awjTc?t=993,2025-11-25T18:38:36Z,00:16:33,00:20:10
残酷な天使のテーゼ,高橋洋子,EoG2N8awjTc,https://youtu.be/EoG2N8awjTc?t=1210,2025-11-25T18:38:36Z,00:20:10,00:27:29
ただ君に晴れ,ヨルシカ,EoG2N8awjTc,https://youtu.be/EoG2N8awjTc?t=1649,2025-11-25T18:38:36Z,00:27:29,00:31:35
八月、某、月明かり,ヨルシカ,EoG2N8awjTc,https://youtu.be/EoG2N8awjTc?t=1895,2025-11-25T18:38:36Z,00:31:35,00:37:32
晴る,ヨルシカ,EoG2N8awjTc,https://youtu.be/EoG2N8awjTc?t=2252,2025-11-25T18:38:36Z,00:37:32,00:42:59
だから僕は音楽を辞めた,ヨルシカ,EoG2N8awjTc,https://youtu.be/EoG2N8awjTc?t=2579,2025-11-25T18:38:36Z,00:42:59,00:48:20
愛を伝えたいだとか,あいみょん,EoG2N8awjTc,https://youtu.be/EoG2N8awjTc?t=2900,2025-11-25T18:38:36Z,00:48:20,00:53:48
マリーゴールド,あいみょん,EoG2N8awjTc,https://youtu.be/EoG2N8awjTc?t=3228,2025-11-25T18:38:36Z,00:53:48,01:00:13
コイスルオトメ,いきものがかり,EoG2N8awjTc,https://youtu.be/EoG2N8awjTc?t=3613,2025-11-25T18:38:36Z,01:00:13,01:07:07
ブルーバード,いきものがかり,EoG2N8awjTc,https://youtu.be/EoG2N8awjTc?t=4027,2025-11-25T18:38:36Z,01:07:07,01:11:28
気まぐれロマンティック,いきものがかり,EoG2N8awjTc,https://youtu.be/EoG2N8awjTc?t=4288,2025-11-25T18:38:36Z,01:11:28,01:17:12
フライングゲット,AKB48,EoG2N8awjTc,https://youtu.be/EoG2N8awjTc?t=4632,2025-11-25T18:38:36Z,01:17:12,01:23:36
ポニーテールとシュシュ,AKB48,EoG2N8awjTc,https://youtu.be/EoG2N8awjTc?t=5016,2025-11-25T18:38:36Z,01:23:36,01:29:23
CHE.R.RY,YUI,EoG2N8awjTc,https://youtu.be/EoG2N8awjTc?t=5363,2025-11-25T18:38:36Z,01:29:23,01:33:12
again,YUI,EoG2N8awjTc,https://youtu.be/EoG2N8awjTc?t=5592,2025-11-25T18:38:36Z,01:33:12,01:39:32
チョコレイト・ディスコ,Perfume,EoG2N8awjTc,https://youtu.be/EoG2N8awjTc?t=5972,2025-11-25T18:38:36Z,01:39:32,01:44:00
丸の内サディスティック,椎名林檎,EoG2N8awjTc,https://youtu.be/EoG2N8awjTc?t=6240,2025-11-25T18:38:36Z,01:44:00,01:49:18
Dear…,西野カナ,EoG2N8awjTc,https://youtu.be/EoG2N8awjTc?t=6558,2025-11-25T18:38:36Z,01:49:18,02:02:42
Best Friend,西野カナ,EoG2N8awjTc,https://youtu.be/EoG2N8awjTc?t=7362,2025-11-25T18:38:36Z,02:02:42,02:14:05
ぐるぐる,ミナミイズミ,EoG2N8awjTc,https://youtu.be/EoG2N8awjTc?t=8045,2025-11-25T18:38:36Z,02:14:05,02:18:08
アイロニー,ミナミイズミ,EoG2N8awjTc,https://youtu.be/EoG2N8awjTc?t=8288,2025-11-25T18:38:36Z,02:18:08,02:27:46
良かった,ミナミイズミ,EoG2N8awjTc,https://youtu.be/EoG2N8awjTc?t=8866,2025-11-25T18:38:36Z,02:27:46,02:37:54
美しくならないで,ミナミイズミ,EoG2N8awjTc,https://youtu.be/EoG2N8awjTc?t=9474,2025-11-25T18:38:36Z,02:37:54,02:53:04
コントラスト,ミナミイズミ,EoG2N8awjTc,https://youtu.be/EoG2N8awjTc?t=10384,2025-11-25T18:38:36Z,02:53:04,03:05:01
明けない夜は無いとしたら,ミナミイズミ,EoG2N8awjTc,https://youtu.be/EoG2N8awjTc?t=11101,2025-11-25T18:38:36Z,03:05:01,03:15:51
この暗闇を抜け出すまでは,ミナミイズミ,EoG2N8awjTc,https://youtu.be/EoG2N8awjTc?t=11751,2025-11-25T18:38:36Z,03:15:51,03:26:59
明日を歌う今日の唄,ミナミイズミ,EoG2N8awjTc,https://youtu.be/EoG2N8awjTc?t=12419,2025-11-25T18:38:36Z,03:26:59,03:37:40
もう一度ぼくは,ミナミイズミ,EoG2N8awjTc,https://youtu.be/EoG2N8awjTc?t=13060,2025-11-25T18:38:36Z,03:37:40,03:56:22
チワワになりたい,ミナミイズミ,EoG2N8awjTc,https://youtu.be/EoG2N8awjTc?t=14182,2025-11-25T18:38:36Z,03:56:22,04:04:35
Break through,ミナミイズミ,EoG2N8awjTc,https://youtu.be/EoG2N8awjTc?t=14675,2025-11-25T18:38:36Z,04:04:35,04:09:35
栞,クリープハイプ,fJAY9jz0Zr0,https://youtu.be/fJAY9jz0Zr0?t=708,2025-11-27T10:22:35Z,00:11:48,00:17:23
猟奇的なキスを私にして,ゲスの極み乙女。,fJAY9jz0Zr0,https://youtu.be/fJAY9jz0Zr0?t=1043,2025-11-27T10:22:35Z,00:17:23,00:22:27
アイネクライネ,米津玄師,fJAY9jz0Zr0,https://youtu.be/fJAY9jz0Zr0?t=1347,2025-11-27T10:22:35Z,00:22:27,00:28:10
桜,コブクロ,fJAY9jz0Zr0,https://youtu.be/fJAY9jz0Zr0?t=1690,2025-11-27T10:22:35Z,00:28:10,00:36:01
BABY STEP,LAMP IN TERREN,fJAY9jz0Zr0,https://youtu.be/fJAY9jz0Zr0?t=2161,2025-11-27T10:22:35Z,00:36:01,00:43:36
トレモロ,RADWIMPS,fJAY9jz0Zr0,https://youtu.be/fJAY9jz0Zr0?t=2616,2025-11-27T10:22:35Z,00:43:36,00:52:34
青の朔日,BUMP OF CHICKEN,fJAY9jz0Zr0,https://youtu.be/fJAY9jz0Zr0?t=3154,2025-11-27T10:22:35Z,00:52:34,00:59:49
アカシア,BUMP OF CHICKEN,fJAY9jz0Zr0,https://youtu.be/fJAY9jz0Zr0?t=3589,2025-11-27T10:22:35Z,00:59:49,01:05:36
季節は次々死んでいく,amazarashi,fJAY9jz0Zr0,https://youtu.be/fJAY9jz0Zr0?t=3936,2025-11-27T10:22:35Z,01:05:36,01:14:20
unravel,TK from 凛として時雨,fJAY9jz0Zr0,https://youtu.be/fJAY9jz0Zr0?t=4460,2025-11-27T10:22:35Z,01:14:20,01:22:27
もう一度,amazarashi,fJAY9jz0Zr0,https://youtu.be/fJAY9jz0Zr0?t=4947,2025-11-27T10:22:35Z,01:22:27,01:34:40
若者のすべて,フジファブリック,fJAY9jz0Zr0,https://youtu.be/fJAY9jz0Zr0?t=5680,2025-11-27T10:22:35Z,01:34:40,01:40:49
怪獣,サカナクション,fJAY9jz0Zr0,https://youtu.be/fJAY9jz0Zr0?t=6049,2025-11-27T10:22:35Z,01:40:49,01:45:49
Wherever you are,ONE OK ROCK,Jk1AaBW0SOU,https://youtu.be/Jk1AaBW0SOU?t=1665,2025-11-28T17:17:19Z,00:27:45,00:34:26
からくりピエロ,40mP,Jk1AaBW0SOU,https://youtu.be/Jk1AaBW0SOU?t=2066,2025-11-28T17:17:19Z,00:34:26,00:42:18
ハナミズキ,一青窈,Jk1AaBW0SOU,https://youtu.be/Jk1AaBW0SOU?t=2538,2025-11-28T17:17:19Z,00:42:18,00:51:29
忘れられないの,サカナクション,Jk1AaBW0SOU,https://youtu.be/Jk1AaBW0SOU?t=3089,2025-11-28T17:17:19Z,00:51:29,00:56:44
楓,スピッツ,Jk1AaBW0SOU,https://youtu.be/Jk1AaBW0SOU?t=3404,2025-11-28T17:17:19Z,00:56:44,01:03:16
チェリー,スピッツ,Jk1AaBW0SOU,https://youtu.be/Jk1AaBW0SOU?t=3796,2025-11-28T17:17:19Z,01:03:16,01:11:17
アカシア,BUMP OF CHICKEN,Jk1AaBW0SOU,https://youtu.be/Jk1AaBW0SOU?t=4277,2025-11-28T17:17:19Z,01:11:17,01:18:41
靴の花火,ヨルシカ,Jk1AaBW0SOU,https://youtu.be/Jk1AaBW0SOU?t=4721,2025-11-28T17:17:19Z,01:18:41,01:24:31
Calc.,ジミーサムP,Jk1AaBW0SOU,https://youtu.be/Jk1AaBW0SOU?t=5071,2025-11-28T17:17:19Z,01:24:31,01:36:50
旅立ちの日に,合唱,Jk1AaBW0SOU,https://youtu.be/Jk1AaBW0SOU?t=5810,2025-11-28T17:17:19Z,01:36:50,01:44:48
千の風になって,秋川雅史,Jk1AaBW0SOU,https://youtu.be/Jk1AaBW0SOU?t=6288,2025-11-28T17:17:19Z,01:44:48,01:49:38
unravel,TK from 凛として時雨,Jk1AaBW0SOU,https://youtu.be/Jk1AaBW0SOU?t=6578,2025-11-28T17:17:19Z,01:49:38,02:00:29
心拍数♯0822,蝶々P,Jk1AaBW0SOU,https://youtu.be/Jk1AaBW0SOU?t=7229,2025-11-28T17:17:19Z,02:00:29,02:06:35
水平線,back number,Jk1AaBW0SOU,https://youtu.be/Jk1AaBW0SOU?t=7595,2025-11-28T17:17:19Z,02:06:35,02:12:08
雨晴るる,ヨルシカ,Jk1AaBW0SOU,https://youtu.be/Jk1AaBW0SOU?t=7928,2025-11-28T17:17:19Z,02:12:08,02:17:11
晴る,ヨルシカ,Jk1AaBW0SOU,https://youtu.be/Jk1AaBW0SOU?t=8231,2025-11-28T17:17:19Z,02:17:11,02:24:50
トリノコシティ,40mP,Jk1AaBW0SOU,https://youtu.be/Jk1AaBW0SOU?t=8690,2025-11-28T17:17:19Z,02:24:50,02:33:41
Break through,ミナミイズミ,Jk1AaBW0SOU,https://youtu.be/Jk1AaBW0SOU?t=9221,2025-11-28T17:17:19Z,02:33:41,02:44:21
燃えてゆく,ミナミイズミ,Jk1AaBW0SOU,https://youtu.be/Jk1AaBW0SOU?t=9861,2025-11-28T17:17:19Z,02:44:21,02:51:52
悲しくならないか,ミナミイズミ,Jk1AaBW0SOU,https://youtu.be/Jk1AaBW0SOU?t=10312,2025-11-28T17:17:19Z,02:51:52,02:56:52
ロビンソン,スピッツ,9gw74p136M8,https://youtu.be/9gw74p136M8?t=885,2025-11-29T15:55:20Z,00:14:45,00:19:15
夜に駆ける,YOASOBI,9gw74p136M8,https://youtu.be/9gw74p136M8?t=1155,2025-11-29T15:55:20Z,00:19:15,00:24:00
unravel,TK from 凛として時雨,9gw74p136M8,https://youtu.be/9gw74p136M8?t=1440,2025-11-29T15:55:20Z,00:24:00,00:31:07
Lemon,米津玄師,9gw74p136M8,https://youtu.be/9gw74p136M8?t=1867,2025-11-29T15:55:20Z,00:31:07,00:35:35
思想犯,ヨルシカ,9gw74p136M8,https://youtu.be/9gw74p136M8?t=2135,2025-11-29T15:55:20Z,00:35:35,00:40:06
同じドアをくぐれたら,BUMP OF CHICKEN,9gw74p136M8,https://youtu.be/9gw74p136M8?t=2406,2025-11-29T15:55:20Z,00:40:06,00:45:35
才悩人応援歌,BUMP OF CHICKEN,9gw74p136M8,https://youtu.be/9gw74p136M8?t=2735,2025-11-29T15:55:20Z,00:45:35,00:50:25
ナモナキヒト,amazarashi,9gw74p136M8,https://youtu.be/9gw74p136M8?t=3025,2025-11-29T15:55:20Z,00:50:25,00:56:01
季節は次々死んでいく,amazarashi,9gw74p136M8,https://youtu.be/9gw74p136M8?t=3361,2025-11-29T15:55:20Z,00:56:01,01:02:49
三日月,絢香,9gw74p136M8,https://youtu.be/9gw74p136M8?t=3769,2025-11-29T15:55:20Z,01:02:49,01:07:44
おしゃかしゃま,RADWIMPS,9gw74p136M8,https://youtu.be/9gw74p136M8?t=4064,2025-11-29T15:55:20Z,01:07:44,01:12:03
フラレガイガール,さユり,9gw74p136M8,https://youtu.be/9gw74p136M8?t=4323,2025-11-29T15:55:20Z,01:12:03,01:18:30
花の塔,さユり,9gw74p136M8,https://youtu.be/9gw74p136M8?t=4710,2025-11-29T15:55:20Z,01:18:30,01:24:36
スノースマイル,BUMP OF CHICKEN,9gw74p136M8,https://youtu.be/9gw74p136M8?t=5076,2025-11-29T15:55:20Z,01:24:36,01:32:13
宝石になった日,BUMP OF CHICKEN,9gw74p136M8,https://youtu.be/9gw74p136M8?t=5533,2025-11-29T15:55:20Z,01:32:13,01:37:30
別の人の彼女になったよ,wacci,9gw74p136M8,https://youtu.be/9gw74p136M8?t=5850,2025-11-29T15:55:20Z,01:37:30,01:42:56
紅蓮華,LiSA,9gw74p136M8,https://youtu.be/9gw74p136M8?t=6176,2025-11-29T15:55:20Z,01:42:56,01:47:47
晩餐歌,tuki.,9gw74p136M8,https://youtu.be/9gw74p136M8?t=6467,2025-11-29T15:55:20Z,01:47:47,01:51:36
インフェルノ,Mrs. GREEN APPLE,9gw74p136M8,https://youtu.be/9gw74p136M8?t=6696,2025-11-29T15:55:20Z,01:51:36,01:55:19
粉雪,レミオロメン,9gw74p136M8,https://youtu.be/9gw74p136M8?t=6919,2025-11-29T15:55:20Z,01:55:19,02:00:56
God knows...,涼宮ハルヒ(平野綾),9gw74p136M8,https://youtu.be/9gw74p136M8?t=7256,2025-11-29T15:55:20Z,02:00:56,02:06:15
花に亡霊,ヨルシカ,9gw74p136M8,https://youtu.be/9gw74p136M8?t=7575,2025-11-29T15:55:20Z,02:06:15,02:11:15
気まぐれロマンティック,いきものがかり,9imOcRVpFPU,https://youtu.be/9imOcRVpFPU?t=216,2025-11-30T10:33:26Z,00:03:36,00:08:31
ラフ・メイカー,BUMP OF CHICKEN,9imOcRVpFPU,https://youtu.be/9imOcRVpFPU?t=511,2025-11-30T10:33:26Z,00:08:31,00:16:36
恋愛サーキュレーション,千石撫子(花澤香菜),9imOcRVpFPU,https://youtu.be/9imOcRVpFPU?t=996,2025-11-30T10:33:26Z,00:16:36,00:21:34
青のすみか,キタニタツヤ,9imOcRVpFPU,https://youtu.be/9imOcRVpFPU?t=1294,2025-11-30T10:33:26Z,00:21:34,00:25:41
ぐるぐる,ミナミイズミ,9imOcRVpFPU,https://youtu.be/9imOcRVpFPU?t=1541,2025-11-30T10:33:26Z,00:25:41,00:28:59
あいうぉんとぅーびーはぴー！,ミナミイズミ,9imOcRVpFPU,https://youtu.be/9imOcRVpFPU?t=1739,2025-11-30T10:33:26Z,00:28:59,00:33:59
天体観測,BUMP OF CHICKEN,DWMeIQP8sB0,https://youtu.be/DWMeIQP8sB0?t=251,2025-12-02T13:55:44Z,00:04:11,00:16:26
美しい鰭,スピッツ,DWMeIQP8sB0,https://youtu.be/DWMeIQP8sB0?t=986,2025-12-02T13:55:44Z,00:16:26,00:19:57
ロビンソン,スピッツ,DWMeIQP8sB0,https://youtu.be/DWMeIQP8sB0?t=1197,2025-12-02T13:55:44Z,00:19:57,00:30:42
からくりピエロ,40mP,DWMeIQP8sB0,https://youtu.be/DWMeIQP8sB0?t=1842,2025-12-02T13:55:44Z,00:30:42,00:35:27
吉原ラメント,亜沙,DWMeIQP8sB0,https://youtu.be/DWMeIQP8sB0?t=2127,2025-12-02T13:55:44Z,00:35:27,00:50:34
ドライフラワー,優里,DWMeIQP8sB0,https://youtu.be/DWMeIQP8sB0?t=3034,2025-12-02T13:55:44Z,00:50:34,00:55:24
Lemon,米津玄師,DWMeIQP8sB0,https://youtu.be/DWMeIQP8sB0?t=3324,2025-12-02T13:55:44Z,00:55:24,01:09:57
炎,LiSA,DWMeIQP8sB0,https://youtu.be/DWMeIQP8sB0?t=4197,2025-12-02T13:55:44Z,01:09:57,01:14:31
雪の華,中島美嘉,DWMeIQP8sB0,https://youtu.be/DWMeIQP8sB0?t=4471,2025-12-02T13:55:44Z,01:14:31,01:27:55
クリスマスソング,back number,DWMeIQP8sB0,https://youtu.be/DWMeIQP8sB0?t=5275,2025-12-02T13:55:44Z,01:27:55,01:32:55
天体観測,BUMP OF CHICKEN,l619Cg7JRyE,https://youtu.be/l619Cg7JRyE?t=2073,2025-12-05T03:53:07Z,00:34:33,00:39:33
たばこ,コレサワ,ZKQZXVh5MmE,https://youtu.be/ZKQZXVh5MmE?t=594,2025-12-05T18:23:53Z,00:09:54,00:17:06
丸の内サディスティック,椎名林檎,ZKQZXVh5MmE,https://youtu.be/ZKQZXVh5MmE?t=1026,2025-12-05T18:23:53Z,00:17:06,00:22:50
はなびら,back number,ZKQZXVh5MmE,https://youtu.be/ZKQZXVh5MmE?t=1370,2025-12-05T18:23:53Z,00:22:50,00:29:52
真赤,My Hair is Bad,ZKQZXVh5MmE,https://youtu.be/ZKQZXVh5MmE?t=1792,2025-12-05T18:23:53Z,00:29:52,00:39:38
この夜を止めてよ,JUJU,ZKQZXVh5MmE,https://youtu.be/ZKQZXVh5MmE?t=2378,2025-12-05T18:23:53Z,00:39:38,00:46:39
Bathroom,ユアネス,ZKQZXVh5MmE,https://youtu.be/ZKQZXVh5MmE?t=2799,2025-12-05T18:23:53Z,00:46:39,00:58:58
HANABI,いきものがかり,ZKQZXVh5MmE,https://youtu.be/ZKQZXVh5MmE?t=3538,2025-12-05T18:23:53Z,00:58:58,01:04:24
気まぐれロマンティック,いきものがかり,ZKQZXVh5MmE,https://youtu.be/ZKQZXVh5MmE?t=3864,2025-12-05T18:23:53Z,01:04:24,01:11:56
ブルーバード,いきものがかり,ZKQZXVh5MmE,https://youtu.be/ZKQZXVh5MmE?t=4316,2025-12-05T18:23:53Z,01:11:56,01:17:12
僕が死のうと思ったのは,amazarashi,ZKQZXVh5MmE,https://youtu.be/ZKQZXVh5MmE?t=4632,2025-12-05T18:23:53Z,01:17:12,01:35:20
ナモナキヒト,amazarashi,ZKQZXVh5MmE,https://youtu.be/ZKQZXVh5MmE?t=5720,2025-12-05T18:23:53Z,01:35:20,01:45:25
逃避行,amazarashi,ZKQZXVh5MmE,https://youtu.be/ZKQZXVh5MmE?t=6325,2025-12-05T18:23:53Z,01:45:25,02:11:36
fire sign,BUMP OF CHICKEN,ZKQZXVh5MmE,https://youtu.be/ZKQZXVh5MmE?t=7896,2025-12-05T18:23:53Z,02:11:36,02:17:29
embrace,BUMP OF CHICKEN,ZKQZXVh5MmE,https://youtu.be/ZKQZXVh5MmE?t=8249,2025-12-05T18:23:53Z,02:17:29,02:24:33
オッドアイ,さユり,ZKQZXVh5MmE,https://youtu.be/ZKQZXVh5MmE?t=8673,2025-12-05T18:23:53Z,02:24:33,02:30:07
ミカヅキ,さユり,ZKQZXVh5MmE,https://youtu.be/ZKQZXVh5MmE?t=9007,2025-12-05T18:23:53Z,02:30:07,02:35:45
トレモロ,RADWIMPS,ZKQZXVh5MmE,https://youtu.be/ZKQZXVh5MmE?t=9345,2025-12-05T18:23:53Z,02:35:45,02:40:06
セプテンバーさん,RADWIMPS,ZKQZXVh5MmE,https://youtu.be/ZKQZXVh5MmE?t=9606,2025-12-05T18:23:53Z,02:40:06,02:45:52
秒針を噛む,ずっと真夜中でいいのに。,ZKQZXVh5MmE,https://youtu.be/ZKQZXVh5MmE?t=9952,2025-12-05T18:23:53Z,02:45:52,02:50:46
僕から君へ,Galileo Galilei,ZKQZXVh5MmE,https://youtu.be/ZKQZXVh5MmE?t=10246,2025-12-05T18:23:53Z,02:50:46,02:55:24
さよならはエモーション,サカナクション,ZKQZXVh5MmE,https://youtu.be/ZKQZXVh5MmE?t=10524,2025-12-05T18:23:53Z,02:55:24,03:00:14
怪獣,サカナクション,ZKQZXVh5MmE,https://youtu.be/ZKQZXVh5MmE?t=10814,2025-12-05T18:23:53Z,03:00:14,03:05:57
青のすみか,キタニタツヤ,ZKQZXVh5MmE,https://youtu.be/ZKQZXVh5MmE?t=11157,2025-12-05T18:23:53Z,03:05:57,03:10:32
ロミオとシンデレラ,doriko,ZKQZXVh5MmE,https://youtu.be/ZKQZXVh5MmE?t=11432,2025-12-05T18:23:53Z,03:10:32,03:16:24
千本桜,黒うさP,ZKQZXVh5MmE,https://youtu.be/ZKQZXVh5MmE?t=11784,2025-12-05T18:23:53Z,03:16:24,03:27:08
ムーンライト伝説,DALI,ZKQZXVh5MmE,https://youtu.be/ZKQZXVh5MmE?t=12428,2025-12-05T18:23:53Z,03:27:08,03:31:25
雨とカプチーノ,ヨルシカ,ZKQZXVh5MmE,https://youtu.be/ZKQZXVh5MmE?t=12685,2025-12-05T18:23:53Z,03:31:25,03:37:44
夜行,ヨルシカ,ZKQZXVh5MmE,https://youtu.be/ZKQZXVh5MmE?t=13064,2025-12-05T18:23:53Z,03:37:44,03:44:14
花人局,ヨルシカ,ZKQZXVh5MmE,https://youtu.be/ZKQZXVh5MmE?t=13454,2025-12-05T18:23:53Z,03:44:14,03:51:17
オリオンをなぞる,UNISON SQUARE GARDEN,ZKQZXVh5MmE,https://youtu.be/ZKQZXVh5MmE?t=13877,2025-12-05T18:23:53Z,03:51:17,03:56:40
シュガーソングとビターステップ,UNISON SQUARE GARDEN,ZKQZXVh5MmE,https://youtu.be/ZKQZXVh5MmE?t=14200,2025-12-05T18:23:53Z,03:56:40,04:02:59
水平線,back number,ZKQZXVh5MmE,https://youtu.be/ZKQZXVh5MmE?t=14579,2025-12-05T18:23:53Z,04:02:59,04:07:59
天体観測,BUMP OF CHICKEN,7hV535R4Wrw,https://youtu.be/7hV535R4Wrw?t=493,2025-12-06T14:46:15Z,00:08:13,00:13:56
シルエット,KANA-BOON,7hV535R4Wrw,https://youtu.be/7hV535R4Wrw?t=836,2025-12-06T14:46:15Z,00:13:56,00:18:09
晴る,ヨルシカ,7hV535R4Wrw,https://youtu.be/7hV535R4Wrw?t=1089,2025-12-06T14:46:15Z,00:18:09,00:23:07
雨とカプチーノ,ヨルシカ,7hV535R4Wrw,https://youtu.be/7hV535R4Wrw?t=1387,2025-12-06T14:46:15Z,00:23:07,00:28:03
だから僕は音楽を辞めた,ヨルシカ,7hV535R4Wrw,https://youtu.be/7hV535R4Wrw?t=1683,2025-12-06T14:46:15Z,00:28:03,00:32:21
レプリカント,ヨルシカ,7hV535R4Wrw,https://youtu.be/7hV535R4Wrw?t=1941,2025-12-06T14:46:15Z,00:32:21,00:36:14
八月、某、月明かり,ヨルシカ,7hV535R4Wrw,https://youtu.be/7hV535R4Wrw?t=2174,2025-12-06T14:46:15Z,00:36:14,00:41:02
心に穴が空いた,ヨルシカ,7hV535R4Wrw,https://youtu.be/7hV535R4Wrw?t=2462,2025-12-06T14:46:15Z,00:41:02,00:45:39
ただ君に晴れ,ヨルシカ,7hV535R4Wrw,https://youtu.be/7hV535R4Wrw?t=2739,2025-12-06T14:46:15Z,00:45:39,00:49:10
春泥棒,ヨルシカ,7hV535R4Wrw,https://youtu.be/7hV535R4Wrw?t=2950,2025-12-06T14:46:15Z,00:49:10,00:54:16
ブルーバード,いきものがかり,7hV535R4Wrw,https://youtu.be/7hV535R4Wrw?t=3256,2025-12-06T14:46:15Z,00:54:16,00:58:06
気まぐれロマンティック,いきものがかり,7hV535R4Wrw,https://youtu.be/7hV535R4Wrw?t=3486,2025-12-06T14:46:15Z,00:58:06,01:02:19
God knows...,涼宮ハルヒ(平野綾),7hV535R4Wrw,https://youtu.be/7hV535R4Wrw?t=3739,2025-12-06T14:46:15Z,01:02:19,01:07:11
again,YUI,7hV535R4Wrw,https://youtu.be/7hV535R4Wrw?t=4031,2025-12-06T14:46:15Z,01:07:11,01:11:32
リライト,ASIAN KUNG-FU GENERATION,7hV535R4Wrw,https://youtu.be/7hV535R4Wrw?t=4292,2025-12-06T14:46:15Z,01:11:32,01:15:26
青のすみか,キタニタツヤ,7hV535R4Wrw,https://youtu.be/7hV535R4Wrw?t=4526,2025-12-06T14:46:15Z,01:15:26,01:19:01
unravel,TK from 凛として時雨,7hV535R4Wrw,https://youtu.be/7hV535R4Wrw?t=4741,2025-12-06T14:46:15Z,01:19:01,01:23:35
怪獣,サカナクション,7hV535R4Wrw,https://youtu.be/7hV535R4Wrw?t=5015,2025-12-06T14:46:15Z,01:23:35,01:28:00
アイデンティティ,サカナクション,7hV535R4Wrw,https://youtu.be/7hV535R4Wrw?t=5280,2025-12-06T14:46:15Z,01:28:00,01:32:19
おしゃかしゃま,RADWIMPS,7hV535R4Wrw,https://youtu.be/7hV535R4Wrw?t=5539,2025-12-06T14:46:15Z,01:32:19,01:36:22
インフェルノ,Mrs. GREEN APPLE,7hV535R4Wrw,https://youtu.be/7hV535R4Wrw?t=5782,2025-12-06T14:46:15Z,01:36:22,01:40:10
空に歌えば,amazarashi,7hV535R4Wrw,https://youtu.be/7hV535R4Wrw?t=6010,2025-12-06T14:46:15Z,01:40:10,01:43:59
季節は次々死んでいく,amazarashi,7hV535R4Wrw,https://youtu.be/7hV535R4Wrw?t=6239,2025-12-06T14:46:15Z,01:43:59,01:50:02
アカシア,BUMP OF CHICKEN,7hV535R4Wrw,https://youtu.be/7hV535R4Wrw?t=6602,2025-12-06T14:46:15Z,01:50:02,01:54:32
sailing day,BUMP OF CHICKEN,7hV535R4Wrw,https://youtu.be/7hV535R4Wrw?t=6872,2025-12-06T14:46:15Z,01:54:32,01:58:53
カルマ,BUMP OF CHICKEN,7hV535R4Wrw,https://youtu.be/7hV535R4Wrw?t=7133,2025-12-06T14:46:15Z,01:58:53,02:03:53
高嶺の花子さん,back number,5oj_FrxkqBQ,https://youtu.be/5oj_FrxkqBQ?t=391,2025-12-09T13:33:30Z,00:06:31,00:16:10
ただ君に晴れ,ヨルシカ,5oj_FrxkqBQ,https://youtu.be/5oj_FrxkqBQ?t=970,2025-12-09T13:33:30Z,00:16:10,00:20:03
藍二乗,ヨルシカ,5oj_FrxkqBQ,https://youtu.be/5oj_FrxkqBQ?t=1203,2025-12-09T13:33:30Z,00:20:03,00:29:39
少女レイ,みきとP,5oj_FrxkqBQ,https://youtu.be/5oj_FrxkqBQ?t=1779,2025-12-09T13:33:30Z,00:29:39,00:34:16
Subtitle,Official髭男dism,5oj_FrxkqBQ,https://youtu.be/5oj_FrxkqBQ?t=2056,2025-12-09T13:33:30Z,00:34:16,00:50:27
ありがとう,いきものがかり,5oj_FrxkqBQ,https://youtu.be/5oj_FrxkqBQ?t=3027,2025-12-09T13:33:30Z,00:50:27,00:56:50
キセキ,GReeeeN,5oj_FrxkqBQ,https://youtu.be/5oj_FrxkqBQ?t=3410,2025-12-09T13:33:30Z,00:56:50,01:08:57
"Mock,mock","ミナミイズミ, 朱名, メーメントヴァニタス",5oj_FrxkqBQ,https://youtu.be/5oj_FrxkqBQ?t=4137,2025-12-09T13:33:30Z,01:08:57,01:13:57
Sleep Walking Orchestra,BUMP OF CHICKEN,2t1agIpQuWM,https://youtu.be/2t1agIpQuWM?t=1491,2025-12-10T17:07:13Z,00:24:51,00:29:47
アンサー,BUMP OF CHICKEN,2t1agIpQuWM,https://youtu.be/2t1agIpQuWM?t=1787,2025-12-10T17:07:13Z,00:29:47,00:36:18
なないろ,BUMP OF CHICKEN,2t1agIpQuWM,https://youtu.be/2t1agIpQuWM?t=2178,2025-12-10T17:07:13Z,00:36:18,00:41:32
pinkie,BUMP OF CHICKEN,2t1agIpQuWM,https://youtu.be/2t1agIpQuWM?t=2492,2025-12-10T17:07:13Z,00:41:32,00:47:32
記念撮影,BUMP OF CHICKEN,2t1agIpQuWM,https://youtu.be/2t1agIpQuWM?t=2852,2025-12-10T17:07:13Z,00:47:32,00:56:56
邂逅,BUMP OF CHICKEN,2t1agIpQuWM,https://youtu.be/2t1agIpQuWM?t=3416,2025-12-10T17:07:13Z,00:56:56,01:03:34
strawberry,BUMP OF CHICKEN,2t1agIpQuWM,https://youtu.be/2t1agIpQuWM?t=3814,2025-12-10T17:07:13Z,01:03:34,01:10:54
太陽,BUMP OF CHICKEN,2t1agIpQuWM,https://youtu.be/2t1agIpQuWM?t=4254,2025-12-10T17:07:13Z,01:10:54,01:19:13
メーデー,BUMP OF CHICKEN,2t1agIpQuWM,https://youtu.be/2t1agIpQuWM?t=4753,2025-12-10T17:07:13Z,01:19:13,01:25:13
レム,BUMP OF CHICKEN,2t1agIpQuWM,https://youtu.be/2t1agIpQuWM?t=5113,2025-12-10T17:07:13Z,01:25:13,01:37:05
SOUVENIR,BUMP OF CHICKEN,2t1agIpQuWM,https://youtu.be/2t1agIpQuWM?t=5825,2025-12-10T17:07:13Z,01:37:05,01:42:30
アカシア,BUMP OF CHICKEN,2t1agIpQuWM,https://youtu.be/2t1agIpQuWM?t=6150,2025-12-10T17:07:13Z,01:42:30,01:47:30
Gravity,BUMP OF CHICKEN,2t1agIpQuWM,https://youtu.be/2t1agIpQuWM?t=6450,2025-12-10T17:07:13Z,01:47:30,01:53:39
木漏れ日と一緒に,BUMP OF CHICKEN,2t1agIpQuWM,https://youtu.be/2t1agIpQuWM?t=6819,2025-12-10T17:07:13Z,01:53:39,02:00:56
ray,BUMP OF CHICKEN,2t1agIpQuWM,https://youtu.be/2t1agIpQuWM?t=7256,2025-12-10T17:07:13Z,02:00:56,02:07:30
窓の中から,BUMP OF CHICKEN,2t1agIpQuWM,https://youtu.be/2t1agIpQuWM?t=7650,2025-12-10T17:07:13Z,02:07:30,02:20:24
You were here,BUMP OF CHICKEN,2t1agIpQuWM,https://youtu.be/2t1agIpQuWM?t=8424,2025-12-10T17:07:13Z,02:20:24,02:27:53
ガラスのブルース,BUMP OF CHICKEN,2t1agIpQuWM,https://youtu.be/2t1agIpQuWM?t=8873,2025-12-10T17:07:13Z,02:27:53,02:34:52
花の名,BUMP OF CHICKEN,2t1agIpQuWM,https://youtu.be/2t1agIpQuWM?t=9292,2025-12-10T17:07:13Z,02:34:52,02:39:52
アカシア,BUMP OF CHICKEN,UHXxcL1NFwM,https://youtu.be/UHXxcL1NFwM?t=1880,2025-12-12T18:32:28Z,00:31:20,00:35:57
天体観測,BUMP OF CHICKEN,UHXxcL1NFwM,https://youtu.be/UHXxcL1NFwM?t=2157,2025-12-12T18:32:28Z,00:35:57,00:41:11
ハナミズキ,一青窈,UHXxcL1NFwM,https://youtu.be/UHXxcL1NFwM?t=2471,2025-12-12T18:32:28Z,00:41:11,00:46:48
夜に駆ける,YOASOBI,UHXxcL1NFwM,https://youtu.be/UHXxcL1NFwM?t=2808,2025-12-12T18:32:28Z,00:46:48,00:51:35
怪獣,サカナクション,UHXxcL1NFwM,https://youtu.be/UHXxcL1NFwM?t=3095,2025-12-12T18:32:28Z,00:51:35,00:55:58
晴る,ヨルシカ,UHXxcL1NFwM,https://youtu.be/UHXxcL1NFwM?t=3358,2025-12-12T18:32:28Z,00:55:58,01:00:50
だから僕は音楽を辞めた,ヨルシカ,UHXxcL1NFwM,https://youtu.be/UHXxcL1NFwM?t=3650,2025-12-12T18:32:28Z,01:00:50,01:05:33
ココロのちず,BOYSTYLE,UHXxcL1NFwM,https://youtu.be/UHXxcL1NFwM?t=3933,2025-12-12T18:32:28Z,01:05:33,01:10:08
ウィーアー！,きただにひろし,UHXxcL1NFwM,https://youtu.be/UHXxcL1NFwM?t=4208,2025-12-12T18:32:28Z,01:10:08,01:16:42
MAGIC,愛内里菜,UHXxcL1NFwM,https://youtu.be/UHXxcL1NFwM?t=4602,2025-12-12T18:32:28Z,01:16:42,01:23:47
PUZZLE,倉木麻衣,UHXxcL1NFwM,https://youtu.be/UHXxcL1NFwM?t=5027,2025-12-12T18:32:28Z,01:23:47,01:28:25
Revive,倉木麻衣,UHXxcL1NFwM,https://youtu.be/UHXxcL1NFwM?t=5305,2025-12-12T18:32:28Z,01:28:25,01:33:35
涙のイエスタデー,GARNET CROW,UHXxcL1NFwM,https://youtu.be/UHXxcL1NFwM?t=5615,2025-12-12T18:32:28Z,01:33:35,01:38:43
As the Dew,GARNET CROW,UHXxcL1NFwM,https://youtu.be/UHXxcL1NFwM?t=5923,2025-12-12T18:32:28Z,01:38:43,01:43:09
クロノスタシス,BUMP OF CHICKEN,UHXxcL1NFwM,https://youtu.be/UHXxcL1NFwM?t=6189,2025-12-12T18:32:28Z,01:43:09,01:49:12
SOUVENIR,BUMP OF CHICKEN,UHXxcL1NFwM,https://youtu.be/UHXxcL1NFwM?t=6552,2025-12-12T18:32:28Z,01:49:12,01:56:32
新世界,BUMP OF CHICKEN,UHXxcL1NFwM,https://youtu.be/UHXxcL1NFwM?t=6992,2025-12-12T18:32:28Z,01:56:32,02:03:22
虹を待つ人,BUMP OF CHICKEN,UHXxcL1NFwM,https://youtu.be/UHXxcL1NFwM?t=7402,2025-12-12T18:32:28Z,02:03:22,02:07:39
オンリー ロンリー グローリー,BUMP OF CHICKEN,UHXxcL1NFwM,https://youtu.be/UHXxcL1NFwM?t=7659,2025-12-12T18:32:28Z,02:07:39,02:12:29
カルマ,BUMP OF CHICKEN,UHXxcL1NFwM,https://youtu.be/UHXxcL1NFwM?t=7949,2025-12-12T18:32:28Z,02:12:29,02:16:22
K,BUMP OF CHICKEN,UHXxcL1NFwM,https://youtu.be/UHXxcL1NFwM?t=8182,2025-12-12T18:32:28Z,02:16:22,02:31:36
夢の飼い主,BUMP OF CHICKEN,UHXxcL1NFwM,https://youtu.be/UHXxcL1NFwM?t=9096,2025-12-12T18:32:28Z,02:31:36,02:54:03
unravel,TK from 凛として時雨,UHXxcL1NFwM,https://youtu.be/UHXxcL1NFwM?t=10443,2025-12-12T18:32:28Z,02:54:03,02:58:20
季節は次々死んでいく,amazarashi,UHXxcL1NFwM,https://youtu.be/UHXxcL1NFwM?t=10700,2025-12-12T18:32:28Z,02:58:20,03:04:57
痛覚,amazarashi,UHXxcL1NFwM,https://youtu.be/UHXxcL1NFwM?t=11097,2025-12-12T18:32:28Z,03:04:57,03:09:57
アカシア,BUMP OF CHICKEN,kdlENxZZ3zw,https://youtu.be/kdlENxZZ3zw?t=947,2025-12-13T18:01:06Z,00:15:47,00:24:55
Gravity,BUMP OF CHICKEN,kdlENxZZ3zw,https://youtu.be/kdlENxZZ3zw?t=1495,2025-12-13T18:01:06Z,00:24:55,00:34:30
又三郎,ヨルシカ,kdlENxZZ3zw,https://youtu.be/kdlENxZZ3zw?t=2070,2025-12-13T18:01:06Z,00:34:30,00:39:28
忘れてください,ヨルシカ,kdlENxZZ3zw,https://youtu.be/kdlENxZZ3zw?t=2368,2025-12-13T18:01:06Z,00:39:28,00:45:11
空に歌えば,amazarashi,kdlENxZZ3zw,https://youtu.be/kdlENxZZ3zw?t=2711,2025-12-13T18:01:06Z,00:45:11,00:50:53
僕が死のうと思ったのは,amazarashi,kdlENxZZ3zw,https://youtu.be/kdlENxZZ3zw?t=3053,2025-12-13T18:01:06Z,00:50:53,00:58:53
ブルーバード,いきものがかり,kdlENxZZ3zw,https://youtu.be/kdlENxZZ3zw?t=3533,2025-12-13T18:01:06Z,00:58:53,01:03:01
コイスルオトメ,いきものがかり,kdlENxZZ3zw,https://youtu.be/kdlENxZZ3zw?t=3781,2025-12-13T18:01:06Z,01:03:01,01:09:08
怪獣,サカナクション,kdlENxZZ3zw,https://youtu.be/kdlENxZZ3zw?t=4148,2025-12-13T18:01:06Z,01:09:08,01:14:17
さよならはエモーション,サカナクション,kdlENxZZ3zw,https://youtu.be/kdlENxZZ3zw?t=4457,2025-12-13T18:01:06Z,01:14:17,01:20:41
花の塔,さユり,kdlENxZZ3zw,https://youtu.be/kdlENxZZ3zw?t=4841,2025-12-13T18:01:06Z,01:20:41,01:26:32
フラレガイガール,さユり,kdlENxZZ3zw,https://youtu.be/kdlENxZZ3zw?t=5192,2025-12-13T18:01:06Z,01:26:32,01:35:15
有心論,RADWIMPS,kdlENxZZ3zw,https://youtu.be/kdlENxZZ3zw?t=5715,2025-12-13T18:01:06Z,01:35:15,01:40:27
me me she,RADWIMPS,kdlENxZZ3zw,https://youtu.be/kdlENxZZ3zw?t=6027,2025-12-13T18:01:06Z,01:40:27,01:46:30
高嶺の花子さん,back number,kdlENxZZ3zw,https://youtu.be/kdlENxZZ3zw?t=6390,2025-12-13T18:01:06Z,01:46:30,01:52:52
幸せ,back number,kdlENxZZ3zw,https://youtu.be/kdlENxZZ3zw?t=6772,2025-12-13T18:01:06Z,01:52:52,02:01:04
紅蓮華,LiSA,kdlENxZZ3zw,https://youtu.be/kdlENxZZ3zw?t=7264,2025-12-13T18:01:06Z,02:01:04,02:06:09
炎,LiSA,kdlENxZZ3zw,https://youtu.be/kdlENxZZ3zw?t=7569,2025-12-13T18:01:06Z,02:06:09,02:12:17
FIRE GROUND,Official髭男dism,kdlENxZZ3zw,https://youtu.be/kdlENxZZ3zw?t=7937,2025-12-13T18:01:06Z,02:12:17,02:17:00
Subtitle,Official髭男dism,kdlENxZZ3zw,https://youtu.be/kdlENxZZ3zw?t=8220,2025-12-13T18:01:06Z,02:17:00,02:23:36
シュガーソングとビターステップ,UNISON SQUARE GARDEN,kdlENxZZ3zw,https://youtu.be/kdlENxZZ3zw?t=8616,2025-12-13T18:01:06Z,02:23:36,02:29:33
夏影テールライト,UNISON SQUARE GARDEN,kdlENxZZ3zw,https://youtu.be/kdlENxZZ3zw?t=8973,2025-12-13T18:01:06Z,02:29:33,02:36:32
心に穴が空いた,ヨルシカ,kdlENxZZ3zw,https://youtu.be/kdlENxZZ3zw?t=9392,2025-12-13T18:01:06Z,02:36:32,02:41:20
花に亡霊,ヨルシカ,kdlENxZZ3zw,https://youtu.be/kdlENxZZ3zw?t=9680,2025-12-13T18:01:06Z,02:41:20,02:47:08
天体観測,BUMP OF CHICKEN,kdlENxZZ3zw,https://youtu.be/kdlENxZZ3zw?t=10028,2025-12-13T18:01:06Z,02:47:08,02:53:21
花の名,BUMP OF CHICKEN,kdlENxZZ3zw,https://youtu.be/kdlENxZZ3zw?t=10401,2025-12-13T18:01:06Z,02:53:21,03:04:00
悲しくならないか,ミナミイズミ,kdlENxZZ3zw,https://youtu.be/kdlENxZZ3zw?t=11040,2025-12-13T18:01:06Z,03:04:00,03:12:08
結晶,ミナミイズミ,kdlENxZZ3zw,https://youtu.be/kdlENxZZ3zw?t=11528,2025-12-13T18:01:06Z,03:12:08,03:22:51
ちいさな革命,ミナミイズミ,kdlENxZZ3zw,https://youtu.be/kdlENxZZ3zw?t=12171,2025-12-13T18:01:06Z,03:22:51,03:28:14
Break through,ミナミイズミ,kdlENxZZ3zw,https://youtu.be/kdlENxZZ3zw?t=12494,2025-12-13T18:01:06Z,03:28:14,03:33:14
雨とカプチーノ,ヨルシカ,R4vAzU5FPFE,https://youtu.be/R4vAzU5FPFE?t=699,2025-12-14T05:28:36Z,00:11:39,00:16:20
雨晴るる,ヨルシカ,R4vAzU5FPFE,https://youtu.be/R4vAzU5FPFE?t=980,2025-12-14T05:28:36Z,00:16:20,00:20:43
クリスマスソング,back number,R4vAzU5FPFE,https://youtu.be/R4vAzU5FPFE?t=1243,2025-12-14T05:28:36Z,00:20:43,00:28:44
ホリデイ,BUMP OF CHICKEN,R4vAzU5FPFE,https://youtu.be/R4vAzU5FPFE?t=1724,2025-12-14T05:28:36Z,00:28:44,00:34:20
vivi,米津玄師,R4vAzU5FPFE,https://youtu.be/R4vAzU5FPFE?t=2060,2025-12-14T05:28:36Z,00:34:20,00:39:27
らしくもなくたっていいでしょう,TOMOO,R4vAzU5FPFE,https://youtu.be/R4vAzU5FPFE?t=2367,2025-12-14T05:28:36Z,00:39:27,00:43:12
Ginger,TOMOO,R4vAzU5FPFE,https://youtu.be/R4vAzU5FPFE?t=2592,2025-12-14T05:28:36Z,00:43:12,00:47:46
スカー,キタニタツヤ,R4vAzU5FPFE,https://youtu.be/R4vAzU5FPFE?t=2866,2025-12-14T05:28:36Z,00:47:46,00:53:19
Rapport,キタニタツヤ,R4vAzU5FPFE,https://youtu.be/R4vAzU5FPFE?t=3199,2025-12-14T05:28:36Z,00:53:19,00:57:14
タナトフォビア,キタニタツヤ,R4vAzU5FPFE,https://youtu.be/R4vAzU5FPFE?t=3434,2025-12-14T05:28:36Z,00:57:14,01:01:26
デッドウェイト,キタニタツヤ,R4vAzU5FPFE,https://youtu.be/R4vAzU5FPFE?t=3686,2025-12-14T05:28:36Z,01:01:26,01:04:38
PINK,キタニタツヤ,R4vAzU5FPFE,https://youtu.be/R4vAzU5FPFE?t=3878,2025-12-14T05:28:36Z,01:04:38,01:07:56
冷たい渦,キタニタツヤ,R4vAzU5FPFE,https://youtu.be/R4vAzU5FPFE?t=4076,2025-12-14T05:28:36Z,01:07:56,01:13:20
ずうっといっしょ！,キタニタツヤ,R4vAzU5FPFE,https://youtu.be/R4vAzU5FPFE?t=4400,2025-12-14T05:28:36Z,01:13:20,01:17:41
青のすみか,キタニタツヤ,R4vAzU5FPFE,https://youtu.be/R4vAzU5FPFE?t=4661,2025-12-14T05:28:36Z,01:17:41,01:22:16
レプリカント,ヨルシカ,R4vAzU5FPFE,https://youtu.be/R4vAzU5FPFE?t=4936,2025-12-14T05:28:36Z,01:22:16,01:27:39
左右盲,ヨルシカ,R4vAzU5FPFE,https://youtu.be/R4vAzU5FPFE?t=5259,2025-12-14T05:28:36Z,01:27:39,01:42:20
怪獣,サカナクション,R4vAzU5FPFE,https://youtu.be/R4vAzU5FPFE?t=6140,2025-12-14T05:28:36Z,01:42:20,01:47:41
残酷な天使のテーゼ,高橋洋子,R4vAzU5FPFE,https://youtu.be/R4vAzU5FPFE?t=6461,2025-12-14T05:28:36Z,01:47:41,01:53:39
天体観測,BUMP OF CHICKEN,R4vAzU5FPFE,https://youtu.be/R4vAzU5FPFE?t=6819,2025-12-14T05:28:36Z,01:53:39,01:58:35
ハルジオン,BUMP OF CHICKEN,R4vAzU5FPFE,https://youtu.be/R4vAzU5FPFE?t=7115,2025-12-14T05:28:36Z,01:58:35,02:03:35
アイネクライネ,米津玄師,csceL_vTP4s,https://youtu.be/csceL_vTP4s?t=841,2025-12-16T18:10:44Z,00:14:01,00:24:39
木漏れ日と一緒に,BUMP OF CHICKEN,csceL_vTP4s,https://youtu.be/csceL_vTP4s?t=1479,2025-12-16T18:10:44Z,00:24:39,00:44:11
時空かくれんぼ,BUMP OF CHICKEN,csceL_vTP4s,https://youtu.be/csceL_vTP4s?t=2651,2025-12-16T18:10:44Z,00:44:11,00:51:39
サザンクロス,BUMP OF CHICKEN,csceL_vTP4s,https://youtu.be/csceL_vTP4s?t=3099,2025-12-16T18:10:44Z,00:51:39,01:13:41
天体観測,BUMP OF CHICKEN,csceL_vTP4s,https://youtu.be/csceL_vTP4s?t=4421,2025-12-16T18:10:44Z,01:13:41,01:18:13
unravel,TK from 凛として時雨,csceL_vTP4s,https://youtu.be/csceL_vTP4s?t=4693,2025-12-16T18:10:44Z,01:18:13,01:22:31
季節は次々死んでいく,amazarashi,csceL_vTP4s,https://youtu.be/csceL_vTP4s?t=4951,2025-12-16T18:10:44Z,01:22:31,01:29:50
青のすみか,キタニタツヤ,csceL_vTP4s,https://youtu.be/csceL_vTP4s?t=5390,2025-12-16T18:10:44Z,01:29:50,01:41:50
よろこびのうた,キタニタツヤ,csceL_vTP4s,https://youtu.be/csceL_vTP4s?t=6110,2025-12-16T18:10:44Z,01:41:50,01:46:50
シルエット,KANA-BOON,W0A_MtLfExg,https://youtu.be/W0A_MtLfExg?t=722,2025-12-17T16:12:33Z,00:12:02,00:21:48
残酷な天使のテーゼ,高橋洋子,W0A_MtLfExg,https://youtu.be/W0A_MtLfExg?t=1308,2025-12-17T16:12:33Z,00:21:48,00:28:06
ミカヅキ,さユり,W0A_MtLfExg,https://youtu.be/W0A_MtLfExg?t=1686,2025-12-17T16:12:33Z,00:28:06,00:33:09
花の塔,さユり,W0A_MtLfExg,https://youtu.be/W0A_MtLfExg?t=1989,2025-12-17T16:12:33Z,00:33:09,00:38:54
平行線,さユり,W0A_MtLfExg,https://youtu.be/W0A_MtLfExg?t=2334,2025-12-17T16:12:33Z,00:38:54,00:45:11
航海の唄,さユり,W0A_MtLfExg,https://youtu.be/W0A_MtLfExg?t=2711,2025-12-17T16:12:33Z,00:45:11,00:51:16
空に歌えば,amazarashi,W0A_MtLfExg,https://youtu.be/W0A_MtLfExg?t=3076,2025-12-17T16:12:33Z,00:51:16,00:59:40
unravel,TK from 凛として時雨,W0A_MtLfExg,https://youtu.be/W0A_MtLfExg?t=3580,2025-12-17T16:12:33Z,00:59:40,01:04:17
God knows...,涼宮ハルヒ(平野綾),W0A_MtLfExg,https://youtu.be/W0A_MtLfExg?t=3857,2025-12-17T16:12:33Z,01:04:17,01:09:02
曇天,DOES,W0A_MtLfExg,https://youtu.be/W0A_MtLfExg?t=4142,2025-12-17T16:12:33Z,01:09:02,01:12:21
サムライハート(Some Like It Hot!!),SPYAIR,W0A_MtLfExg,https://youtu.be/W0A_MtLfExg?t=4341,2025-12-17T16:12:33Z,01:12:21,01:40:31
シュガーソングとビターステップ,UNISON SQUARE GARDEN,W0A_MtLfExg,https://youtu.be/W0A_MtLfExg?t=6031,2025-12-17T16:12:33Z,01:40:31,01:44:38
オリオンをなぞる,UNISON SQUARE GARDEN,W0A_MtLfExg,https://youtu.be/W0A_MtLfExg?t=6278,2025-12-17T16:12:33Z,01:44:38,01:49:38
月に吠える,ヨルシカ,Yb5l-4yvb3c,https://youtu.be/Yb5l-4yvb3c?t=725,2025-12-19T13:57:08Z,00:12:05,00:16:40
季節は次々死んでいく,amazarashi,Yb5l-4yvb3c,https://youtu.be/Yb5l-4yvb3c?t=1000,2025-12-19T13:57:08Z,00:16:40,00:22:30
インフェルノ,Mrs. GREEN APPLE,Yb5l-4yvb3c,https://youtu.be/Yb5l-4yvb3c?t=1350,2025-12-19T13:57:08Z,00:22:30,00:26:20
怪獣,サカナクション,Yb5l-4yvb3c,https://youtu.be/Yb5l-4yvb3c?t=1580,2025-12-19T13:57:08Z,00:26:20,00:31:10
青のすみか,キタニタツヤ,Yb5l-4yvb3c,https://youtu.be/Yb5l-4yvb3c?t=1870,2025-12-19T13:57:08Z,00:31:10,00:35:21
怪獣の花唄,Vaundy,Yb5l-4yvb3c,https://youtu.be/Yb5l-4yvb3c?t=2121,2025-12-19T13:57:08Z,00:35:21,00:39:23
高嶺の花子さん,back number,Yb5l-4yvb3c,https://youtu.be/Yb5l-4yvb3c?t=2363,2025-12-19T13:57:08Z,00:39:23,00:44:33
夜に駆ける,YOASOBI,Yb5l-4yvb3c,https://youtu.be/Yb5l-4yvb3c?t=2673,2025-12-19T13:57:08Z,00:44:33,00:49:15
アカシア,BUMP OF CHICKEN,Yb5l-4yvb3c,https://youtu.be/Yb5l-4yvb3c?t=2955,2025-12-19T13:57:08Z,00:49:15,00:53:43
カルマ,BUMP OF CHICKEN,Yb5l-4yvb3c,https://youtu.be/Yb5l-4yvb3c?t=3223,2025-12-19T13:57:08Z,00:53:43,00:57:16
天体観測,BUMP OF CHICKEN,Yb5l-4yvb3c,https://youtu.be/Yb5l-4yvb3c?t=3436,2025-12-19T13:57:08Z,00:57:16,01:02:16
I,BUMP OF CHICKEN,MRA6zr4T_x4,https://youtu.be/MRA6zr4T_x4?t=693,2025-12-20T17:54:32Z,00:11:33,00:30:32
魔法の料理 ～君から君へ～,BUMP OF CHICKEN,MRA6zr4T_x4,https://youtu.be/MRA6zr4T_x4?t=1832,2025-12-20T17:54:32Z,00:30:32,00:58:23
粉雪,レミオロメン,MRA6zr4T_x4,https://youtu.be/MRA6zr4T_x4?t=3503,2025-12-20T17:54:32Z,00:58:23,01:05:15
サウダージ,ポルノグラフィティ,MRA6zr4T_x4,https://youtu.be/MRA6zr4T_x4?t=3915,2025-12-20T17:54:32Z,01:05:15,01:12:06
フィロソフィー,amazarashi,MRA6zr4T_x4,https://youtu.be/MRA6zr4T_x4?t=4326,2025-12-20T17:54:32Z,01:12:06,01:19:10
とどめを刺して,amazarashi,MRA6zr4T_x4,https://youtu.be/MRA6zr4T_x4?t=4750,2025-12-20T17:54:32Z,01:19:10,01:50:25
涙のふるさと,BUMP OF CHICKEN,MRA6zr4T_x4,https://youtu.be/MRA6zr4T_x4?t=6625,2025-12-20T17:54:32Z,01:50:25,01:55:47
スノースマイル,BUMP OF CHICKEN,MRA6zr4T_x4,https://youtu.be/MRA6zr4T_x4?t=6947,2025-12-20T17:54:32Z,01:55:47,02:22:11
美しい鰭,スピッツ,MRA6zr4T_x4,https://youtu.be/MRA6zr4T_x4?t=8531,2025-12-20T17:54:32Z,02:22:11,02:44:05
天体観測,BUMP OF CHICKEN,MRA6zr4T_x4,https://youtu.be/MRA6zr4T_x4?t=9845,2025-12-20T17:54:32Z,02:44:05,02:51:00
Break through,ミナミイズミ,MRA6zr4T_x4,https://youtu.be/MRA6zr4T_x4?t=10260,2025-12-20T17:54:32Z,02:51:00,02:56:00
残酷な天使のテーゼ,高橋洋子,DkCqm7J28eM,https://youtu.be/DkCqm7J28eM?t=470,2025-12-21T06:16:18Z,00:07:50,00:13:47
I,BUMP OF CHICKEN,DkCqm7J28eM,https://youtu.be/DkCqm7J28eM?t=827,2025-12-21T06:16:18Z,00:13:47,00:19:39
vivi,米津玄師,DkCqm7J28eM,https://youtu.be/DkCqm7J28eM?t=1179,2025-12-21T06:16:18Z,00:19:39,00:24:31
MAD HEAD LOVE,米津玄師,DkCqm7J28eM,https://youtu.be/DkCqm7J28eM?t=1471,2025-12-21T06:16:18Z,00:24:31,00:28:19
LOSER,米津玄師,DkCqm7J28eM,https://youtu.be/DkCqm7J28eM?t=1699,2025-12-21T06:16:18Z,00:28:19,00:33:20
藍二乗,ヨルシカ,DkCqm7J28eM,https://youtu.be/DkCqm7J28eM?t=2000,2025-12-21T06:16:18Z,00:33:20,00:37:42
雨とカプチーノ,ヨルシカ,DkCqm7J28eM,https://youtu.be/DkCqm7J28eM?t=2262,2025-12-21T06:16:18Z,00:37:42,00:42:26
レプリカント,ヨルシカ,DkCqm7J28eM,https://youtu.be/DkCqm7J28eM?t=2546,2025-12-21T06:16:18Z,00:42:26,00:46:25
詩書きとコーヒー,ヨルシカ,DkCqm7J28eM,https://youtu.be/DkCqm7J28eM?t=2785,2025-12-21T06:16:18Z,00:46:25,00:50:52
八月、某、月明かり,ヨルシカ,DkCqm7J28eM,https://youtu.be/DkCqm7J28eM?t=3052,2025-12-21T06:16:18Z,00:50:52,00:58:17
花の塔,さユり,DkCqm7J28eM,https://youtu.be/DkCqm7J28eM?t=3497,2025-12-21T06:16:18Z,00:58:17,01:06:40
ミカヅキ,さユり,DkCqm7J28eM,https://youtu.be/DkCqm7J28eM?t=4000,2025-12-21T06:16:18Z,01:06:40,01:11:34
月と花束,さユり,DkCqm7J28eM,https://youtu.be/DkCqm7J28eM?t=4294,2025-12-21T06:16:18Z,01:11:34,01:20:20
Pretender,Official髭男dism,DkCqm7J28eM,https://youtu.be/DkCqm7J28eM?t=4820,2025-12-21T06:16:18Z,01:20:20,01:26:03
Subtitle,Official髭男dism,DkCqm7J28eM,https://youtu.be/DkCqm7J28eM?t=5163,2025-12-21T06:16:18Z,01:26:03,01:31:29
ノーダウト,Official髭男dism,DkCqm7J28eM,https://youtu.be/DkCqm7J28eM?t=5489,2025-12-21T06:16:18Z,01:31:29,01:35:07
ミックスナッツ,Official髭男dism,DkCqm7J28eM,https://youtu.be/DkCqm7J28eM?t=5707,2025-12-21T06:16:18Z,01:35:07,01:38:57
Universe,Official髭男dism,DkCqm7J28eM,https://youtu.be/DkCqm7J28eM?t=5937,2025-12-21T06:16:18Z,01:38:57,01:43:54
夜咄ディセイブ,じん,DkCqm7J28eM,https://youtu.be/DkCqm7J28eM?t=6234,2025-12-21T06:16:18Z,01:43:54,01:47:20
ロミオとシンデレラ,doriko,DkCqm7J28eM,https://youtu.be/DkCqm7J28eM?t=6440,2025-12-21T06:16:18Z,01:47:20,01:52:13
Just Be Friends,Dixie Flatline,DkCqm7J28eM,https://youtu.be/DkCqm7J28eM?t=6733,2025-12-21T06:16:18Z,01:52:13,01:57:26
千本桜,黒うさP,DkCqm7J28eM,https://youtu.be/DkCqm7J28eM?t=7046,2025-12-21T06:16:18Z,01:57:26,02:02:11
ヒカリヘ,miwa,DkCqm7J28eM,https://youtu.be/DkCqm7J28eM?t=7331,2025-12-21T06:16:18Z,02:02:11,02:07:38
chAngE,miwa,DkCqm7J28eM,https://youtu.be/DkCqm7J28eM?t=7658,2025-12-21T06:16:18Z,02:07:38,02:21:41
unravel,TK from 凛として時雨,DkCqm7J28eM,https://youtu.be/DkCqm7J28eM?t=8501,2025-12-21T06:16:18Z,02:21:41,02:28:06
ray,BUMP OF CHICKEN,DkCqm7J28eM,https://youtu.be/DkCqm7J28eM?t=8886,2025-12-21T06:16:18Z,02:28:06,02:33:16
クロノスタシス,BUMP OF CHICKEN,DkCqm7J28eM,https://youtu.be/DkCqm7J28eM?t=9196,2025-12-21T06:16:18Z,02:33:16,02:40:00
ラフ・メイカー,BUMP OF CHICKEN,DkCqm7J28eM,https://youtu.be/DkCqm7J28eM?t=9600,2025-12-21T06:16:18Z,02:40:00,02:44:50
キャラバン,BUMP OF CHICKEN,DkCqm7J28eM,https://youtu.be/DkCqm7J28eM?t=9890,2025-12-21T06:16:18Z,02:44:50,02:49:47
アカシア,BUMP OF CHICKEN,DkCqm7J28eM,https://youtu.be/DkCqm7J28eM?t=10187,2025-12-21T06:16:18Z,02:49:47,02:54:47
水平線,back number,IVNhwAwh0i4,https://youtu.be/IVNhwAwh0i4?t=221,2025-12-22T01:23:53Z,00:03:41,00:09:16
ドライフラワー,優里,IVNhwAwh0i4,https://youtu.be/IVNhwAwh0i4?t=556,2025-12-22T01:23:53Z,00:09:16,00:16:36
ひまわりの約束,秦基博,IVNhwAwh0i4,https://youtu.be/IVNhwAwh0i4?t=996,2025-12-22T01:23:53Z,00:16:36,00:26:10
チェリー,スピッツ,IVNhwAwh0i4,https://youtu.be/IVNhwAwh0i4?t=1570,2025-12-22T01:23:53Z,00:26:10,00:31:28
ロビンソン,スピッツ,IVNhwAwh0i4,https://youtu.be/IVNhwAwh0i4?t=1888,2025-12-22T01:23:53Z,00:31:28,00:38:35
なないろ,BUMP OF CHICKEN,IVNhwAwh0i4,https://youtu.be/IVNhwAwh0i4?t=2315,2025-12-22T01:23:53Z,00:38:35,00:47:10
丸の内サディスティック,椎名林檎,IVNhwAwh0i4,https://youtu.be/IVNhwAwh0i4?t=2830,2025-12-22T01:23:53Z,00:47:10,00:50:45
マリーゴールド,あいみょん,IVNhwAwh0i4,https://youtu.be/IVNhwAwh0i4?t=3045,2025-12-22T01:23:53Z,00:50:45,00:58:28
栞,クリープハイプ,IVNhwAwh0i4,https://youtu.be/IVNhwAwh0i4?t=3508,2025-12-22T01:23:53Z,00:58:28,01:04:29
ヘビーローテーション,AKB48,IVNhwAwh0i4,https://youtu.be/IVNhwAwh0i4?t=3869,2025-12-22T01:23:53Z,01:04:29,01:09:43
フライングゲット,AKB48,IVNhwAwh0i4,https://youtu.be/IVNhwAwh0i4?t=4183,2025-12-22T01:23:53Z,01:09:43,01:17:04
高嶺の花子さん,back number,IVNhwAwh0i4,https://youtu.be/IVNhwAwh0i4?t=4624,2025-12-22T01:23:53Z,01:17:04,01:22:29
わたがし,back number,IVNhwAwh0i4,https://youtu.be/IVNhwAwh0i4?t=4949,2025-12-22T01:23:53Z,01:22:29,01:28:06
スーパースターになったら,back number,IVNhwAwh0i4,https://youtu.be/IVNhwAwh0i4?t=5286,2025-12-22T01:23:53Z,01:28:06,01:34:29
怪獣の花唄,Vaundy,IVNhwAwh0i4,https://youtu.be/IVNhwAwh0i4?t=5669,2025-12-22T01:23:53Z,01:34:29,01:38:50
晴る,ヨルシカ,IVNhwAwh0i4,https://youtu.be/IVNhwAwh0i4?t=5930,2025-12-22T01:23:53Z,01:38:50,01:44:09
ただ君に晴れ,ヨルシカ,IVNhwAwh0i4,https://youtu.be/IVNhwAwh0i4?t=6249,2025-12-22T01:23:53Z,01:44:09,01:53:14
花に亡霊,ヨルシカ,IVNhwAwh0i4,https://youtu.be/IVNhwAwh0i4?t=6794,2025-12-22T01:23:53Z,01:53:14,01:57:56
ヒッチコック,ヨルシカ,IVNhwAwh0i4,https://youtu.be/IVNhwAwh0i4?t=7076,2025-12-22T01:23:53Z,01:57:56,02:02:30
怪獣,サカナクション,IVNhwAwh0i4,https://youtu.be/IVNhwAwh0i4?t=7350,2025-12-22T01:23:53Z,02:02:30,02:07:14
アイデンティティ,サカナクション,IVNhwAwh0i4,https://youtu.be/IVNhwAwh0i4?t=7634,2025-12-22T01:23:53Z,02:07:14,02:13:19
からくりピエロ,40mP,IVNhwAwh0i4,https://youtu.be/IVNhwAwh0i4?t=7999,2025-12-22T01:23:53Z,02:13:19,02:19:00
弱虫モンブラン,DECO*27,IVNhwAwh0i4,https://youtu.be/IVNhwAwh0i4?t=8340,2025-12-22T01:23:53Z,02:19:00,02:24:37
モザイクロール,DECO*27,IVNhwAwh0i4,https://youtu.be/IVNhwAwh0i4?t=8677,2025-12-22T01:23:53Z,02:24:37,02:29:37
ドーナツホール,ハチ,IVNhwAwh0i4,https://youtu.be/IVNhwAwh0i4?t=8977,2025-12-22T01:23:53Z,02:29:37,02:35:41
残酷な天使のテーゼ,高橋洋子,IVNhwAwh0i4,https://youtu.be/IVNhwAwh0i4?t=9341,2025-12-22T01:23:53Z,02:35:41,02:40:36
ぐるぐる,ミナミイズミ,IVNhwAwh0i4,https://youtu.be/IVNhwAwh0i4?t=9636,2025-12-22T01:23:53Z,02:40:36,02:45:36
ありがとう,いきものがかり,IFqSOQaaNdg,https://youtu.be/IFqSOQaaNdg?t=1702,2025-12-22T16:40:12Z,00:28:22,00:43:38
愛をこめて花束を,Superfly,IFqSOQaaNdg,https://youtu.be/IFqSOQaaNdg?t=2618,2025-12-22T16:40:12Z,00:43:38,00:53:04
I,BUMP OF CHICKEN,IFqSOQaaNdg,https://youtu.be/IFqSOQaaNdg?t=3184,2025-12-22T16:40:12Z,00:53:04,00:58:04
怪獣,サカナクション,41g54VWKEX0,https://youtu.be/41g54VWKEX0?t=1076,2025-12-23T15:00:15Z,00:17:56,00:22:19
わたがし,back number,41g54VWKEX0,https://youtu.be/41g54VWKEX0?t=1339,2025-12-23T15:00:15Z,00:22:19,00:26:56
鱗（うろこ）,秦基博,41g54VWKEX0,https://youtu.be/41g54VWKEX0?t=1616,2025-12-23T15:00:15Z,00:26:56,00:32:34
ひまわりの約束,秦基博,41g54VWKEX0,https://youtu.be/41g54VWKEX0?t=1954,2025-12-23T15:00:15Z,00:32:34,00:41:34
やさしくなりたい,斉藤和義,41g54VWKEX0,https://youtu.be/41g54VWKEX0?t=2494,2025-12-23T15:00:15Z,00:41:34,00:47:09
点描の唄,Mrs. GREEN APPLE,41g54VWKEX0,https://youtu.be/41g54VWKEX0?t=2829,2025-12-23T15:00:15Z,00:47:09,00:52:58
アイネクライネ,米津玄師,41g54VWKEX0,https://youtu.be/41g54VWKEX0?t=3178,2025-12-23T15:00:15Z,00:52:58,01:02:06
シルエット,KANA-BOON,41g54VWKEX0,https://youtu.be/41g54VWKEX0?t=3726,2025-12-23T15:00:15Z,01:02:06,01:06:31
アイデンティティ,サカナクション,41g54VWKEX0,https://youtu.be/41g54VWKEX0?t=3991,2025-12-23T15:00:15Z,01:06:31,01:10:49
リライト,ASIAN KUNG-FU GENERATION,41g54VWKEX0,https://youtu.be/41g54VWKEX0?t=4249,2025-12-23T15:00:15Z,01:10:49,01:14:43
シュガーソングとビターステップ,UNISON SQUARE GARDEN,41g54VWKEX0,https://youtu.be/41g54VWKEX0?t=4483,2025-12-23T15:00:15Z,01:14:43,01:19:25
オリオンをなぞる,UNISON SQUARE GARDEN,41g54VWKEX0,https://youtu.be/41g54VWKEX0?t=4765,2025-12-23T15:00:15Z,01:19:25,01:24:04
青のすみか,キタニタツヤ,41g54VWKEX0,https://youtu.be/41g54VWKEX0?t=5044,2025-12-23T15:00:15Z,01:24:04,01:27:31
おやすみ泣き声、さよなら歌姫,クリープハイプ,41g54VWKEX0,https://youtu.be/41g54VWKEX0?t=5251,2025-12-23T15:00:15Z,01:27:31,01:31:39
栞,クリープハイプ,41g54VWKEX0,https://youtu.be/41g54VWKEX0?t=5499,2025-12-23T15:00:15Z,01:31:39,01:36:14
unravel,TK from 凛として時雨,41g54VWKEX0,https://youtu.be/41g54VWKEX0?t=5774,2025-12-23T15:00:15Z,01:36:14,01:54:50
空に歌えば,amazarashi,41g54VWKEX0,https://youtu.be/41g54VWKEX0?t=6890,2025-12-23T15:00:15Z,01:54:50,01:58:42
逃避行,amazarashi,41g54VWKEX0,https://youtu.be/41g54VWKEX0?t=7122,2025-12-23T15:00:15Z,01:58:42,02:03:13
BABY STEP,LAMP IN TERREN,41g54VWKEX0,https://youtu.be/41g54VWKEX0?t=7393,2025-12-23T15:00:15Z,02:03:13,02:09:50
レム,BUMP OF CHICKEN,41g54VWKEX0,https://youtu.be/41g54VWKEX0?t=7790,2025-12-23T15:00:15Z,02:09:50,02:30:49
Aurora,BUMP OF CHICKEN,41g54VWKEX0,https://youtu.be/41g54VWKEX0?t=9049,2025-12-23T15:00:15Z,02:30:49,02:35:49
赤鼻のトナカイ,クリスマスソング,Je4g-9y-mmM,https://youtu.be/Je4g-9y-mmM?t=1020,2025-12-25T15:46:28Z,00:17:00,00:19:27
あわてんぼうのサンタクロース,クリスマスソング,Je4g-9y-mmM,https://youtu.be/Je4g-9y-mmM?t=1167,2025-12-25T15:46:28Z,00:19:27,00:24:12
ジングルベル,クリスマスソング,Je4g-9y-mmM,https://youtu.be/Je4g-9y-mmM?t=1452,2025-12-25T15:46:28Z,00:24:12,00:28:24
レット・イット・ゴー～ありのままで～,松たか子,Je4g-9y-mmM,https://youtu.be/Je4g-9y-mmM?t=1704,2025-12-25T15:46:28Z,00:28:24,00:34:08
Winter Love,BoA,Je4g-9y-mmM,https://youtu.be/Je4g-9y-mmM?t=2048,2025-12-25T15:46:28Z,00:34:08,00:41:11
雪の華,中島美嘉,Je4g-9y-mmM,https://youtu.be/Je4g-9y-mmM?t=2471,2025-12-25T15:46:28Z,00:41:11,01:05:34
粉雪,レミオロメン,Je4g-9y-mmM,https://youtu.be/Je4g-9y-mmM?t=3934,2025-12-25T15:46:28Z,01:05:34,01:12:47
クリスマスソング,back number,Je4g-9y-mmM,https://youtu.be/Je4g-9y-mmM?t=4367,2025-12-25T15:46:28Z,01:12:47,01:19:58
ヒロイン,back number,Je4g-9y-mmM,https://youtu.be/Je4g-9y-mmM?t=4798,2025-12-25T15:46:28Z,01:19:58,01:25:21
Subtitle,Official髭男dism,Je4g-9y-mmM,https://youtu.be/Je4g-9y-mmM?t=5121,2025-12-25T15:46:28Z,01:25:21,01:33:23
スノースマイル,BUMP OF CHICKEN,Je4g-9y-mmM,https://youtu.be/Je4g-9y-mmM?t=5603,2025-12-25T15:46:28Z,01:33:23,01:39:19
Merry Christmas,BUMP OF CHICKEN,Je4g-9y-mmM,https://youtu.be/Je4g-9y-mmM?t=5959,2025-12-25T15:46:28Z,01:39:19,01:52:12
白日,King Gnu,Je4g-9y-mmM,https://youtu.be/Je4g-9y-mmM?t=6732,2025-12-25T15:46:28Z,01:52:12,01:58:29
天体観測,BUMP OF CHICKEN,Je4g-9y-mmM,https://youtu.be/Je4g-9y-mmM?t=7109,2025-12-25T15:46:28Z,01:58:29,02:03:29
天体観測,BUMP OF CHICKEN,itlKtLU_QDo,https://youtu.be/itlKtLU_QDo?t=1363,2025-12-26T17:42:56Z,00:22:43,00:29:07
アカシア,BUMP OF CHICKEN,itlKtLU_QDo,https://youtu.be/itlKtLU_QDo?t=1747,2025-12-26T17:42:56Z,00:29:07,00:41:32
かさぶたぶたぶ,BUMP OF CHICKEN,itlKtLU_QDo,https://youtu.be/itlKtLU_QDo?t=2492,2025-12-26T17:42:56Z,00:41:32,00:47:00
春泥棒,ヨルシカ,itlKtLU_QDo,https://youtu.be/itlKtLU_QDo?t=2820,2025-12-26T17:42:56Z,00:47:00,00:54:39
風を食む,ヨルシカ,itlKtLU_QDo,https://youtu.be/itlKtLU_QDo?t=3279,2025-12-26T17:42:56Z,00:54:39,00:59:34
晴る,ヨルシカ,itlKtLU_QDo,https://youtu.be/itlKtLU_QDo?t=3574,2025-12-26T17:42:56Z,00:59:34,01:06:41
ヒッチコック,ヨルシカ,itlKtLU_QDo,https://youtu.be/itlKtLU_QDo?t=4001,2025-12-26T17:42:56Z,01:06:41,01:12:25
昼鳶,ヨルシカ,itlKtLU_QDo,https://youtu.be/itlKtLU_QDo?t=4345,2025-12-26T17:42:56Z,01:12:25,01:16:22
Lemon,米津玄師,itlKtLU_QDo,https://youtu.be/itlKtLU_QDo?t=4582,2025-12-26T17:42:56Z,01:16:22,01:25:22
me me she,RADWIMPS,itlKtLU_QDo,https://youtu.be/itlKtLU_QDo?t=5122,2025-12-26T17:42:56Z,01:25:22,01:31:20
有心論,RADWIMPS,itlKtLU_QDo,https://youtu.be/itlKtLU_QDo?t=5480,2025-12-26T17:42:56Z,01:31:20,01:40:33
水平線,back number,itlKtLU_QDo,https://youtu.be/itlKtLU_QDo?t=6033,2025-12-26T17:42:56Z,01:40:33,01:48:58
ロミオとシンデレラ,doriko,itlKtLU_QDo,https://youtu.be/itlKtLU_QDo?t=6538,2025-12-26T17:42:56Z,01:48:58,01:54:31
ロストワンの号哭,Neru,itlKtLU_QDo,https://youtu.be/itlKtLU_QDo?t=6871,2025-12-26T17:42:56Z,01:54:31,01:58:53
からくりピエロ,40mP,itlKtLU_QDo,https://youtu.be/itlKtLU_QDo?t=7133,2025-12-26T17:42:56Z,01:58:53,02:04:01
トリノコシティ,40mP,itlKtLU_QDo,https://youtu.be/itlKtLU_QDo?t=7441,2025-12-26T17:42:56Z,02:04:01,02:11:05
サマータイムレコード,じん,itlKtLU_QDo,https://youtu.be/itlKtLU_QDo?t=7865,2025-12-26T17:42:56Z,02:11:05,02:19:45
わたしの一番かわいいところ,FRUITS ZIPPER,itlKtLU_QDo,https://youtu.be/itlKtLU_QDo?t=8385,2025-12-26T17:42:56Z,02:19:45,02:26:45
残酷な天使のテーゼ,高橋洋子,itlKtLU_QDo,https://youtu.be/itlKtLU_QDo?t=8805,2025-12-26T17:42:56Z,02:26:45,02:34:15
I,BUMP OF CHICKEN,itlKtLU_QDo,https://youtu.be/itlKtLU_QDo?t=9255,2025-12-26T17:42:56Z,02:34:15,02:44:58
車輪の唄,BUMP OF CHICKEN,itlKtLU_QDo,https://youtu.be/itlKtLU_QDo?t=9898,2025-12-26T17:42:56Z,02:44:58,02:53:28
話がしたいよ,BUMP OF CHICKEN,itlKtLU_QDo,https://youtu.be/itlKtLU_QDo?t=10408,2025-12-26T17:42:56Z,02:53:28,02:58:36
ray,BUMP OF CHICKEN,itlKtLU_QDo,https://youtu.be/itlKtLU_QDo?t=10716,2025-12-26T17:42:56Z,02:58:36,03:10:28
結晶,ミナミイズミ,itlKtLU_QDo,https://youtu.be/itlKtLU_QDo?t=11428,2025-12-26T17:42:56Z,03:10:28,03:15:28
アカシア,BUMP OF CHICKEN,NhGrb8nfxm8,https://youtu.be/NhGrb8nfxm8?t=814,2025-12-27T14:47:25Z,00:13:34,00:18:07
"Hello,world!",BUMP OF CHICKEN,NhGrb8nfxm8,https://youtu.be/NhGrb8nfxm8?t=1087,2025-12-27T14:47:25Z,00:18:07,00:22:30
SOUVENIR,BUMP OF CHICKEN,NhGrb8nfxm8,https://youtu.be/NhGrb8nfxm8?t=1350,2025-12-27T14:47:25Z,00:22:30,00:27:06
クロノスタシス,BUMP OF CHICKEN,NhGrb8nfxm8,https://youtu.be/NhGrb8nfxm8?t=1626,2025-12-27T14:47:25Z,00:27:06,00:32:56
strawberry,BUMP OF CHICKEN,NhGrb8nfxm8,https://youtu.be/NhGrb8nfxm8?t=1976,2025-12-27T14:47:25Z,00:32:56,00:40:42
I,BUMP OF CHICKEN,NhGrb8nfxm8,https://youtu.be/NhGrb8nfxm8?t=2442,2025-12-27T14:47:25Z,00:40:42,00:45:17
車輪の唄,BUMP OF CHICKEN,NhGrb8nfxm8,https://youtu.be/NhGrb8nfxm8?t=2717,2025-12-27T14:47:25Z,00:45:17,00:50:41
天体観測,BUMP OF CHICKEN,NhGrb8nfxm8,https://youtu.be/NhGrb8nfxm8?t=3041,2025-12-27T14:47:25Z,00:50:41,00:55:36
ray,BUMP OF CHICKEN,NhGrb8nfxm8,https://youtu.be/NhGrb8nfxm8?t=3336,2025-12-27T14:47:25Z,00:55:36,01:00:36
糸,中島みゆき,J0xBbheNHrk,https://youtu.be/J0xBbheNHrk?t=905,2025-12-27T17:46:33Z,00:15:05,00:26:45
弱虫モンブラン,DECO*27,J0xBbheNHrk,https://youtu.be/J0xBbheNHrk?t=1605,2025-12-27T17:46:33Z,00:26:45,00:37:58
アイネクライネ,米津玄師,J0xBbheNHrk,https://youtu.be/J0xBbheNHrk?t=2278,2025-12-27T17:46:33Z,00:37:58,00:51:46
楓,スピッツ,J0xBbheNHrk,https://youtu.be/J0xBbheNHrk?t=3106,2025-12-27T17:46:33Z,00:51:46,00:58:03
チェリー,スピッツ,J0xBbheNHrk,https://youtu.be/J0xBbheNHrk?t=3483,2025-12-27T17:46:33Z,00:58:03,01:03:24
丸の内サディスティック,椎名林檎,J0xBbheNHrk,https://youtu.be/J0xBbheNHrk?t=3804,2025-12-27T17:46:33Z,01:03:24,01:07:17
雨とカプチーノ,ヨルシカ,J0xBbheNHrk,https://youtu.be/J0xBbheNHrk?t=4037,2025-12-27T17:46:33Z,01:07:17,01:12:45
ただ君に晴れ,ヨルシカ,J0xBbheNHrk,https://youtu.be/J0xBbheNHrk?t=4365,2025-12-27T17:46:33Z,01:12:45,01:17:46
火星人,ヨルシカ,J0xBbheNHrk,https://youtu.be/J0xBbheNHrk?t=4666,2025-12-27T17:46:33Z,01:17:46,01:24:15
レプリカント,ヨルシカ,J0xBbheNHrk,https://youtu.be/J0xBbheNHrk?t=5055,2025-12-27T17:46:33Z,01:24:15,01:28:58
思想犯,ヨルシカ,J0xBbheNHrk,https://youtu.be/J0xBbheNHrk?t=5338,2025-12-27T17:46:33Z,01:28:58,01:33:55
八月、某、月明かり,ヨルシカ,J0xBbheNHrk,https://youtu.be/J0xBbheNHrk?t=5635,2025-12-27T17:46:33Z,01:33:55,01:39:37
夕凪、某、花惑い,ヨルシカ,J0xBbheNHrk,https://youtu.be/J0xBbheNHrk?t=5977,2025-12-27T17:46:33Z,01:39:37,01:52:00
unravel,TK from 凛として時雨,J0xBbheNHrk,https://youtu.be/J0xBbheNHrk?t=6720,2025-12-27T17:46:33Z,01:52:00,01:59:07
季節は次々死んでいく,amazarashi,J0xBbheNHrk,https://youtu.be/J0xBbheNHrk?t=7147,2025-12-27T17:46:33Z,01:59:07,02:05:42
僕が死のうと思ったのは,amazarashi,J0xBbheNHrk,https://youtu.be/J0xBbheNHrk?t=7542,2025-12-27T17:46:33Z,02:05:42,02:13:52
スターライト,amazarashi,J0xBbheNHrk,https://youtu.be/J0xBbheNHrk?t=8032,2025-12-27T17:46:33Z,02:13:52,02:20:15
境界線,amazarashi,J0xBbheNHrk,https://youtu.be/J0xBbheNHrk?t=8415,2025-12-27T17:46:33Z,02:20:15,02:29:04
空に歌えば,amazarashi,J0xBbheNHrk,https://youtu.be/J0xBbheNHrk?t=8944,2025-12-27T17:46:33Z,02:29:04,02:36:41
ハナミズキ,一青窈,J0xBbheNHrk,https://youtu.be/J0xBbheNHrk?t=9401,2025-12-27T17:46:33Z,02:36:41,02:43:46
最後の雨,中西保志,J0xBbheNHrk,https://youtu.be/J0xBbheNHrk?t=9826,2025-12-27T17:46:33Z,02:43:46,02:50:21
トレモロ,RADWIMPS,J0xBbheNHrk,https://youtu.be/J0xBbheNHrk?t=10221,2025-12-27T17:46:33Z,02:50:21,02:55:21
虹,ゆず,Ir33Gsytwew,https://youtu.be/Ir33Gsytwew?t=1610,2025-12-29T15:28:52Z,00:26:50,00:31:35
パブリック,Mrs. GREEN APPLE,Ir33Gsytwew,https://youtu.be/Ir33Gsytwew?t=1895,2025-12-29T15:28:52Z,00:31:35,00:39:40
CORE PRIDE,UVERworld,Ir33Gsytwew,https://youtu.be/Ir33Gsytwew?t=2380,2025-12-29T15:28:52Z,00:39:40,00:42:28
more than words,羊文学,Ir33Gsytwew,https://youtu.be/Ir33Gsytwew?t=2548,2025-12-29T15:28:52Z,00:42:28,00:49:06
恋の前,FINLANDS,Ir33Gsytwew,https://youtu.be/Ir33Gsytwew?t=2946,2025-12-29T15:28:52Z,00:49:06,01:03:40
My landscape,BiSH,Ir33Gsytwew,https://youtu.be/Ir33Gsytwew?t=3820,2025-12-29T15:28:52Z,01:03:40,01:10:35
stereo future,BiSH,Ir33Gsytwew,https://youtu.be/Ir33Gsytwew?t=4235,2025-12-29T15:28:52Z,01:10:35,01:18:21
世界の秘密,さユり,Ir33Gsytwew,https://youtu.be/Ir33Gsytwew?t=4701,2025-12-29T15:28:52Z,01:18:21,01:25:31
蜂と見世物,さユり,Ir33Gsytwew,https://youtu.be/Ir33Gsytwew?t=5131,2025-12-29T15:28:52Z,01:25:31,01:30:29
さよならごっこ,amazarashi,Ir33Gsytwew,https://youtu.be/Ir33Gsytwew?t=5429,2025-12-29T15:28:52Z,01:30:29,01:38:26
A Thousand Miles,Vanessa Carlton,Ir33Gsytwew,https://youtu.be/Ir33Gsytwew?t=5906,2025-12-29T15:28:52Z,01:38:26,01:43:26
負けないで,ZARD,Hj93GS2TIn8,https://youtu.be/Hj93GS2TIn8?t=596,2025-12-31T16:17:32Z,00:09:56,00:13:55
Calc.,ジミーサムP,Hj93GS2TIn8,https://youtu.be/Hj93GS2TIn8?t=835,2025-12-31T16:17:32Z,00:13:55,00:18:08
天ノ弱,164,Hj93GS2TIn8,https://youtu.be/Hj93GS2TIn8?t=1088,2025-12-31T16:17:32Z,00:18:08,00:21:52
大声ダイヤモンド,AKB48,Hj93GS2TIn8,https://youtu.be/Hj93GS2TIn8?t=1312,2025-12-31T16:17:32Z,00:21:52,00:26:15
フライングゲット,AKB48,Hj93GS2TIn8,https://youtu.be/Hj93GS2TIn8?t=1575,2025-12-31T16:17:32Z,00:26:15,00:31:14
ポニーテールとシュシュ,AKB48,Hj93GS2TIn8,https://youtu.be/Hj93GS2TIn8?t=1874,2025-12-31T16:17:32Z,00:31:14,00:36:02
たばこ,コレサワ,Hj93GS2TIn8,https://youtu.be/Hj93GS2TIn8?t=2162,2025-12-31T16:17:32Z,00:36:02,00:42:21
雪の華,中島美嘉,Hj93GS2TIn8,https://youtu.be/Hj93GS2TIn8?t=2541,2025-12-31T16:17:32Z,00:42:21,00:48:08
フラレガイガール,さユり,Hj93GS2TIn8,https://youtu.be/Hj93GS2TIn8?t=2888,2025-12-31T16:17:32Z,00:48:08,00:55:02
プロミスザスター,BiSH,Hj93GS2TIn8,https://youtu.be/Hj93GS2TIn8?t=3302,2025-12-31T16:17:32Z,00:55:02,01:00:26
ブレーメン,ヨルシカ,Hj93GS2TIn8,https://youtu.be/Hj93GS2TIn8?t=3626,2025-12-31T16:17:32Z,01:00:26,01:05:52
花に亡霊,ヨルシカ,Hj93GS2TIn8,https://youtu.be/Hj93GS2TIn8?t=3952,2025-12-31T16:17:32Z,01:05:52,01:10:02
春泥棒,ヨルシカ,Hj93GS2TIn8,https://youtu.be/Hj93GS2TIn8?t=4202,2025-12-31T16:17:32Z,01:10:02,01:15:33
斜陽,ヨルシカ,Hj93GS2TIn8,https://youtu.be/Hj93GS2TIn8?t=4533,2025-12-31T16:17:32Z,01:15:33,01:18:49
雨とカプチーノ,ヨルシカ,Hj93GS2TIn8,https://youtu.be/Hj93GS2TIn8?t=4729,2025-12-31T16:17:32Z,01:18:49,01:23:21
雨晴るる,ヨルシカ,Hj93GS2TIn8,https://youtu.be/Hj93GS2TIn8?t=5001,2025-12-31T16:17:32Z,01:23:21,01:26:59
気まぐれロマンティック,いきものがかり,Hj93GS2TIn8,https://youtu.be/Hj93GS2TIn8?t=5219,2025-12-31T16:17:32Z,01:26:59,01:30:59
ブルーバード,いきものがかり,Hj93GS2TIn8,https://youtu.be/Hj93GS2TIn8?t=5459,2025-12-31T16:17:32Z,01:30:59,01:34:38
めざせポケモンマスター,松本梨香,Hj93GS2TIn8,https://youtu.be/Hj93GS2TIn8?t=5678,2025-12-31T16:17:32Z,01:34:38,01:39:08
ココロのちず,BOYSTYLE,Hj93GS2TIn8,https://youtu.be/Hj93GS2TIn8?t=5948,2025-12-31T16:17:32Z,01:39:08,01:50:24
夏空,Galileo Galilei,Hj93GS2TIn8,https://youtu.be/Hj93GS2TIn8?t=6624,2025-12-31T16:17:32Z,01:50:24,01:55:52
僕から君へ,Galileo Galilei,Hj93GS2TIn8,https://youtu.be/Hj93GS2TIn8?t=6952,2025-12-31T16:17:32Z,01:55:52,02:01:06
有心論,RADWIMPS,Hj93GS2TIn8,https://youtu.be/Hj93GS2TIn8?t=7266,2025-12-31T16:17:32Z,02:01:06,02:05:19
トレモロ,RADWIMPS,Hj93GS2TIn8,https://youtu.be/Hj93GS2TIn8?t=7519,2025-12-31T16:17:32Z,02:05:19,02:09:40
欲望に満ちた青年団,ONE OK ROCK,Hj93GS2TIn8,https://youtu.be/Hj93GS2TIn8?t=7780,2025-12-31T16:17:32Z,02:09:40,02:13:20
Wherever you are,ONE OK ROCK,Hj93GS2TIn8,https://youtu.be/Hj93GS2TIn8?t=8000,2025-12-31T16:17:32Z,02:13:20,02:21:33
僕が死のうと思ったのは,amazarashi,Hj93GS2TIn8,https://youtu.be/Hj93GS2TIn8?t=8493,2025-12-31T16:17:32Z,02:21:33,02:29:09
ナモナキヒト,amazarashi,Hj93GS2TIn8,https://youtu.be/Hj93GS2TIn8?t=8949,2025-12-31T16:17:32Z,02:29:09,02:34:35
逃避行,amazarashi,Hj93GS2TIn8,https://youtu.be/Hj93GS2TIn8?t=9275,2025-12-31T16:17:32Z,02:34:35,02:39:50
さくら (独唱),森山直太朗,Hj93GS2TIn8,https://youtu.be/Hj93GS2TIn8?t=9590,2025-12-31T16:17:32Z,02:39:50,02:45:12
粉雪,レミオロメン,Hj93GS2TIn8,https://youtu.be/Hj93GS2TIn8?t=9912,2025-12-31T16:17:32Z,02:45:12,02:50:45
Lemon,米津玄師,Hj93GS2TIn8,https://youtu.be/Hj93GS2TIn8?t=10245,2025-12-31T16:17:32Z,02:50:45,02:55:35
Pretender,Official髭男dism,Hj93GS2TIn8,https://youtu.be/Hj93GS2TIn8?t=10535,2025-12-31T16:17:32Z,02:55:35,03:00:30
チェリー,スピッツ,Hj93GS2TIn8,https://youtu.be/Hj93GS2TIn8?t=10830,2025-12-31T16:17:32Z,03:00:30,03:05:15
ロビンソン,スピッツ,Hj93GS2TIn8,https://youtu.be/Hj93GS2TIn8?t=11115,2025-12-31T16:17:32Z,03:05:15,03:09:51
わたがし,back number,Hj93GS2TIn8,https://youtu.be/Hj93GS2TIn8?t=11391,2025-12-31T16:17:32Z,03:09:51,03:14:58
幸せ,back number,Hj93GS2TIn8,https://youtu.be/Hj93GS2TIn8?t=11698,2025-12-31T16:17:32Z,03:14:58,03:21:25
水平線,back number,Hj93GS2TIn8,https://youtu.be/Hj93GS2TIn8?t=12085,2025-12-31T16:17:32Z,03:21:25,03:25:33
BABY STEP,LAMP IN TERREN,Hj93GS2TIn8,https://youtu.be/Hj93GS2TIn8?t=12333,2025-12-31T16:17:32Z,03:25:33,03:31:16
若者のすべて,フジファブリック,Hj93GS2TIn8,https://youtu.be/Hj93GS2TIn8?t=12676,2025-12-31T16:17:32Z,03:31:16,04:01:06
ただ君に晴れ,ヨルシカ,Hj93GS2TIn8,https://youtu.be/Hj93GS2TIn8?t=14466,2025-12-31T16:17:32Z,04:01:06,04:06:20
八月、某、月明かり,ヨルシカ,Hj93GS2TIn8,https://youtu.be/Hj93GS2TIn8?t=14780,2025-12-31T16:17:32Z,04:06:20,04:12:46
だから僕は音楽を辞めた,ヨルシカ,Hj93GS2TIn8,https://youtu.be/Hj93GS2TIn8?t=15166,2025-12-31T16:17:32Z,04:12:46,04:18:05
晴る,ヨルシカ,Hj93GS2TIn8,https://youtu.be/Hj93GS2TIn8?t=15485,2025-12-31T16:17:32Z,04:18:05,04:22:48
言って。,ヨルシカ,Hj93GS2TIn8,https://youtu.be/Hj93GS2TIn8?t=15768,2025-12-31T16:17:32Z,04:22:48,04:27:00
昼鳶,ヨルシカ,Hj93GS2TIn8,https://youtu.be/Hj93GS2TIn8?t=16020,2025-12-31T16:17:32Z,04:27:00,04:29:58
ヒッチコック,ヨルシカ,Hj93GS2TIn8,https://youtu.be/Hj93GS2TIn8?t=16198,2025-12-31T16:17:32Z,04:29:58,04:33:58
花の塔,さユり,Hj93GS2TIn8,https://youtu.be/Hj93GS2TIn8?t=16438,2025-12-31T16:17:32Z,04:33:58,04:38:53
ミカヅキ,さユり,Hj93GS2TIn8,https://youtu.be/Hj93GS2TIn8?t=16733,2025-12-31T16:17:32Z,04:38:53,04:43:35
平行線,さユり,Hj93GS2TIn8,https://youtu.be/Hj93GS2TIn8?t=17015,2025-12-31T16:17:32Z,04:43:35,04:48:46
ノーザンクロス,シェリル・ノーム starring May'n,Hj93GS2TIn8,https://youtu.be/Hj93GS2TIn8?t=17326,2025-12-31T16:17:32Z,04:48:46,04:54:52
星間飛行,ランカ・リー＝中島愛,Hj93GS2TIn8,https://youtu.be/Hj93GS2TIn8?t=17692,2025-12-31T16:17:32Z,04:54:52,04:59:03
ありがとう,いきものがかり,Hj93GS2TIn8,https://youtu.be/Hj93GS2TIn8?t=17943,2025-12-31T16:17:32Z,04:59:03,05:05:16
Revive,倉木麻衣,Hj93GS2TIn8,https://youtu.be/Hj93GS2TIn8?t=18316,2025-12-31T16:17:32Z,05:05:16,05:10:26
PUZZLE,倉木麻衣,Hj93GS2TIn8,https://youtu.be/Hj93GS2TIn8?t=18626,2025-12-31T16:17:32Z,05:10:26,05:14:28
As the Dew,GARNET CROW,Hj93GS2TIn8,https://youtu.be/Hj93GS2TIn8?t=18868,2025-12-31T16:17:32Z,05:14:28,05:18:55
inside you,milet,Hj93GS2TIn8,https://youtu.be/Hj93GS2TIn8?t=19135,2025-12-31T16:17:32Z,05:18:55,05:34:29
花の名,BUMP OF CHICKEN,Hj93GS2TIn8,https://youtu.be/Hj93GS2TIn8?t=20069,2025-12-31T16:17:32Z,05:34:29,05:40:43
レム,BUMP OF CHICKEN,Hj93GS2TIn8,https://youtu.be/Hj93GS2TIn8?t=20443,2025-12-31T16:17:32Z,05:40:43,05:45:06
銀河鉄道,BUMP OF CHICKEN,Hj93GS2TIn8,https://youtu.be/Hj93GS2TIn8?t=20706,2025-12-31T16:17:32Z,05:45:06,05:51:54
ファイター,BUMP OF CHICKEN,Hj93GS2TIn8,https://youtu.be/Hj93GS2TIn8?t=21114,2025-12-31T16:17:32Z,05:51:54,05:57:43
プレゼント,BUMP OF CHICKEN,Hj93GS2TIn8,https://youtu.be/Hj93GS2TIn8?t=21463,2025-12-31T16:17:32Z,05:57:43,06:03:05
プラネタリウム,BUMP OF CHICKEN,Hj93GS2TIn8,https://youtu.be/Hj93GS2TIn8?t=21785,2025-12-31T16:17:32Z,06:03:05,06:08:48
arrows,BUMP OF CHICKEN,Hj93GS2TIn8,https://youtu.be/Hj93GS2TIn8?t=22128,2025-12-31T16:17:32Z,06:08:48,06:15:35
メロディーフラッグ,BUMP OF CHICKEN,Hj93GS2TIn8,https://youtu.be/Hj93GS2TIn8?t=22535,2025-12-31T16:17:32Z,06:15:35,06:23:11
Ever lasting lie,BUMP OF CHICKEN,Hj93GS2TIn8,https://youtu.be/Hj93GS2TIn8?t=22991,2025-12-31T16:17:32Z,06:23:11,06:30:39
アカシア,BUMP OF CHICKEN,Hj93GS2TIn8,https://youtu.be/Hj93GS2TIn8?t=23439,2025-12-31T16:17:32Z,06:30:39,06:35:06
ダンデライオン,BUMP OF CHICKEN,Hj93GS2TIn8,https://youtu.be/Hj93GS2TIn8?t=23706,2025-12-31T16:17:32Z,06:35:06,06:38:13
車輪の唄,BUMP OF CHICKEN,Hj93GS2TIn8,https://youtu.be/Hj93GS2TIn8?t=23893,2025-12-31T16:17:32Z,06:38:13,06:43:17
真っ赤な空を見ただろうか,BUMP OF CHICKEN,Hj93GS2TIn8,https://youtu.be/Hj93GS2TIn8?t=24197,2025-12-31T16:17:32Z,06:43:17,06:47:38
ガラスのブルース,BUMP OF CHICKEN,Hj93GS2TIn8,https://youtu.be/Hj93GS2TIn8?t=24458,2025-12-31T16:17:32Z,06:47:38,06:53:49
Aurora,BUMP OF CHICKEN,Hj93GS2TIn8,https://youtu.be/Hj93GS2TIn8?t=24829,2025-12-31T16:17:32Z,06:53:49,06:58:37
ray,BUMP OF CHICKEN,Hj93GS2TIn8,https://youtu.be/Hj93GS2TIn8?t=25117,2025-12-31T16:17:32Z,06:58:37,07:12:33
うつつ,ミナミイズミ,Hj93GS2TIn8,https://youtu.be/Hj93GS2TIn8?t=25953,2025-12-31T16:17:32Z,07:12:33,07:17:19
アイロニー,ミナミイズミ,Hj93GS2TIn8,https://youtu.be/Hj93GS2TIn8?t=26239,2025-12-31T16:17:32Z,07:17:19,07:21:24
"Mock,mock","ミナミイズミ, 朱名, メーメントヴァニタス",Hj93GS2TIn8,https://youtu.be/Hj93GS2TIn8?t=26484,2025-12-31T16:17:32Z,07:21:24,07:26:13
ぐるぐる,ミナミイズミ,Hj93GS2TIn8,https://youtu.be/Hj93GS2TIn8?t=26773,2025-12-31T16:17:32Z,07:26:13,07:30:14
Break through,ミナミイズミ,Hj93GS2TIn8,https://youtu.be/Hj93GS2TIn8?t=27014,2025-12-31T16:17:32Z,07:30:14,07:35:27
結晶,ミナミイズミ,Hj93GS2TIn8,https://youtu.be/Hj93GS2TIn8?t=27327,2025-12-31T16:17:32Z,07:35:27,07:50:39
しるし,Mr.Children,Hj93GS2TIn8,https://youtu.be/Hj93GS2TIn8?t=28239,2025-12-31T16:17:32Z,07:50:39,07:58:03
Subtitle,Official髭男dism,Hj93GS2TIn8,https://youtu.be/Hj93GS2TIn8?t=28683,2025-12-31T16:17:32Z,07:58:03,08:03:18
点描の唄,Mrs. GREEN APPLE,Hj93GS2TIn8,https://youtu.be/Hj93GS2TIn8?t=28998,2025-12-31T16:17:32Z,08:03:18,08:09:06
最後の雨,中西保志,Hj93GS2TIn8,https://youtu.be/Hj93GS2TIn8?t=29346,2025-12-31T16:17:32Z,08:09:06,08:14:14
美しき思い出,amazarashi,Hj93GS2TIn8,https://youtu.be/Hj93GS2TIn8?t=29654,2025-12-31T16:17:32Z,08:14:14,08:20:49
ワンルーム叙事詩,amazarashi,Hj93GS2TIn8,https://youtu.be/Hj93GS2TIn8?t=30049,2025-12-31T16:17:32Z,08:20:49,08:26:05
季節は次々死んでいく,amazarashi,Hj93GS2TIn8,https://youtu.be/Hj93GS2TIn8?t=30365,2025-12-31T16:17:32Z,08:26:05,08:31:53
とどめを刺して,amazarashi,Hj93GS2TIn8,https://youtu.be/Hj93GS2TIn8?t=30713,2025-12-31T16:17:32Z,08:31:53,08:36:26
空に歌えば,amazarashi,Hj93GS2TIn8,https://youtu.be/Hj93GS2TIn8?t=30986,2025-12-31T16:17:32Z,08:36:26,08:40:16
おやすみ泣き声、さよなら歌姫,クリープハイプ,Hj93GS2TIn8,https://youtu.be/Hj93GS2TIn8?t=31216,2025-12-31T16:17:32Z,08:40:16,08:44:21
栞,クリープハイプ,Hj93GS2TIn8,https://youtu.be/Hj93GS2TIn8?t=31461,2025-12-31T16:17:32Z,08:44:21,08:49:02
シュガーソングとビターステップ,UNISON SQUARE GARDEN,Hj93GS2TIn8,https://youtu.be/Hj93GS2TIn8?t=31742,2025-12-31T16:17:32Z,08:49:02,08:53:26
オリオンをなぞる,UNISON SQUARE GARDEN,Hj93GS2TIn8,https://youtu.be/Hj93GS2TIn8?t=32006,2025-12-31T16:17:32Z,08:53:26,08:57:59
マスターボリューム,UNISON SQUARE GARDEN,Hj93GS2TIn8,https://youtu.be/Hj93GS2TIn8?t=32279,2025-12-31T16:17:32Z,08:57:59,09:01:31
徹頭徹尾夜な夜なドライブ,UNISON SQUARE GARDEN,Hj93GS2TIn8,https://youtu.be/Hj93GS2TIn8?t=32491,2025-12-31T16:17:32Z,09:01:31,09:06:25
桜のあと(all quartets lead to the?),UNISON SQUARE GARDEN,Hj93GS2TIn8,https://youtu.be/Hj93GS2TIn8?t=32785,2025-12-31T16:17:32Z,09:06:25,09:11:22
会心の一撃,RADWIMPS,Hj93GS2TIn8,https://youtu.be/Hj93GS2TIn8?t=33082,2025-12-31T16:17:32Z,09:11:22,09:16:11
おしゃかしゃま,RADWIMPS,Hj93GS2TIn8,https://youtu.be/Hj93GS2TIn8?t=33371,2025-12-31T16:17:32Z,09:16:11,09:20:13
unravel,TK from 凛として時雨,Hj93GS2TIn8,https://youtu.be/Hj93GS2TIn8?t=33613,2025-12-31T16:17:32Z,09:20:13,09:24:27
サムライハート(Some Like It Hot!!),SPYAIR,Hj93GS2TIn8,https://youtu.be/Hj93GS2TIn8?t=33867,2025-12-31T16:17:32Z,09:24:27,09:27:47
才悩人応援歌,BUMP OF CHICKEN,Hj93GS2TIn8,https://youtu.be/Hj93GS2TIn8?t=34067,2025-12-31T16:17:32Z,09:27:47,09:32:09
カルマ,BUMP OF CHICKEN,Hj93GS2TIn8,https://youtu.be/Hj93GS2TIn8?t=34329,2025-12-31T16:17:32Z,09:32:09,09:35:44
アルエ,BUMP OF CHICKEN,Hj93GS2TIn8,https://youtu.be/Hj93GS2TIn8?t=34544,2025-12-31T16:17:32Z,09:35:44,09:40:02
sailing day,BUMP OF CHICKEN,Hj93GS2TIn8,https://youtu.be/Hj93GS2TIn8?t=34802,2025-12-31T16:17:32Z,09:40:02,09:44:02
ウィーアー！,きただにひろし,Hj93GS2TIn8,https://youtu.be/Hj93GS2TIn8?t=35042,2025-12-31T16:17:32Z,09:44:02,09:48:10
青のすみか,キタニタツヤ,Hj93GS2TIn8,https://youtu.be/Hj93GS2TIn8?t=35290,2025-12-31T16:17:32Z,09:48:10,09:51:40
怪獣,サカナクション,Hj93GS2TIn8,https://youtu.be/Hj93GS2TIn8?t=35500,2025-12-31T16:17:32Z,09:51:40,09:56:23
アイデンティティ,サカナクション,Hj93GS2TIn8,https://youtu.be/Hj93GS2TIn8?t=35783,2025-12-31T16:17:32Z,09:56:23,10:04:55
天体観測,BUMP OF CHICKEN,Hj93GS2TIn8,https://youtu.be/Hj93GS2TIn8?t=36295,2025-12-31T16:17:32Z,10:04:55,10:09:55
サウダージ,ポルノグラフィティ,Th5BvWWwtuU,https://youtu.be/Th5BvWWwtuU?t=478,2026-01-03T06:41:00Z,00:07:58,00:12:58
夜に駆ける,YOASOBI,Th5BvWWwtuU,https://youtu.be/Th5BvWWwtuU?t=778,2026-01-03T06:41:00Z,00:12:58,00:18:20
only my railgun,fripSide,Th5BvWWwtuU,https://youtu.be/Th5BvWWwtuU?t=1100,2026-01-03T06:41:00Z,00:18:20,00:22:47
残酷な天使のテーゼ,高橋洋子,Th5BvWWwtuU,https://youtu.be/Th5BvWWwtuU?t=1367,2026-01-03T06:41:00Z,00:22:47,00:26:54
君の知らない物語,supercell,Th5BvWWwtuU,https://youtu.be/Th5BvWWwtuU?t=1614,2026-01-03T06:41:00Z,00:26:54,00:34:43
微笑みの爆弾,馬渡松子,Th5BvWWwtuU,https://youtu.be/Th5BvWWwtuU?t=2083,2026-01-03T06:41:00Z,00:34:43,00:38:58
高嶺の花子さん,back number,Th5BvWWwtuU,https://youtu.be/Th5BvWWwtuU?t=2338,2026-01-03T06:41:00Z,00:38:58,00:44:03
インフェルノ,Mrs. GREEN APPLE,Th5BvWWwtuU,https://youtu.be/Th5BvWWwtuU?t=2643,2026-01-03T06:41:00Z,00:44:03,00:47:48
紅蓮華,LiSA,Th5BvWWwtuU,https://youtu.be/Th5BvWWwtuU?t=2868,2026-01-03T06:41:00Z,00:47:48,00:51:57
Rising Hope,LiSA,Th5BvWWwtuU,https://youtu.be/Th5BvWWwtuU?t=3117,2026-01-03T06:41:00Z,00:51:57,00:56:12
Catch the Moment,LiSA,Th5BvWWwtuU,https://youtu.be/Th5BvWWwtuU?t=3372,2026-01-03T06:41:00Z,00:56:12,01:01:02
God knows...,涼宮ハルヒ(平野綾),Th5BvWWwtuU,https://youtu.be/Th5BvWWwtuU?t=3662,2026-01-03T06:41:00Z,01:01:02,01:06:32
創聖のアクエリオン,AKINO,Th5BvWWwtuU,https://youtu.be/Th5BvWWwtuU?t=3992,2026-01-03T06:41:00Z,01:06:32,01:11:26
again,YUI,Th5BvWWwtuU,https://youtu.be/Th5BvWWwtuU?t=4286,2026-01-03T06:41:00Z,01:11:26,01:15:53
ANIMA,ReoNa,Th5BvWWwtuU,https://youtu.be/Th5BvWWwtuU?t=4553,2026-01-03T06:41:00Z,01:15:53,01:20:33
瞬間センチメンタル,SCANDAL,Th5BvWWwtuU,https://youtu.be/Th5BvWWwtuU?t=4833,2026-01-03T06:41:00Z,01:20:33,01:24:25
Believe,Folder5,Th5BvWWwtuU,https://youtu.be/Th5BvWWwtuU?t=5065,2026-01-03T06:41:00Z,01:24:25,01:28:25
曇天,DOES,Th5BvWWwtuU,https://youtu.be/Th5BvWWwtuU?t=5305,2026-01-03T06:41:00Z,01:28:25,01:31:37
DANZEN!ふたりはプリキュア,五條真由美,Th5BvWWwtuU,https://youtu.be/Th5BvWWwtuU?t=5497,2026-01-03T06:41:00Z,01:31:37,01:35:20
怪獣の花唄,Vaundy,Th5BvWWwtuU,https://youtu.be/Th5BvWWwtuU?t=5720,2026-01-03T06:41:00Z,01:35:20,01:39:18
女々しくて,ゴールデンボンバー,Th5BvWWwtuU,https://youtu.be/Th5BvWWwtuU?t=5958,2026-01-03T06:41:00Z,01:39:18,01:43:43
阿修羅ちゃん,Ado,Th5BvWWwtuU,https://youtu.be/Th5BvWWwtuU?t=6223,2026-01-03T06:41:00Z,01:43:43,01:47:10
新宝島,サカナクション,Th5BvWWwtuU,https://youtu.be/Th5BvWWwtuU?t=6430,2026-01-03T06:41:00Z,01:47:10,01:52:22
怪獣,サカナクション,Th5BvWWwtuU,https://youtu.be/Th5BvWWwtuU?t=6742,2026-01-03T06:41:00Z,01:52:22,01:56:44
アイデンティティ,サカナクション,Th5BvWWwtuU,https://youtu.be/Th5BvWWwtuU?t=7004,2026-01-03T06:41:00Z,01:56:44,02:00:58
I,BUMP OF CHICKEN,Th5BvWWwtuU,https://youtu.be/Th5BvWWwtuU?t=7258,2026-01-03T06:41:00Z,02:00:58,02:05:33
ray,BUMP OF CHICKEN,Th5BvWWwtuU,https://youtu.be/Th5BvWWwtuU?t=7533,2026-01-03T06:41:00Z,02:05:33,02:10:33
Break through,ミナミイズミ,Y_HZuqoT9o8,https://youtu.be/Y_HZuqoT9o8?t=959,2026-01-04T16:01:43Z,00:15:59,00:27:44
夜が足りない,ミナミイズミ,Y_HZuqoT9o8,https://youtu.be/Y_HZuqoT9o8?t=1664,2026-01-04T16:01:43Z,00:27:44,00:33:45
ふたりせかい,ミナミイズミ,Y_HZuqoT9o8,https://youtu.be/Y_HZuqoT9o8?t=2025,2026-01-04T16:01:43Z,00:33:45,00:47:38
ユウヒ,ミナミイズミ,Y_HZuqoT9o8,https://youtu.be/Y_HZuqoT9o8?t=2858,2026-01-04T16:01:43Z,00:47:38,00:55:11
おもいおもい,ミナミイズミ,Y_HZuqoT9o8,https://youtu.be/Y_HZuqoT9o8?t=3311,2026-01-04T16:01:43Z,00:55:11,01:32:31
ぐるぐる,ミナミイズミ,Y_HZuqoT9o8,https://youtu.be/Y_HZuqoT9o8?t=5551,2026-01-04T16:01:43Z,01:32:31,01:36:02
アイロニー,ミナミイズミ,Y_HZuqoT9o8,https://youtu.be/Y_HZuqoT9o8?t=5762,2026-01-04T16:01:43Z,01:36:02,01:42:35
偏り,ミナミイズミ,Y_HZuqoT9o8,https://youtu.be/Y_HZuqoT9o8?t=6155,2026-01-04T16:01:43Z,01:42:35,01:55:05
結晶,ミナミイズミ,Y_HZuqoT9o8,https://youtu.be/Y_HZuqoT9o8?t=6905,2026-01-04T16:01:43Z,01:55:05,02:00:05
デマゴーグ,キタニタツヤ,6U8rdytK5R4,https://youtu.be/6U8rdytK5R4?t=1202,2026-01-07T16:26:21Z,00:20:02,00:39:28
アイネクライネ,米津玄師,6U8rdytK5R4,https://youtu.be/6U8rdytK5R4?t=2368,2026-01-07T16:26:21Z,00:39:28,00:48:45
Lemon,米津玄師,6U8rdytK5R4,https://youtu.be/6U8rdytK5R4?t=2925,2026-01-07T16:26:21Z,00:48:45,00:54:33
コイスルオトメ,いきものがかり,6U8rdytK5R4,https://youtu.be/6U8rdytK5R4?t=3273,2026-01-07T16:26:21Z,00:54:33,01:02:22
Subtitle,Official髭男dism,6U8rdytK5R4,https://youtu.be/6U8rdytK5R4?t=3742,2026-01-07T16:26:21Z,01:02:22,01:10:51
二十九、三十,クリープハイプ,6U8rdytK5R4,https://youtu.be/6U8rdytK5R4?t=4251,2026-01-07T16:26:21Z,01:10:51,01:18:02
Shout Baby,緑黄色社会,6U8rdytK5R4,https://youtu.be/6U8rdytK5R4?t=4682,2026-01-07T16:26:21Z,01:18:02,01:24:43
ナモナキヒト,amazarashi,6U8rdytK5R4,https://youtu.be/6U8rdytK5R4?t=5083,2026-01-07T16:26:21Z,01:24:43,01:31:13
僕が死のうと思ったのは,amazarashi,6U8rdytK5R4,https://youtu.be/6U8rdytK5R4?t=5473,2026-01-07T16:26:21Z,01:31:13,01:37:44
花の名,BUMP OF CHICKEN,6U8rdytK5R4,https://youtu.be/6U8rdytK5R4?t=5864,2026-01-07T16:26:21Z,01:37:44,01:42:44
ヒロイン,back number,VgHHfKCk3vw,https://youtu.be/VgHHfKCk3vw?t=708,2026-01-08T16:52:43Z,00:11:48,00:37:07
チェリー,スピッツ,VgHHfKCk3vw,https://youtu.be/VgHHfKCk3vw?t=2227,2026-01-08T16:52:43Z,00:37:07,00:41:37
BABY STEP,LAMP IN TERREN,VgHHfKCk3vw,https://youtu.be/VgHHfKCk3vw?t=2497,2026-01-08T16:52:43Z,00:41:37,00:46:35
鱗（うろこ）,秦基博,VgHHfKCk3vw,https://youtu.be/VgHHfKCk3vw?t=2795,2026-01-08T16:52:43Z,00:46:35,00:56:20
漂白,あいみょん,VgHHfKCk3vw,https://youtu.be/VgHHfKCk3vw?t=3380,2026-01-08T16:52:43Z,00:56:20,01:01:25
君はロックを聴かない,あいみょん,VgHHfKCk3vw,https://youtu.be/VgHHfKCk3vw?t=3685,2026-01-08T16:52:43Z,01:01:25,01:18:58
人として,SUPER BEAVER,VgHHfKCk3vw,https://youtu.be/VgHHfKCk3vw?t=4738,2026-01-08T16:52:43Z,01:18:58,01:24:36
奏,スキマスイッチ,VgHHfKCk3vw,https://youtu.be/VgHHfKCk3vw?t=5076,2026-01-08T16:52:43Z,01:24:36,01:30:26
えりあし,aiko,VgHHfKCk3vw,https://youtu.be/VgHHfKCk3vw?t=5426,2026-01-08T16:52:43Z,01:30:26,01:36:01
まちがいさがし,菅田将暉,VgHHfKCk3vw,https://youtu.be/VgHHfKCk3vw?t=5761,2026-01-08T16:52:43Z,01:36:01,01:41:50
友達の唄,BUMP OF CHICKEN,VgHHfKCk3vw,https://youtu.be/VgHHfKCk3vw?t=6110,2026-01-08T16:52:43Z,01:41:50,01:48:16
スノースマイル,BUMP OF CHICKEN,VgHHfKCk3vw,https://youtu.be/VgHHfKCk3vw?t=6496,2026-01-08T16:52:43Z,01:48:16,01:55:26
窓の中から,BUMP OF CHICKEN,VgHHfKCk3vw,https://youtu.be/VgHHfKCk3vw?t=6926,2026-01-08T16:52:43Z,01:55:26,02:06:03
Aurora,BUMP OF CHICKEN,VgHHfKCk3vw,https://youtu.be/VgHHfKCk3vw?t=7563,2026-01-08T16:52:43Z,02:06:03,02:11:03
粉雪,レミオロメン,zXkqeSw-AN8,https://youtu.be/zXkqeSw-AN8?t=1198,2026-01-09T17:37:21Z,00:19:58,00:31:53
ハナミズキ,一青窈,zXkqeSw-AN8,https://youtu.be/zXkqeSw-AN8?t=1913,2026-01-09T17:37:21Z,00:31:53,01:03:34
火星人,ヨルシカ,zXkqeSw-AN8,https://youtu.be/zXkqeSw-AN8?t=3814,2026-01-09T17:37:21Z,01:03:34,01:09:10
チノカテ,ヨルシカ,zXkqeSw-AN8,https://youtu.be/zXkqeSw-AN8?t=4150,2026-01-09T17:37:21Z,01:09:10,01:16:12
夜明けと蛍,n-buna,zXkqeSw-AN8,https://youtu.be/zXkqeSw-AN8?t=4572,2026-01-09T17:37:21Z,01:16:12,01:22:52
雪の華,中島美嘉,zXkqeSw-AN8,https://youtu.be/zXkqeSw-AN8?t=4972,2026-01-09T17:37:21Z,01:22:52,01:57:54
天体観測,BUMP OF CHICKEN,zXkqeSw-AN8,https://youtu.be/zXkqeSw-AN8?t=7074,2026-01-09T17:37:21Z,01:57:54,02:02:17
アカシア,BUMP OF CHICKEN,zXkqeSw-AN8,https://youtu.be/zXkqeSw-AN8?t=7337,2026-01-09T17:37:21Z,02:02:17,02:07:18
SOUVENIR,BUMP OF CHICKEN,zXkqeSw-AN8,https://youtu.be/zXkqeSw-AN8?t=7638,2026-01-09T17:37:21Z,02:07:18,02:11:55
ray,BUMP OF CHICKEN,zXkqeSw-AN8,https://youtu.be/zXkqeSw-AN8?t=7915,2026-01-09T17:37:21Z,02:11:55,02:16:55
楓,スピッツ,A8Z3cWJPTSM,https://youtu.be/A8Z3cWJPTSM?t=873,2026-01-11T15:51:35Z,00:14:33,00:21:24
みなと,スピッツ,A8Z3cWJPTSM,https://youtu.be/A8Z3cWJPTSM?t=1284,2026-01-11T15:51:35Z,00:21:24,00:29:04
雨とカプチーノ,ヨルシカ,A8Z3cWJPTSM,https://youtu.be/A8Z3cWJPTSM?t=1744,2026-01-11T15:51:35Z,00:29:04,00:34:34
盗作,ヨルシカ,A8Z3cWJPTSM,https://youtu.be/A8Z3cWJPTSM?t=2074,2026-01-11T15:51:35Z,00:34:34,00:53:08
ワールド・ランプシェード,buzzG,A8Z3cWJPTSM,https://youtu.be/A8Z3cWJPTSM?t=3188,2026-01-11T15:51:35Z,00:53:08,01:03:54
ハナミズキ,一青窈,A8Z3cWJPTSM,https://youtu.be/A8Z3cWJPTSM?t=3834,2026-01-11T15:51:35Z,01:03:54,01:11:11
忘れられないの,サカナクション,A8Z3cWJPTSM,https://youtu.be/A8Z3cWJPTSM?t=4271,2026-01-11T15:51:35Z,01:11:11,01:15:17
さよならはエモーション,サカナクション,A8Z3cWJPTSM,https://youtu.be/A8Z3cWJPTSM?t=4517,2026-01-11T15:51:35Z,01:15:17,01:19:32
怪獣,サカナクション,A8Z3cWJPTSM,https://youtu.be/A8Z3cWJPTSM?t=4772,2026-01-11T15:51:35Z,01:19:32,01:28:35
またねがあれば,澤田空海理,A8Z3cWJPTSM,https://youtu.be/A8Z3cWJPTSM?t=5315,2026-01-11T15:51:35Z,01:28:35,01:34:53
有心論,RADWIMPS,A8Z3cWJPTSM,https://youtu.be/A8Z3cWJPTSM?t=5693,2026-01-11T15:51:35Z,01:34:53,01:40:47
I,BUMP OF CHICKEN,A8Z3cWJPTSM,https://youtu.be/A8Z3cWJPTSM?t=6047,2026-01-11T15:51:35Z,01:40:47,01:45:30
embrace,BUMP OF CHICKEN,A8Z3cWJPTSM,https://youtu.be/A8Z3cWJPTSM?t=6330,2026-01-11T15:51:35Z,01:45:30,01:52:29
話がしたいよ,BUMP OF CHICKEN,A8Z3cWJPTSM,https://youtu.be/A8Z3cWJPTSM?t=6749,2026-01-11T15:51:35Z,01:52:29,01:58:57
プレゼント,BUMP OF CHICKEN,A8Z3cWJPTSM,https://youtu.be/A8Z3cWJPTSM?t=7137,2026-01-11T15:51:35Z,01:58:57,02:14:03
GO,BUMP OF CHICKEN,A8Z3cWJPTSM,https://youtu.be/A8Z3cWJPTSM?t=8043,2026-01-11T15:51:35Z,02:14:03,02:19:03
天体観測,BUMP OF CHICKEN,9DxdIeIutj8,https://youtu.be/9DxdIeIutj8?t=306,2026-01-15T16:54:22Z,00:05:06,00:09:31
青のすみか,キタニタツヤ,9DxdIeIutj8,https://youtu.be/9DxdIeIutj8?t=571,2026-01-15T16:54:22Z,00:09:31,00:12:54
季節は次々死んでいく,amazarashi,9DxdIeIutj8,https://youtu.be/9DxdIeIutj8?t=774,2026-01-15T16:54:22Z,00:12:54,01:02:55
unravel,TK from 凛として時雨,9DxdIeIutj8,https://youtu.be/9DxdIeIutj8?t=3775,2026-01-15T16:54:22Z,01:02:55,01:06:59
アカシア,BUMP OF CHICKEN,9DxdIeIutj8,https://youtu.be/9DxdIeIutj8?t=4019,2026-01-15T16:54:22Z,01:06:59,01:11:59
からくりピエロ,40mP,0ML9ZgUZGos,https://youtu.be/0ML9ZgUZGos?t=510,2026-01-16T04:57:07Z,00:08:30,00:14:57
シリョクケンサ,40mP,0ML9ZgUZGos,https://youtu.be/0ML9ZgUZGos?t=897,2026-01-16T04:57:07Z,00:14:57,00:25:27
ドライフラワー,優里,0ML9ZgUZGos,https://youtu.be/0ML9ZgUZGos?t=1527,2026-01-16T04:57:07Z,00:25:27,00:31:23
車輪の唄,BUMP OF CHICKEN,0ML9ZgUZGos,https://youtu.be/0ML9ZgUZGos?t=1883,2026-01-16T04:57:07Z,00:31:23,00:37:16
青の朔日,BUMP OF CHICKEN,0ML9ZgUZGos,https://youtu.be/0ML9ZgUZGos?t=2236,2026-01-16T04:57:07Z,00:37:16,00:44:53
I,BUMP OF CHICKEN,0ML9ZgUZGos,https://youtu.be/0ML9ZgUZGos?t=2693,2026-01-16T04:57:07Z,00:44:53,00:50:59
美しい鰭,スピッツ,0ML9ZgUZGos,https://youtu.be/0ML9ZgUZGos?t=3059,2026-01-16T04:57:07Z,00:50:59,00:54:20
チェリー,スピッツ,0ML9ZgUZGos,https://youtu.be/0ML9ZgUZGos?t=3260,2026-01-16T04:57:07Z,00:54:20,01:05:41
CHE.R.RY,YUI,0ML9ZgUZGos,https://youtu.be/0ML9ZgUZGos?t=3941,2026-01-16T04:57:07Z,01:05:41,01:09:07
again,YUI,0ML9ZgUZGos,https://youtu.be/0ML9ZgUZGos?t=4147,2026-01-16T04:57:07Z,01:09:07,01:17:32
キセキ,GReeeeN,0ML9ZgUZGos,https://youtu.be/0ML9ZgUZGos?t=4652,2026-01-16T04:57:07Z,01:17:32,01:23:47
星間飛行,ランカ・リー＝中島愛,0ML9ZgUZGos,https://youtu.be/0ML9ZgUZGos?t=5027,2026-01-16T04:57:07Z,01:23:47,01:31:20
晴る,ヨルシカ,0ML9ZgUZGos,https://youtu.be/0ML9ZgUZGos?t=5480,2026-01-16T04:57:07Z,01:31:20,01:36:20
負けないで,ZARD,0ML9ZgUZGos,https://youtu.be/0ML9ZgUZGos?t=5780,2026-01-16T04:57:07Z,01:36:20,01:41:20
さよならエレジー,菅田将暉,dyOyAsdEE6A,https://youtu.be/dyOyAsdEE6A?t=535,2026-01-17T14:52:32Z,00:08:55,00:14:03
Wherever you are,ONE OK ROCK,dyOyAsdEE6A,https://youtu.be/dyOyAsdEE6A?t=843,2026-01-17T14:52:32Z,00:14:03,00:19:45
Believe,Folder5,dyOyAsdEE6A,https://youtu.be/dyOyAsdEE6A?t=1185,2026-01-17T14:52:32Z,00:19:45,00:23:53
God knows...,涼宮ハルヒ(平野綾),dyOyAsdEE6A,https://youtu.be/dyOyAsdEE6A?t=1433,2026-01-17T14:52:32Z,00:23:53,00:59:18
good friends,BUMP OF CHICKEN,dyOyAsdEE6A,https://youtu.be/dyOyAsdEE6A?t=3558,2026-01-17T14:52:32Z,00:59:18,01:04:18
アンパンマンのマーチ,ドリーミング,YoVlidf5thM,https://youtu.be/YoVlidf5thM?t=441,2026-01-18T14:14:12Z,00:07:21,00:13:06
ノーザンクロス,シェリル・ノーム starring May'n,YoVlidf5thM,https://youtu.be/YoVlidf5thM?t=786,2026-01-18T14:14:12Z,00:13:06,00:19:21
FLY HIGH!!,BURNOUT SYNDROMES,YoVlidf5thM,https://youtu.be/YoVlidf5thM?t=1161,2026-01-18T14:14:12Z,00:19:21,00:25:14
サムライハート(Some Like It Hot!!),SPYAIR,YoVlidf5thM,https://youtu.be/YoVlidf5thM?t=1514,2026-01-18T14:14:12Z,00:25:14,00:35:14
季節は次々死んでいく,amazarashi,YoVlidf5thM,https://youtu.be/YoVlidf5thM?t=2114,2026-01-18T14:14:12Z,00:35:14,00:41:46
空に歌えば,amazarashi,YoVlidf5thM,https://youtu.be/YoVlidf5thM?t=2506,2026-01-18T14:14:12Z,00:41:46,00:47:35
unravel,TK from 凛として時雨,YoVlidf5thM,https://youtu.be/YoVlidf5thM?t=2855,2026-01-18T14:14:12Z,00:47:35,00:54:44
ふわふわ時間,放課後ティータイム,YoVlidf5thM,https://youtu.be/YoVlidf5thM?t=3284,2026-01-18T14:14:12Z,00:54:44,00:59:57
sailing day,BUMP OF CHICKEN,YoVlidf5thM,https://youtu.be/YoVlidf5thM?t=3597,2026-01-18T14:14:12Z,00:59:57,01:04:14
ウィーアー！,きただにひろし,YoVlidf5thM,https://youtu.be/YoVlidf5thM?t=3854,2026-01-18T14:14:12Z,01:04:14,01:08:21
めざせポケモンマスター,松本梨香,YoVlidf5thM,https://youtu.be/YoVlidf5thM?t=4101,2026-01-18T14:14:12Z,01:08:21,01:13:16
残酷な天使のテーゼ,高橋洋子,YoVlidf5thM,https://youtu.be/YoVlidf5thM?t=4396,2026-01-18T14:14:12Z,01:13:16,01:17:38
ブルーバード,いきものがかり,YoVlidf5thM,https://youtu.be/YoVlidf5thM?t=4658,2026-01-18T14:14:12Z,01:17:38,01:21:48
瞬間センチメンタル,SCANDAL,YoVlidf5thM,https://youtu.be/YoVlidf5thM?t=4908,2026-01-18T14:14:12Z,01:21:48,01:25:58
紅蓮華,LiSA,YoVlidf5thM,https://youtu.be/YoVlidf5thM?t=5158,2026-01-18T14:14:12Z,01:25:58,01:30:31
Catch the Moment,LiSA,YoVlidf5thM,https://youtu.be/YoVlidf5thM?t=5431,2026-01-18T14:14:12Z,01:30:31,01:37:11
ANIMA,ReoNa,YoVlidf5thM,https://youtu.be/YoVlidf5thM?t=5831,2026-01-18T14:14:12Z,01:37:11,01:42:21
創聖のアクエリオン,AKINO,YoVlidf5thM,https://youtu.be/YoVlidf5thM?t=6141,2026-01-18T14:14:12Z,01:42:21,01:48:15
君の知らない物語,supercell,YoVlidf5thM,https://youtu.be/YoVlidf5thM?t=6495,2026-01-18T14:14:12Z,01:48:15,01:55:22
ミカヅキ,さユり,YoVlidf5thM,https://youtu.be/YoVlidf5thM?t=6922,2026-01-18T14:14:12Z,01:55:22,02:01:20
平行線,さユり,YoVlidf5thM,https://youtu.be/YoVlidf5thM?t=7280,2026-01-18T14:14:12Z,02:01:20,02:11:36
daze,じん,YoVlidf5thM,https://youtu.be/YoVlidf5thM?t=7896,2026-01-18T14:14:12Z,02:11:36,02:15:58
オリオンをなぞる,UNISON SQUARE GARDEN,YoVlidf5thM,https://youtu.be/YoVlidf5thM?t=8158,2026-01-18T14:14:12Z,02:15:58,02:20:31
シュガーソングとビターステップ,UNISON SQUARE GARDEN,YoVlidf5thM,https://youtu.be/YoVlidf5thM?t=8431,2026-01-18T14:14:12Z,02:20:31,02:25:03
I,BUMP OF CHICKEN,YoVlidf5thM,https://youtu.be/YoVlidf5thM?t=8703,2026-01-18T14:14:12Z,02:25:03,02:29:51
晴る,ヨルシカ,YoVlidf5thM,https://youtu.be/YoVlidf5thM?t=8991,2026-01-18T14:14:12Z,02:29:51,02:35:38
ムーンライト伝説,DALI,YoVlidf5thM,https://youtu.be/YoVlidf5thM?t=9338,2026-01-18T14:14:12Z,02:35:38,02:39:21
secret base〜君がくれたもの〜,ZONE,YoVlidf5thM,https://youtu.be/YoVlidf5thM?t=9561,2026-01-18T14:14:12Z,02:39:21,02:44:21
水平線,back number,v_mQaHDQ4zU,https://youtu.be/v_mQaHDQ4zU?t=271,2026-01-21T17:19:23Z,00:04:31,00:09:29
幸せ,back number,v_mQaHDQ4zU,https://youtu.be/v_mQaHDQ4zU?t=569,2026-01-21T17:19:23Z,00:09:29,00:17:23
いつか,Saucy Dog,v_mQaHDQ4zU,https://youtu.be/v_mQaHDQ4zU?t=1043,2026-01-21T17:19:23Z,00:17:23,00:23:21
怪獣,サカナクション,v_mQaHDQ4zU,https://youtu.be/v_mQaHDQ4zU?t=1401,2026-01-21T17:19:23Z,00:23:21,00:30:28
境界線,amazarashi,v_mQaHDQ4zU,https://youtu.be/v_mQaHDQ4zU?t=1828,2026-01-21T17:19:23Z,00:30:28,00:38:53
花の名,BUMP OF CHICKEN,v_mQaHDQ4zU,https://youtu.be/v_mQaHDQ4zU?t=2333,2026-01-21T17:19:23Z,00:38:53,00:43:53
Calc.,ジミーサムP,afgOTM1XsmM,https://youtu.be/afgOTM1XsmM?t=790,2026-01-22T15:22:39Z,00:13:10,00:17:32
夜明けと蛍,n-buna,afgOTM1XsmM,https://youtu.be/afgOTM1XsmM?t=1052,2026-01-22T15:22:39Z,00:17:32,00:23:25
糸,中島みゆき,afgOTM1XsmM,https://youtu.be/afgOTM1XsmM?t=1405,2026-01-22T15:22:39Z,00:23:25,00:28:00
桜,コブクロ,afgOTM1XsmM,https://youtu.be/afgOTM1XsmM?t=1680,2026-01-22T15:22:39Z,00:28:00,00:35:11
裸の心,あいみょん,afgOTM1XsmM,https://youtu.be/afgOTM1XsmM?t=2111,2026-01-22T15:22:39Z,00:35:11,00:41:21
春泥棒,ヨルシカ,afgOTM1XsmM,https://youtu.be/afgOTM1XsmM?t=2481,2026-01-22T15:22:39Z,00:41:21,01:12:36
ワンルーム叙事詩,amazarashi,afgOTM1XsmM,https://youtu.be/afgOTM1XsmM?t=4356,2026-01-22T15:22:39Z,01:12:36,01:18:45
季節は次々死んでいく,amazarashi,afgOTM1XsmM,https://youtu.be/afgOTM1XsmM?t=4725,2026-01-22T15:22:39Z,01:18:45,01:26:36
Aurora,BUMP OF CHICKEN,afgOTM1XsmM,https://youtu.be/afgOTM1XsmM?t=5196,2026-01-22T15:22:39Z,01:26:36,01:31:36
チョコレイト・ディスコ,Perfume,n2ccpRlBviI,https://youtu.be/n2ccpRlBviI?t=303,2026-01-23T18:05:03Z,00:05:03,00:33:17
ナチュラルに恋して,Perfume,n2ccpRlBviI,https://youtu.be/n2ccpRlBviI?t=1997,2026-01-23T18:05:03Z,00:33:17,00:38:08
VOICE,Perfume,n2ccpRlBviI,https://youtu.be/n2ccpRlBviI?t=2288,2026-01-23T18:05:03Z,00:38:08,00:44:00
NEW KAWAII,FRUITS ZIPPER,n2ccpRlBviI,https://youtu.be/n2ccpRlBviI?t=2640,2026-01-23T18:05:03Z,00:44:00,00:48:39
わたしの一番かわいいところ,FRUITS ZIPPER,n2ccpRlBviI,https://youtu.be/n2ccpRlBviI?t=2919,2026-01-23T18:05:03Z,00:48:39,00:53:16
最上級にかわいいの！,超ときめき♡宣伝部,n2ccpRlBviI,https://youtu.be/n2ccpRlBviI?t=3196,2026-01-23T18:05:03Z,00:53:16,00:56:35
さくらんぼ,大塚愛,n2ccpRlBviI,https://youtu.be/n2ccpRlBviI?t=3395,2026-01-23T18:05:03Z,00:56:35,01:00:41
ヘビーローテーション,AKB48,n2ccpRlBviI,https://youtu.be/n2ccpRlBviI?t=3641,2026-01-23T18:05:03Z,01:00:41,01:05:31
大声ダイヤモンド,AKB48,n2ccpRlBviI,https://youtu.be/n2ccpRlBviI?t=3931,2026-01-23T18:05:03Z,01:05:31,01:09:48
ふわふわ時間,放課後ティータイム,n2ccpRlBviI,https://youtu.be/n2ccpRlBviI?t=4188,2026-01-23T18:05:03Z,01:09:48,01:13:53
恋愛サーキュレーション,千石撫子(花澤香菜),n2ccpRlBviI,https://youtu.be/n2ccpRlBviI?t=4433,2026-01-23T18:05:03Z,01:13:53,01:18:53
ゼロ,BUMP OF CHICKEN,NtNwoc44qMU,https://youtu.be/NtNwoc44qMU?t=963,2026-01-24T16:26:40Z,00:16:03,00:24:52
最後の雨,中西保志,NtNwoc44qMU,https://youtu.be/NtNwoc44qMU?t=1492,2026-01-24T16:26:40Z,00:24:52,00:30:25
なんでもないや,RADWIMPS,NtNwoc44qMU,https://youtu.be/NtNwoc44qMU?t=1825,2026-01-24T16:26:40Z,00:30:25,00:37:01
オッドアイ,さユり,NtNwoc44qMU,https://youtu.be/NtNwoc44qMU?t=2221,2026-01-24T16:26:40Z,00:37:01,00:42:54
晩餐歌,tuki.,NtNwoc44qMU,https://youtu.be/NtNwoc44qMU?t=2574,2026-01-24T16:26:40Z,00:42:54,00:47:19
夜行,ヨルシカ,NtNwoc44qMU,https://youtu.be/NtNwoc44qMU?t=2839,2026-01-24T16:26:40Z,00:47:19,00:52:15
だから僕は音楽を辞めた,ヨルシカ,NtNwoc44qMU,https://youtu.be/NtNwoc44qMU?t=3135,2026-01-24T16:26:40Z,00:52:15,00:59:01
ホリデイ,BUMP OF CHICKEN,NtNwoc44qMU,https://youtu.be/NtNwoc44qMU?t=3541,2026-01-24T16:26:40Z,00:59:01,01:03:31
風に流離い,amazarashi,NtNwoc44qMU,https://youtu.be/NtNwoc44qMU?t=3811,2026-01-24T16:26:40Z,01:03:31,01:08:00
性善説,amazarashi,NtNwoc44qMU,https://youtu.be/NtNwoc44qMU?t=4080,2026-01-24T16:26:40Z,01:08:00,01:16:03
くせのうた,星野源,NtNwoc44qMU,https://youtu.be/NtNwoc44qMU?t=4563,2026-01-24T16:26:40Z,01:16:03,01:20:38
くだらないの中に,星野源,NtNwoc44qMU,https://youtu.be/NtNwoc44qMU?t=4838,2026-01-24T16:26:40Z,01:20:38,01:25:36
丸の内サディスティック,椎名林檎,NtNwoc44qMU,https://youtu.be/NtNwoc44qMU?t=5136,2026-01-24T16:26:40Z,01:25:36,01:29:29
この夜を止めてよ,JUJU,NtNwoc44qMU,https://youtu.be/NtNwoc44qMU?t=5369,2026-01-24T16:26:40Z,01:29:29,01:35:48
ミカヅキ,さユり,NtNwoc44qMU,https://youtu.be/NtNwoc44qMU?t=5748,2026-01-24T16:26:40Z,01:35:48,01:41:54
雨とカプチーノ,ヨルシカ,NtNwoc44qMU,https://youtu.be/NtNwoc44qMU?t=6114,2026-01-24T16:26:40Z,01:41:54,01:46:54
マリーゴールド,あいみょん,q_8i0_UDoHE,https://youtu.be/q_8i0_UDoHE?t=301,2026-01-25T09:23:28Z,00:05:01,00:12:48
チェリー,スピッツ,q_8i0_UDoHE,https://youtu.be/q_8i0_UDoHE?t=768,2026-01-25T09:23:28Z,00:12:48,00:17:18
キセキ,GReeeeN,q_8i0_UDoHE,https://youtu.be/q_8i0_UDoHE?t=1038,2026-01-25T09:23:28Z,00:17:18,00:22:00
斜陽,ヨルシカ,q_8i0_UDoHE,https://youtu.be/q_8i0_UDoHE?t=1320,2026-01-25T09:23:28Z,00:22:00,00:25:59
青のすみか,キタニタツヤ,q_8i0_UDoHE,https://youtu.be/q_8i0_UDoHE?t=1559,2026-01-25T09:23:28Z,00:25:59,00:29:25
ずうっといっしょ！,キタニタツヤ,q_8i0_UDoHE,https://youtu.be/q_8i0_UDoHE?t=1765,2026-01-25T09:23:28Z,00:29:25,00:33:05
さよならはエモーション,サカナクション,q_8i0_UDoHE,https://youtu.be/q_8i0_UDoHE?t=1985,2026-01-25T09:23:28Z,00:33:05,00:37:37
怪獣,サカナクション,q_8i0_UDoHE,https://youtu.be/q_8i0_UDoHE?t=2257,2026-01-25T09:23:28Z,00:37:37,00:42:03
W/X/Y,Tani Yuuki,q_8i0_UDoHE,https://youtu.be/q_8i0_UDoHE?t=2523,2026-01-25T09:23:28Z,00:42:03,00:47:21
炎,LiSA,q_8i0_UDoHE,https://youtu.be/q_8i0_UDoHE?t=2841,2026-01-25T09:23:28Z,00:47:21,00:51:56
インフェルノ,Mrs. GREEN APPLE,q_8i0_UDoHE,https://youtu.be/q_8i0_UDoHE?t=3116,2026-01-25T09:23:28Z,00:51:56,00:55:52
サウダージ,ポルノグラフィティ,q_8i0_UDoHE,https://youtu.be/q_8i0_UDoHE?t=3352,2026-01-25T09:23:28Z,00:55:52,01:00:21
アイネクライネ,米津玄師,q_8i0_UDoHE,https://youtu.be/q_8i0_UDoHE?t=3621,2026-01-25T09:23:28Z,01:00:21,01:05:34
メランコリーキッチン,米津玄師,q_8i0_UDoHE,https://youtu.be/q_8i0_UDoHE?t=3934,2026-01-25T09:23:28Z,01:05:34,01:09:28
花に嵐,米津玄師,q_8i0_UDoHE,https://youtu.be/q_8i0_UDoHE?t=4168,2026-01-25T09:23:28Z,01:09:28,01:14:28
天体観測,BUMP OF CHICKEN,4Bl2ph0HqCQ,https://youtu.be/4Bl2ph0HqCQ?t=301,2026-01-27T15:20:04Z,00:05:01,00:09:28
青のすみか,キタニタツヤ,4Bl2ph0HqCQ,https://youtu.be/4Bl2ph0HqCQ?t=568,2026-01-27T15:20:04Z,00:09:28,00:12:55
季節は次々死んでいく,amazarashi,4Bl2ph0HqCQ,https://youtu.be/4Bl2ph0HqCQ?t=775,2026-01-27T15:20:04Z,00:12:55,00:54:09
トレモロ,RADWIMPS,4Bl2ph0HqCQ,https://youtu.be/4Bl2ph0HqCQ?t=3249,2026-01-27T15:20:04Z,00:54:09,00:57:30
若者のすべて,フジファブリック,4Bl2ph0HqCQ,https://youtu.be/4Bl2ph0HqCQ?t=3450,2026-01-27T15:20:04Z,00:57:30,01:02:32
世界の秘密,さユり,4Bl2ph0HqCQ,https://youtu.be/4Bl2ph0HqCQ?t=3752,2026-01-27T15:20:04Z,01:02:32,01:08:55
Flare,BUMP OF CHICKEN,4Bl2ph0HqCQ,https://youtu.be/4Bl2ph0HqCQ?t=4135,2026-01-27T15:20:04Z,01:08:55,01:13:59
ロストマン,BUMP OF CHICKEN,4Bl2ph0HqCQ,https://youtu.be/4Bl2ph0HqCQ?t=4439,2026-01-27T15:20:04Z,01:13:59,01:20:18
サザンクロス,BUMP OF CHICKEN,4Bl2ph0HqCQ,https://youtu.be/4Bl2ph0HqCQ?t=4818,2026-01-27T15:20:04Z,01:20:18,01:24:35
ray,BUMP OF CHICKEN,4Bl2ph0HqCQ,https://youtu.be/4Bl2ph0HqCQ?t=5075,2026-01-27T15:20:04Z,01:24:35,01:29:35
I LOVE YOU,尾崎豊,kP3NHDa542o,https://youtu.be/kP3NHDa542o?t=1325,2026-01-29T16:39:24Z,00:22:05,00:27:17
三日月,絢香,kP3NHDa542o,https://youtu.be/kP3NHDa542o?t=1637,2026-01-29T16:39:24Z,00:27:17,00:33:23
靴の花火,ヨルシカ,kP3NHDa542o,https://youtu.be/kP3NHDa542o?t=2003,2026-01-29T16:39:24Z,00:33:23,00:40:03
ワールド・ランプシェード,buzzG,kP3NHDa542o,https://youtu.be/kP3NHDa542o?t=2403,2026-01-29T16:39:24Z,00:40:03,00:45:34
流星,コブクロ,kP3NHDa542o,https://youtu.be/kP3NHDa542o?t=2734,2026-01-29T16:39:24Z,00:45:34,00:53:07
雪の華,中島美嘉,kP3NHDa542o,https://youtu.be/kP3NHDa542o?t=3187,2026-01-29T16:39:24Z,00:53:07,01:11:24
サマータイムレコード,じん,kP3NHDa542o,https://youtu.be/kP3NHDa542o?t=4284,2026-01-29T16:39:24Z,01:11:24,01:20:25
ゼロ,BUMP OF CHICKEN,kP3NHDa542o,https://youtu.be/kP3NHDa542o?t=4825,2026-01-29T16:39:24Z,01:20:25,01:28:19
HAPPY,BUMP OF CHICKEN,kP3NHDa542o,https://youtu.be/kP3NHDa542o?t=5299,2026-01-29T16:39:24Z,01:28:19,01:33:19
God knows...,涼宮ハルヒ(平野綾),ULDLQvKFVe8,https://youtu.be/ULDLQvKFVe8?t=304,2026-01-30T16:11:33Z,00:05:04,00:09:45
晴る,ヨルシカ,ULDLQvKFVe8,https://youtu.be/ULDLQvKFVe8?t=585,2026-01-30T16:11:33Z,00:09:45,00:14:18
前前前世,RADWIMPS,ULDLQvKFVe8,https://youtu.be/ULDLQvKFVe8?t=858,2026-01-30T16:11:33Z,00:14:18,00:19:02
リライト,ASIAN KUNG-FU GENERATION,ULDLQvKFVe8,https://youtu.be/ULDLQvKFVe8?t=1142,2026-01-30T16:11:33Z,00:19:02,00:22:59
新宝島,サカナクション,ULDLQvKFVe8,https://youtu.be/ULDLQvKFVe8?t=1379,2026-01-30T16:11:33Z,00:22:59,00:28:02
天体観測,BUMP OF CHICKEN,ULDLQvKFVe8,https://youtu.be/ULDLQvKFVe8?t=1682,2026-01-30T16:11:33Z,00:28:02,00:32:26
カルマ,BUMP OF CHICKEN,ULDLQvKFVe8,https://youtu.be/ULDLQvKFVe8?t=1946,2026-01-30T16:11:33Z,00:32:26,00:36:03
空に歌えば,amazarashi,ULDLQvKFVe8,https://youtu.be/ULDLQvKFVe8?t=2163,2026-01-30T16:11:33Z,00:36:03,00:39:48
航海の唄,さユり,ULDLQvKFVe8,https://youtu.be/ULDLQvKFVe8?t=2388,2026-01-30T16:11:33Z,00:39:48,00:44:40
花の塔,さユり,ULDLQvKFVe8,https://youtu.be/ULDLQvKFVe8?t=2680,2026-01-30T16:11:33Z,00:44:40,00:50:48
unravel,TK from 凛として時雨,ULDLQvKFVe8,https://youtu.be/ULDLQvKFVe8?t=3048,2026-01-30T16:11:33Z,00:50:48,00:54:57
シルエット,KANA-BOON,ULDLQvKFVe8,https://youtu.be/ULDLQvKFVe8?t=3297,2026-01-30T16:11:33Z,00:54:57,00:59:01
again,YUI,ULDLQvKFVe8,https://youtu.be/ULDLQvKFVe8?t=3541,2026-01-30T16:11:33Z,00:59:01,01:03:17
ブルーバード,いきものがかり,ULDLQvKFVe8,https://youtu.be/ULDLQvKFVe8?t=3797,2026-01-30T16:11:33Z,01:03:17,01:07:09
サムライハート(Some Like It Hot!!),SPYAIR,ULDLQvKFVe8,https://youtu.be/ULDLQvKFVe8?t=4029,2026-01-30T16:11:33Z,01:07:09,01:10:30
サウダージ,ポルノグラフィティ,ULDLQvKFVe8,https://youtu.be/ULDLQvKFVe8?t=4230,2026-01-30T16:11:33Z,01:10:30,01:14:42
夜に駆ける,YOASOBI,ULDLQvKFVe8,https://youtu.be/ULDLQvKFVe8?t=4482,2026-01-30T16:11:33Z,01:14:42,01:19:23
紅蓮華,LiSA,ULDLQvKFVe8,https://youtu.be/ULDLQvKFVe8?t=4763,2026-01-30T16:11:33Z,01:19:23,01:23:33
青のすみか,キタニタツヤ,ULDLQvKFVe8,https://youtu.be/ULDLQvKFVe8?t=5013,2026-01-30T16:11:33Z,01:23:33,01:26:58
季節は次々死んでいく,amazarashi,ULDLQvKFVe8,https://youtu.be/ULDLQvKFVe8?t=5218,2026-01-30T16:11:33Z,01:26:58,01:32:55
怪獣の花唄,Vaundy,ULDLQvKFVe8,https://youtu.be/ULDLQvKFVe8?t=5575,2026-01-30T16:11:33Z,01:32:55,01:37:55
雨とカプチーノ,ヨルシカ,62QEUlt_ddI,https://youtu.be/62QEUlt_ddI?t=480,2026-01-31T14:41:55Z,00:08:00,00:13:12
怪獣,サカナクション,62QEUlt_ddI,https://youtu.be/62QEUlt_ddI?t=792,2026-01-31T14:41:55Z,00:13:12,00:25:14
アメヲマツ、,美波,62QEUlt_ddI,https://youtu.be/62QEUlt_ddI?t=1514,2026-01-31T14:41:55Z,00:25:14,00:41:23
カルマ,BUMP OF CHICKEN,62QEUlt_ddI,https://youtu.be/62QEUlt_ddI?t=2483,2026-01-31T14:41:55Z,00:41:23,01:00:20
二時間だけのバカンス,宇多田ヒカル,62QEUlt_ddI,https://youtu.be/62QEUlt_ddI?t=3620,2026-01-31T14:41:55Z,01:00:20,01:12:42
ぐるぐる,ミナミイズミ,62QEUlt_ddI,https://youtu.be/62QEUlt_ddI?t=4362,2026-01-31T14:41:55Z,01:12:42,01:17:42
CHE.R.RY,YUI,fJc30ZMzn1I,https://youtu.be/fJc30ZMzn1I?t=307,2026-02-01T08:36:10Z,00:05:07,00:09:07
会いたくて 会いたくて,西野カナ,fJc30ZMzn1I,https://youtu.be/fJc30ZMzn1I?t=547,2026-02-01T08:36:10Z,00:09:07,00:14:39
手紙 ～拝啓 十五の君へ～,アンジェラ・アキ,fJc30ZMzn1I,https://youtu.be/fJc30ZMzn1I?t=879,2026-02-01T08:36:10Z,00:14:39,00:20:37
月虹,BUMP OF CHICKEN,fJc30ZMzn1I,https://youtu.be/fJc30ZMzn1I?t=1237,2026-02-01T08:36:10Z,00:20:37,00:25:49
八月、某、月明かり,ヨルシカ,fJc30ZMzn1I,https://youtu.be/fJc30ZMzn1I?t=1549,2026-02-01T08:36:10Z,00:25:49,00:30:33
Believe,Folder5,fJc30ZMzn1I,https://youtu.be/fJc30ZMzn1I?t=1833,2026-02-01T08:36:10Z,00:30:33,00:34:26
さよならエレジー,菅田将暉,fJc30ZMzn1I,https://youtu.be/fJc30ZMzn1I?t=2066,2026-02-01T08:36:10Z,00:34:26,00:39:03
Wherever you are,ONE OK ROCK,fJc30ZMzn1I,https://youtu.be/fJc30ZMzn1I?t=2343,2026-02-01T08:36:10Z,00:39:03,00:45:10
ヒロイン,back number,fJc30ZMzn1I,https://youtu.be/fJc30ZMzn1I?t=2710,2026-02-01T08:36:10Z,00:45:10,00:50:41
粉雪,レミオロメン,fJc30ZMzn1I,https://youtu.be/fJc30ZMzn1I?t=3041,2026-02-01T08:36:10Z,00:50:41,01:00:47
わたしの一番かわいいところ,FRUITS ZIPPER,fJc30ZMzn1I,https://youtu.be/fJc30ZMzn1I?t=3647,2026-02-01T08:36:10Z,01:00:47,01:05:09
NEW KAWAII,FRUITS ZIPPER,fJc30ZMzn1I,https://youtu.be/fJc30ZMzn1I?t=3909,2026-02-01T08:36:10Z,01:05:09,01:10:09
やさしさに包まれたなら,松任谷由実,t8PexGHReAs,https://youtu.be/t8PexGHReAs?t=476,2026-02-02T16:18:57Z,00:07:56,00:18:07
へび,ヨルシカ,t8PexGHReAs,https://youtu.be/t8PexGHReAs?t=1087,2026-02-02T16:18:57Z,00:18:07,00:23:25
やさしいキスをして,DREAMS COME TRUE,t8PexGHReAs,https://youtu.be/t8PexGHReAs?t=1405,2026-02-02T16:18:57Z,00:23:25,00:28:28
楓,スピッツ,t8PexGHReAs,https://youtu.be/t8PexGHReAs?t=1708,2026-02-02T16:18:57Z,00:28:28,00:36:34
ひとりごと,BUMP OF CHICKEN,t8PexGHReAs,https://youtu.be/t8PexGHReAs?t=2194,2026-02-02T16:18:57Z,00:36:34,00:42:39
Small world,BUMP OF CHICKEN,t8PexGHReAs,https://youtu.be/t8PexGHReAs?t=2559,2026-02-02T16:18:57Z,00:42:39,00:50:34
Flare,BUMP OF CHICKEN,t8PexGHReAs,https://youtu.be/t8PexGHReAs?t=3034,2026-02-02T16:18:57Z,00:50:34,01:00:23
プレゼント,BUMP OF CHICKEN,t8PexGHReAs,https://youtu.be/t8PexGHReAs?t=3623,2026-02-02T16:18:57Z,01:00:23,01:09:32
憂、燦々,クリープハイプ,t8PexGHReAs,https://youtu.be/t8PexGHReAs?t=4172,2026-02-02T16:18:57Z,01:09:32,01:15:55
だから僕は音楽を辞めた,ヨルシカ,t8PexGHReAs,https://youtu.be/t8PexGHReAs?t=4555,2026-02-02T16:18:57Z,01:15:55,01:22:30
strawberry,BUMP OF CHICKEN,t8PexGHReAs,https://youtu.be/t8PexGHReAs?t=4950,2026-02-02T16:18:57Z,01:22:30,01:31:42
変わらないもの,奥華子,t8PexGHReAs,https://youtu.be/t8PexGHReAs?t=5502,2026-02-02T16:18:57Z,01:31:42,01:37:51
鱗（うろこ）,秦基博,t8PexGHReAs,https://youtu.be/t8PexGHReAs?t=5871,2026-02-02T16:18:57Z,01:37:51,01:43:42
水平線,back number,t8PexGHReAs,https://youtu.be/t8PexGHReAs?t=6222,2026-02-02T16:18:57Z,01:43:42,01:49:19
波に名前をつけること、僕らの呼吸に終わりがあること。,キタニタツヤ(こんにちは谷田さん),t8PexGHReAs,https://youtu.be/t8PexGHReAs?t=6559,2026-02-02T16:18:57Z,01:49:19,01:55:25
栄光の架橋,ゆず,t8PexGHReAs,https://youtu.be/t8PexGHReAs?t=6925,2026-02-02T16:18:57Z,01:55:25,02:00:25
ただ君に晴れ,ヨルシカ,WFLmSQIMptw,https://youtu.be/WFLmSQIMptw?t=347,2026-02-03T10:35:21Z,00:05:47,00:12:36
晴る,ヨルシカ,WFLmSQIMptw,https://youtu.be/WFLmSQIMptw?t=756,2026-02-03T10:35:21Z,00:12:36,00:17:14
斜陽,ヨルシカ,WFLmSQIMptw,https://youtu.be/WFLmSQIMptw?t=1034,2026-02-03T10:35:21Z,00:17:14,00:23:08
おやすみ泣き声、さよなら歌姫,クリープハイプ,WFLmSQIMptw,https://youtu.be/WFLmSQIMptw?t=1388,2026-02-03T10:35:21Z,00:23:08,00:27:12
栞,クリープハイプ,WFLmSQIMptw,https://youtu.be/WFLmSQIMptw?t=1632,2026-02-03T10:35:21Z,00:27:12,00:32:16
愛の標識,クリープハイプ,WFLmSQIMptw,https://youtu.be/WFLmSQIMptw?t=1936,2026-02-03T10:35:21Z,00:32:16,00:35:27
アボカド,yonige,WFLmSQIMptw,https://youtu.be/WFLmSQIMptw?t=2127,2026-02-03T10:35:21Z,00:35:27,00:39:35
さよならアイデンティティー,yonige,WFLmSQIMptw,https://youtu.be/WFLmSQIMptw?t=2375,2026-02-03T10:35:21Z,00:39:35,00:45:00
リッケンバッカー,リーガルリリー,WFLmSQIMptw,https://youtu.be/WFLmSQIMptw?t=2700,2026-02-03T10:35:21Z,00:45:00,00:49:58
インフェルノ,Mrs. GREEN APPLE,WFLmSQIMptw,https://youtu.be/WFLmSQIMptw?t=2998,2026-02-03T10:35:21Z,00:49:58,00:54:15
心という名の不可解,Ado,WFLmSQIMptw,https://youtu.be/WFLmSQIMptw?t=3255,2026-02-03T10:35:21Z,00:54:15,00:58:56
うっせぇわ,Ado,WFLmSQIMptw,https://youtu.be/WFLmSQIMptw?t=3536,2026-02-03T10:35:21Z,00:58:56,01:02:40
新時代,Ado,WFLmSQIMptw,https://youtu.be/WFLmSQIMptw?t=3760,2026-02-03T10:35:21Z,01:02:40,01:07:00
ウィーアー！,きただにひろし,WFLmSQIMptw,https://youtu.be/WFLmSQIMptw?t=4020,2026-02-03T10:35:21Z,01:07:00,01:11:11
ココロのちず,BOYSTYLE,WFLmSQIMptw,https://youtu.be/WFLmSQIMptw?t=4271,2026-02-03T10:35:21Z,01:11:11,01:16:11
チワワになりたい,ミナミイズミ,n2C2nCVlgOc,https://youtu.be/n2C2nCVlgOc?t=655,2026-02-04T15:58:23Z,00:10:55,00:18:14
良かった,ミナミイズミ,n2C2nCVlgOc,https://youtu.be/n2C2nCVlgOc?t=1094,2026-02-04T15:58:23Z,00:18:14,00:29:40
ゼロに戻して,ミナミイズミ,n2C2nCVlgOc,https://youtu.be/n2C2nCVlgOc?t=1780,2026-02-04T15:58:23Z,00:29:40,00:36:56
青色の幻,ミナミイズミ,n2C2nCVlgOc,https://youtu.be/n2C2nCVlgOc?t=2216,2026-02-04T15:58:23Z,00:36:56,00:40:56
幻に酔っ払って,ミナミイズミ,n2C2nCVlgOc,https://youtu.be/n2C2nCVlgOc?t=2456,2026-02-04T15:58:23Z,00:40:56,00:48:18
ちいさな革命,ミナミイズミ,n2C2nCVlgOc,https://youtu.be/n2C2nCVlgOc?t=2898,2026-02-04T15:58:23Z,00:48:18,01:06:03
Break through,ミナミイズミ,n2C2nCVlgOc,https://youtu.be/n2C2nCVlgOc?t=3963,2026-02-04T15:58:23Z,01:06:03,01:10:20
結晶,ミナミイズミ,n2C2nCVlgOc,https://youtu.be/n2C2nCVlgOc?t=4220,2026-02-04T15:58:23Z,01:10:20,01:15:20
大声ダイヤモンド,AKB48,F4fhxy5cWag,https://youtu.be/F4fhxy5cWag?t=448,2026-02-05T14:51:17Z,00:07:28,00:18:06
God knows...,涼宮ハルヒ(平野綾),F4fhxy5cWag,https://youtu.be/F4fhxy5cWag?t=1086,2026-02-05T14:51:17Z,00:18:06,00:23:28
千本桜,黒うさP,F4fhxy5cWag,https://youtu.be/F4fhxy5cWag?t=1408,2026-02-05T14:51:17Z,00:23:28,00:27:36
花の塔,さユり,F4fhxy5cWag,https://youtu.be/F4fhxy5cWag?t=1656,2026-02-05T14:51:17Z,00:27:36,00:32:50
ミカヅキ,さユり,F4fhxy5cWag,https://youtu.be/F4fhxy5cWag?t=1970,2026-02-05T14:51:17Z,00:32:50,00:38:14
航海の唄,さユり,F4fhxy5cWag,https://youtu.be/F4fhxy5cWag?t=2294,2026-02-05T14:51:17Z,00:38:14,00:43:22
平行線,さユり,F4fhxy5cWag,https://youtu.be/F4fhxy5cWag?t=2602,2026-02-05T14:51:17Z,00:43:22,00:49:17
ハナミズキ,一青窈,F4fhxy5cWag,https://youtu.be/F4fhxy5cWag?t=2957,2026-02-05T14:51:17Z,00:49:17,00:55:16
天体観測,BUMP OF CHICKEN,F4fhxy5cWag,https://youtu.be/F4fhxy5cWag?t=3316,2026-02-05T14:51:17Z,00:55:16,01:18:35
ぐるぐる,ミナミイズミ,F4fhxy5cWag,https://youtu.be/F4fhxy5cWag?t=4715,2026-02-05T14:51:17Z,01:18:35,01:23:35
怪獣,サカナクション,BjWtbwJBMR0,https://youtu.be/BjWtbwJBMR0?t=305,2026-02-08T08:14:05Z,00:05:05,00:09:30
忘れられないの,サカナクション,BjWtbwJBMR0,https://youtu.be/BjWtbwJBMR0?t=570,2026-02-08T08:14:05Z,00:09:30,00:13:35
さよならはエモーション,サカナクション,BjWtbwJBMR0,https://youtu.be/BjWtbwJBMR0?t=815,2026-02-08T08:14:05Z,00:13:35,00:18:03
カタオモイ,Aimer,BjWtbwJBMR0,https://youtu.be/BjWtbwJBMR0?t=1083,2026-02-08T08:14:05Z,00:18:03,00:21:54
今夜このまま,あいみょん,BjWtbwJBMR0,https://youtu.be/BjWtbwJBMR0?t=1314,2026-02-08T08:14:05Z,00:21:54,00:26:05
火星人,ヨルシカ,BjWtbwJBMR0,https://youtu.be/BjWtbwJBMR0?t=1565,2026-02-08T08:14:05Z,00:26:05,00:30:15
夜紛い,ヨルシカ,BjWtbwJBMR0,https://youtu.be/BjWtbwJBMR0?t=1815,2026-02-08T08:14:05Z,00:30:15,00:34:01
藍二乗,ヨルシカ,BjWtbwJBMR0,https://youtu.be/BjWtbwJBMR0?t=2041,2026-02-08T08:14:05Z,00:34:01,00:38:21
青のすみか,キタニタツヤ,BjWtbwJBMR0,https://youtu.be/BjWtbwJBMR0?t=2301,2026-02-08T08:14:05Z,00:38:21,00:41:43
ずうっといっしょ！,キタニタツヤ,BjWtbwJBMR0,https://youtu.be/BjWtbwJBMR0?t=2503,2026-02-08T08:14:05Z,00:41:43,00:44:59
ロミオとシンデレラ,doriko,BjWtbwJBMR0,https://youtu.be/BjWtbwJBMR0?t=2699,2026-02-08T08:14:05Z,00:44:59,00:49:56
夜咄ディセイブ,じん,BjWtbwJBMR0,https://youtu.be/BjWtbwJBMR0?t=2996,2026-02-08T08:14:05Z,00:49:56,00:53:22
MAD HEAD LOVE,米津玄師,BjWtbwJBMR0,https://youtu.be/BjWtbwJBMR0?t=3202,2026-02-08T08:14:05Z,00:53:22,00:57:10
マトリョシカ,ハチ,BjWtbwJBMR0,https://youtu.be/BjWtbwJBMR0?t=3430,2026-02-08T08:14:05Z,00:57:10,01:00:38
パンダヒーロー,ハチ,BjWtbwJBMR0,https://youtu.be/BjWtbwJBMR0?t=3638,2026-02-08T08:14:05Z,01:00:38,01:04:55
ルカルカ★ナイトフィーバー,samfree,BjWtbwJBMR0,https://youtu.be/BjWtbwJBMR0?t=3895,2026-02-08T08:14:05Z,01:04:55,01:09:13
ray,BUMP OF CHICKEN,BjWtbwJBMR0,https://youtu.be/BjWtbwJBMR0?t=4153,2026-02-08T08:14:05Z,01:09:13,01:14:24
SOUVENIR,BUMP OF CHICKEN,BjWtbwJBMR0,https://youtu.be/BjWtbwJBMR0?t=4464,2026-02-08T08:14:05Z,01:14:24,01:18:56
アカシア,BUMP OF CHICKEN,BjWtbwJBMR0,https://youtu.be/BjWtbwJBMR0?t=4736,2026-02-08T08:14:05Z,01:18:56,01:23:19
天体観測,BUMP OF CHICKEN,BjWtbwJBMR0,https://youtu.be/BjWtbwJBMR0?t=4999,2026-02-08T08:14:05Z,01:23:19,01:27:56
カルマ,BUMP OF CHICKEN,BjWtbwJBMR0,https://youtu.be/BjWtbwJBMR0?t=5276,2026-02-08T08:14:05Z,01:27:56,01:31:35
GO,BUMP OF CHICKEN,BjWtbwJBMR0,https://youtu.be/BjWtbwJBMR0?t=5495,2026-02-08T08:14:05Z,01:31:35,01:36:35
GO,BUMP OF CHICKEN,bTLgf9izWLI,https://youtu.be/bTLgf9izWLI?t=2076,2026-02-10T16:45:52Z,00:34:36,00:40:51
天体観測,BUMP OF CHICKEN,bTLgf9izWLI,https://youtu.be/bTLgf9izWLI?t=2451,2026-02-10T16:45:52Z,00:40:51,00:45:21
ray,BUMP OF CHICKEN,bTLgf9izWLI,https://youtu.be/bTLgf9izWLI?t=2721,2026-02-10T16:45:52Z,00:45:21,00:51:08
宇宙飛行士への手紙,BUMP OF CHICKEN,bTLgf9izWLI,https://youtu.be/bTLgf9izWLI?t=3068,2026-02-10T16:45:52Z,00:51:08,00:57:02
Ever lasting lie,BUMP OF CHICKEN,bTLgf9izWLI,https://youtu.be/bTLgf9izWLI?t=3422,2026-02-10T16:45:52Z,00:57:02,01:04:15
記念撮影,BUMP OF CHICKEN,bTLgf9izWLI,https://youtu.be/bTLgf9izWLI?t=3855,2026-02-10T16:45:52Z,01:04:15,01:18:23
pinkie,BUMP OF CHICKEN,bTLgf9izWLI,https://youtu.be/bTLgf9izWLI?t=4703,2026-02-10T16:45:52Z,01:18:23,01:25:07
花の名,BUMP OF CHICKEN,bTLgf9izWLI,https://youtu.be/bTLgf9izWLI?t=5107,2026-02-10T16:45:52Z,01:25:07,01:32:08
涙のふるさと,BUMP OF CHICKEN,bTLgf9izWLI,https://youtu.be/bTLgf9izWLI?t=5528,2026-02-10T16:45:52Z,01:32:08,01:37:31
You were here,BUMP OF CHICKEN,bTLgf9izWLI,https://youtu.be/bTLgf9izWLI?t=5851,2026-02-10T16:45:52Z,01:37:31,02:18:25
アンサー,BUMP OF CHICKEN,bTLgf9izWLI,https://youtu.be/bTLgf9izWLI?t=8305,2026-02-10T16:45:52Z,02:18:25,02:24:33
分別奮闘記,BUMP OF CHICKEN,bTLgf9izWLI,https://youtu.be/bTLgf9izWLI?t=8673,2026-02-10T16:45:52Z,02:24:33,02:29:20
宝石になった日,BUMP OF CHICKEN,bTLgf9izWLI,https://youtu.be/bTLgf9izWLI?t=8960,2026-02-10T16:45:52Z,02:29:20,02:34:38
虹を待つ人,BUMP OF CHICKEN,bTLgf9izWLI,https://youtu.be/bTLgf9izWLI?t=9278,2026-02-10T16:45:52Z,02:34:38,02:39:22
fire sign,BUMP OF CHICKEN,bTLgf9izWLI,https://youtu.be/bTLgf9izWLI?t=9562,2026-02-10T16:45:52Z,02:39:22,02:45:40
リボン,BUMP OF CHICKEN,bTLgf9izWLI,https://youtu.be/bTLgf9izWLI?t=9940,2026-02-10T16:45:52Z,02:45:40,02:51:09
ガラスのブルース,BUMP OF CHICKEN,bTLgf9izWLI,https://youtu.be/bTLgf9izWLI?t=10269,2026-02-10T16:45:52Z,02:51:09,02:58:21
流星群,BUMP OF CHICKEN,bTLgf9izWLI,https://youtu.be/bTLgf9izWLI?t=10701,2026-02-10T16:45:52Z,02:58:21,03:07:47
Spica,BUMP OF CHICKEN,bTLgf9izWLI,https://youtu.be/bTLgf9izWLI?t=11267,2026-02-10T16:45:52Z,03:07:47,03:12:47
東京賛歌,BUMP OF CHICKEN,6mTAr79ArrI,https://youtu.be/6mTAr79ArrI?t=441,2026-02-12T15:55:23Z,00:07:21,00:13:58
voyager,BUMP OF CHICKEN,6mTAr79ArrI,https://youtu.be/6mTAr79ArrI?t=838,2026-02-12T15:55:23Z,00:13:58,00:17:25
レム,BUMP OF CHICKEN,6mTAr79ArrI,https://youtu.be/6mTAr79ArrI?t=1045,2026-02-12T15:55:23Z,00:17:25,00:23:45
GO,BUMP OF CHICKEN,6mTAr79ArrI,https://youtu.be/6mTAr79ArrI?t=1425,2026-02-12T15:55:23Z,00:23:45,00:31:31
花の名,BUMP OF CHICKEN,6mTAr79ArrI,https://youtu.be/6mTAr79ArrI?t=1891,2026-02-12T15:55:23Z,00:31:31,00:39:02
アカシア,BUMP OF CHICKEN,6mTAr79ArrI,https://youtu.be/6mTAr79ArrI?t=2342,2026-02-12T15:55:23Z,00:39:02,00:44:25
車輪の唄,BUMP OF CHICKEN,6mTAr79ArrI,https://youtu.be/6mTAr79ArrI?t=2665,2026-02-12T15:55:23Z,00:44:25,00:49:54
embrace,BUMP OF CHICKEN,6mTAr79ArrI,https://youtu.be/6mTAr79ArrI?t=2994,2026-02-12T15:55:23Z,00:49:54,00:56:34
グングニル,BUMP OF CHICKEN,6mTAr79ArrI,https://youtu.be/6mTAr79ArrI?t=3394,2026-02-12T15:55:23Z,00:56:34,01:02:02
ゼロ,BUMP OF CHICKEN,6mTAr79ArrI,https://youtu.be/6mTAr79ArrI?t=3722,2026-02-12T15:55:23Z,01:02:02,01:10:20
(please)forgive,BUMP OF CHICKEN,6mTAr79ArrI,https://youtu.be/6mTAr79ArrI?t=4220,2026-02-12T15:55:23Z,01:10:20,01:16:52
パレード,BUMP OF CHICKEN,6mTAr79ArrI,https://youtu.be/6mTAr79ArrI?t=4612,2026-02-12T15:55:23Z,01:16:52,01:24:08
グロリアスレボリューション,BUMP OF CHICKEN,6mTAr79ArrI,https://youtu.be/6mTAr79ArrI?t=5048,2026-02-12T15:55:23Z,01:24:08,01:31:19
"Hello,world!",BUMP OF CHICKEN,6mTAr79ArrI,https://youtu.be/6mTAr79ArrI?t=5479,2026-02-12T15:55:23Z,01:31:19,01:36:20
記念撮影,BUMP OF CHICKEN,6mTAr79ArrI,https://youtu.be/6mTAr79ArrI?t=5780,2026-02-12T15:55:23Z,01:36:20,01:41:51
arrows,BUMP OF CHICKEN,6mTAr79ArrI,https://youtu.be/6mTAr79ArrI?t=6111,2026-02-12T15:55:23Z,01:41:51,01:51:28
white note,BUMP OF CHICKEN,6mTAr79ArrI,https://youtu.be/6mTAr79ArrI?t=6688,2026-02-12T15:55:23Z,01:51:28,01:56:08
ギルド,BUMP OF CHICKEN,6mTAr79ArrI,https://youtu.be/6mTAr79ArrI?t=6968,2026-02-12T15:55:23Z,01:56:08,02:03:25
銀河鉄道,BUMP OF CHICKEN,6mTAr79ArrI,https://youtu.be/6mTAr79ArrI?t=7405,2026-02-12T15:55:23Z,02:03:25,02:14:08
ray,BUMP OF CHICKEN,6mTAr79ArrI,https://youtu.be/6mTAr79ArrI?t=8048,2026-02-12T15:55:23Z,02:14:08,02:19:08
雨晴るる,ヨルシカ,tv0iCYVhcbc,https://youtu.be/tv0iCYVhcbc?t=1290,2026-02-13T16:02:27Z,00:21:30,00:25:54
雨とカプチーノ,ヨルシカ,tv0iCYVhcbc,https://youtu.be/tv0iCYVhcbc?t=1554,2026-02-13T16:02:27Z,00:25:54,00:31:45
晴る,ヨルシカ,tv0iCYVhcbc,https://youtu.be/tv0iCYVhcbc?t=1905,2026-02-13T16:02:27Z,00:31:45,00:37:55
たばこ,コレサワ,tv0iCYVhcbc,https://youtu.be/tv0iCYVhcbc?t=2275,2026-02-13T16:02:27Z,00:37:55,00:44:51
美しい鰭,スピッツ,tv0iCYVhcbc,https://youtu.be/tv0iCYVhcbc?t=2691,2026-02-13T16:02:27Z,00:44:51,00:48:59
みなと,スピッツ,tv0iCYVhcbc,https://youtu.be/tv0iCYVhcbc?t=2939,2026-02-13T16:02:27Z,00:48:59,00:54:09
青いベンチ,サスケ,tv0iCYVhcbc,https://youtu.be/tv0iCYVhcbc?t=3249,2026-02-13T16:02:27Z,00:54:09,00:59:49
Flavor Of Life,宇多田ヒカル,tv0iCYVhcbc,https://youtu.be/tv0iCYVhcbc?t=3589,2026-02-13T16:02:27Z,00:59:49,01:03:21
First Love,宇多田ヒカル,tv0iCYVhcbc,https://youtu.be/tv0iCYVhcbc?t=3801,2026-02-13T16:02:27Z,01:03:21,01:08:43
光,宇多田ヒカル,tv0iCYVhcbc,https://youtu.be/tv0iCYVhcbc?t=4123,2026-02-13T16:02:27Z,01:08:43,01:18:41
ひまわりの約束,秦基博,tv0iCYVhcbc,https://youtu.be/tv0iCYVhcbc?t=4721,2026-02-13T16:02:27Z,01:18:41,01:24:10
鱗（うろこ）,秦基博,tv0iCYVhcbc,https://youtu.be/tv0iCYVhcbc?t=5050,2026-02-13T16:02:27Z,01:24:10,01:31:20
ハンマーソングと痛みの塔,BUMP OF CHICKEN,tv0iCYVhcbc,https://youtu.be/tv0iCYVhcbc?t=5480,2026-02-13T16:02:27Z,01:31:20,01:38:01
I,BUMP OF CHICKEN,tv0iCYVhcbc,https://youtu.be/tv0iCYVhcbc?t=5881,2026-02-13T16:02:27Z,01:38:01,01:50:41
ギルド,BUMP OF CHICKEN,tv0iCYVhcbc,https://youtu.be/tv0iCYVhcbc?t=6641,2026-02-13T16:02:27Z,01:50:41,02:00:17
トレモロ,RADWIMPS,tv0iCYVhcbc,https://youtu.be/tv0iCYVhcbc?t=7217,2026-02-13T16:02:27Z,02:00:17,02:05:12
晩餐歌,tuki.,tv0iCYVhcbc,https://youtu.be/tv0iCYVhcbc?t=7512,2026-02-13T16:02:27Z,02:05:12,02:13:29
ちよこれいと,さユり,tv0iCYVhcbc,https://youtu.be/tv0iCYVhcbc?t=8009,2026-02-13T16:02:27Z,02:13:29,02:17:09
チョコレイト・ディスコ,Perfume,tv0iCYVhcbc,https://youtu.be/tv0iCYVhcbc?t=8229,2026-02-13T16:02:27Z,02:17:09,02:23:59
弱虫モンブラン,DECO*27,tv0iCYVhcbc,https://youtu.be/tv0iCYVhcbc?t=8639,2026-02-13T16:02:27Z,02:23:59,02:29:56
トリノコシティ,40mP,tv0iCYVhcbc,https://youtu.be/tv0iCYVhcbc?t=8996,2026-02-13T16:02:27Z,02:29:56,02:35:36
ドーナツホール,ハチ,tv0iCYVhcbc,https://youtu.be/tv0iCYVhcbc?t=9336,2026-02-13T16:02:27Z,02:35:36,02:43:38
ぐるぐる,ミナミイズミ,tv0iCYVhcbc,https://youtu.be/tv0iCYVhcbc?t=9818,2026-02-13T16:02:27Z,02:43:38,02:48:38
カルマ,BUMP OF CHICKEN,SslH231V_3E,https://youtu.be/SslH231V_3E?t=708,2026-02-15T08:41:57Z,00:11:48,00:26:16
めざせポケモンマスター,松本梨香,SslH231V_3E,https://youtu.be/SslH231V_3E?t=1576,2026-02-15T08:41:57Z,00:26:16,00:31:28
光と影,ハナレグミ,SslH231V_3E,https://youtu.be/SslH231V_3E?t=1888,2026-02-15T08:41:57Z,00:31:28,00:39:46
世界に一つだけの花,SMAP,SslH231V_3E,https://youtu.be/SslH231V_3E?t=2386,2026-02-15T08:41:57Z,00:39:46,00:46:29
夜空ノムコウ,SMAP,SslH231V_3E,https://youtu.be/SslH231V_3E?t=2789,2026-02-15T08:41:57Z,00:46:29,00:51:35
タッチ,岩崎良美,SslH231V_3E,https://youtu.be/SslH231V_3E?t=3095,2026-02-15T08:41:57Z,00:51:35,00:55:42
unravel,TK from 凛として時雨,SslH231V_3E,https://youtu.be/SslH231V_3E?t=3342,2026-02-15T08:41:57Z,00:55:42,01:01:46
おやすみ泣き声、さよなら歌姫,クリープハイプ,SslH231V_3E,https://youtu.be/SslH231V_3E?t=3706,2026-02-15T08:41:57Z,01:01:46,01:08:17
火まつり,クリープハイプ,SslH231V_3E,https://youtu.be/SslH231V_3E?t=4097,2026-02-15T08:41:57Z,01:08:17,01:12:09
エロ,クリープハイプ,SslH231V_3E,https://youtu.be/SslH231V_3E?t=4329,2026-02-15T08:41:57Z,01:12:09,01:16:19
ABCDC,クリープハイプ,SslH231V_3E,https://youtu.be/SslH231V_3E?t=4579,2026-02-15T08:41:57Z,01:16:19,01:21:01
手と手,クリープハイプ,SslH231V_3E,https://youtu.be/SslH231V_3E?t=4861,2026-02-15T08:41:57Z,01:21:01,01:24:46
栞,クリープハイプ,SslH231V_3E,https://youtu.be/SslH231V_3E?t=5086,2026-02-15T08:41:57Z,01:24:46,01:35:37
パンデミックサドンデス,UNISON SQUARE GARDEN,SslH231V_3E,https://youtu.be/SslH231V_3E?t=5737,2026-02-15T08:41:57Z,01:35:37,01:42:03
"Mock,mock","ミナミイズミ, 朱名, メーメントヴァニタス",SslH231V_3E,https://youtu.be/SslH231V_3E?t=6123,2026-02-15T08:41:57Z,01:42:03,01:47:03
CHE.R.RY,YUI,V5rLrUd1JvQ,https://youtu.be/V5rLrUd1JvQ?t=489,2026-02-16T07:45:34Z,00:08:09,00:11:47
高嶺の花子さん,back number,V5rLrUd1JvQ,https://youtu.be/V5rLrUd1JvQ?t=707,2026-02-16T07:45:34Z,00:11:47,00:16:51
ヒロイン,back number,V5rLrUd1JvQ,https://youtu.be/V5rLrUd1JvQ?t=1011,2026-02-16T07:45:34Z,00:16:51,00:21:30
カタオモイ,Aimer,V5rLrUd1JvQ,https://youtu.be/V5rLrUd1JvQ?t=1290,2026-02-16T07:45:34Z,00:21:30,00:25:09
コイスルオトメ,いきものがかり,V5rLrUd1JvQ,https://youtu.be/V5rLrUd1JvQ?t=1509,2026-02-16T07:45:34Z,00:25:09,00:30:42
ドライフラワー,優里,V5rLrUd1JvQ,https://youtu.be/V5rLrUd1JvQ?t=1842,2026-02-16T07:45:34Z,00:30:42,00:35:34
三日月,絢香,V5rLrUd1JvQ,https://youtu.be/V5rLrUd1JvQ?t=2134,2026-02-16T07:45:34Z,00:35:34,00:40:16
雪の華,中島美嘉,V5rLrUd1JvQ,https://youtu.be/V5rLrUd1JvQ?t=2416,2026-02-16T07:45:34Z,00:40:16,00:46:09
チェリー,スピッツ,V5rLrUd1JvQ,https://youtu.be/V5rLrUd1JvQ?t=2769,2026-02-16T07:45:34Z,00:46:09,00:50:41
恋,星野源,V5rLrUd1JvQ,https://youtu.be/V5rLrUd1JvQ?t=3041,2026-02-16T07:45:34Z,00:50:41,00:55:00
赤いスイートピー,松田聖子,V5rLrUd1JvQ,https://youtu.be/V5rLrUd1JvQ?t=3300,2026-02-16T07:45:34Z,00:55:00,00:58:53
愛をこめて花束を,Superfly,V5rLrUd1JvQ,https://youtu.be/V5rLrUd1JvQ?t=3533,2026-02-16T07:45:34Z,00:58:53,01:04:05
マリーゴールド,あいみょん,V5rLrUd1JvQ,https://youtu.be/V5rLrUd1JvQ?t=3845,2026-02-16T07:45:34Z,01:04:05,01:09:05
Break through,ミナミイズミ,guR8T5LcPBI,https://youtu.be/guR8T5LcPBI?t=1098,2026-02-17T14:18:40Z,00:18:18,00:25:48
ぐるぐる,ミナミイズミ,guR8T5LcPBI,https://youtu.be/guR8T5LcPBI?t=1548,2026-02-17T14:18:40Z,00:25:48,00:33:56
心の残響,ミナミイズミ,guR8T5LcPBI,https://youtu.be/guR8T5LcPBI?t=2036,2026-02-17T14:18:40Z,00:33:56,00:43:13
結晶,ミナミイズミ,guR8T5LcPBI,https://youtu.be/guR8T5LcPBI?t=2593,2026-02-17T14:18:40Z,00:43:13,00:48:13
天体観測,BUMP OF CHICKEN,QkcuhE1DqR0,https://youtu.be/QkcuhE1DqR0?t=1000,2026-02-18T15:10:12Z,00:16:40,00:21:37
I,BUMP OF CHICKEN,QkcuhE1DqR0,https://youtu.be/QkcuhE1DqR0?t=1297,2026-02-18T15:10:12Z,00:21:37,00:25:50
ray,BUMP OF CHICKEN,QkcuhE1DqR0,https://youtu.be/QkcuhE1DqR0?t=1550,2026-02-18T15:10:12Z,00:25:50,00:31:08
ハッピーシンセサイザ,EasyPop,QkcuhE1DqR0,https://youtu.be/QkcuhE1DqR0?t=1868,2026-02-18T15:10:12Z,00:31:08,00:35:06
トリノコシティ,40mP,QkcuhE1DqR0,https://youtu.be/QkcuhE1DqR0?t=2106,2026-02-18T15:10:12Z,00:35:06,00:38:40
vivi,米津玄師,QkcuhE1DqR0,https://youtu.be/QkcuhE1DqR0?t=2320,2026-02-18T15:10:12Z,00:38:40,00:43:21
砂の惑星,ハチ,QkcuhE1DqR0,https://youtu.be/QkcuhE1DqR0?t=2601,2026-02-18T15:10:12Z,00:43:21,00:47:34
アイネクライネ,米津玄師,QkcuhE1DqR0,https://youtu.be/QkcuhE1DqR0?t=2854,2026-02-18T15:10:12Z,00:47:34,00:52:51
季節は次々死んでいく,amazarashi,QkcuhE1DqR0,https://youtu.be/QkcuhE1DqR0?t=3171,2026-02-18T15:10:12Z,00:52:51,00:58:40
境界線,amazarashi,QkcuhE1DqR0,https://youtu.be/QkcuhE1DqR0?t=3520,2026-02-18T15:10:12Z,00:58:40,01:03:46
スターライト,amazarashi,QkcuhE1DqR0,https://youtu.be/QkcuhE1DqR0?t=3826,2026-02-18T15:10:12Z,01:03:46,01:09:07
ミュージック,サカナクション,QkcuhE1DqR0,https://youtu.be/QkcuhE1DqR0?t=4147,2026-02-18T15:10:12Z,01:09:07,01:14:48
プラトー,サカナクション,QkcuhE1DqR0,https://youtu.be/QkcuhE1DqR0?t=4488,2026-02-18T15:10:12Z,01:14:48,01:21:05
怪獣,サカナクション,QkcuhE1DqR0,https://youtu.be/QkcuhE1DqR0?t=4865,2026-02-18T15:10:12Z,01:21:05,01:25:29
晴る,ヨルシカ,QkcuhE1DqR0,https://youtu.be/QkcuhE1DqR0?t=5129,2026-02-18T15:10:12Z,01:25:29,01:30:09
アポリア,ヨルシカ,QkcuhE1DqR0,https://youtu.be/QkcuhE1DqR0?t=5409,2026-02-18T15:10:12Z,01:30:09,01:34:08
ヒッチコック,ヨルシカ,QkcuhE1DqR0,https://youtu.be/QkcuhE1DqR0?t=5648,2026-02-18T15:10:12Z,01:34:08,01:38:32
Break through,ミナミイズミ,QkcuhE1DqR0,https://youtu.be/QkcuhE1DqR0?t=5912,2026-02-18T15:10:12Z,01:38:32,01:43:32
ないものねだり,KANA-BOON,lt2hQpuJEsg,https://youtu.be/lt2hQpuJEsg?t=1164,2026-02-20T15:14:34Z,00:19:24,00:24:14
又三郎,ヨルシカ,lt2hQpuJEsg,https://youtu.be/lt2hQpuJEsg?t=1454,2026-02-20T15:14:34Z,00:24:14,00:29:30
曇天,DOES,lt2hQpuJEsg,https://youtu.be/lt2hQpuJEsg?t=1770,2026-02-20T15:14:34Z,00:29:30,00:32:56
サムライハート(Some Like It Hot!!),SPYAIR,lt2hQpuJEsg,https://youtu.be/lt2hQpuJEsg?t=1976,2026-02-20T15:14:34Z,00:32:56,00:37:47
おしゃかしゃま,RADWIMPS,lt2hQpuJEsg,https://youtu.be/lt2hQpuJEsg?t=2267,2026-02-20T15:14:34Z,00:37:47,00:42:29
I,BUMP OF CHICKEN,lt2hQpuJEsg,https://youtu.be/lt2hQpuJEsg?t=2549,2026-02-20T15:14:34Z,00:42:29,00:48:21
空に歌えば,amazarashi,lt2hQpuJEsg,https://youtu.be/lt2hQpuJEsg?t=2901,2026-02-20T15:14:34Z,00:48:21,00:53:16
花の塔,さユり,lt2hQpuJEsg,https://youtu.be/lt2hQpuJEsg?t=3196,2026-02-20T15:14:34Z,00:53:16,00:58:16
ヘビーローテーション,AKB48,lt2hQpuJEsg,https://youtu.be/lt2hQpuJEsg?t=3496,2026-02-20T15:14:34Z,00:58:16,01:03:09
フライングゲット,AKB48,lt2hQpuJEsg,https://youtu.be/lt2hQpuJEsg?t=3789,2026-02-20T15:14:34Z,01:03:09,01:08:15
ぐるぐる,ミナミイズミ,lt2hQpuJEsg,https://youtu.be/lt2hQpuJEsg?t=4095,2026-02-20T15:14:34Z,01:08:15,01:13:15
Flare,BUMP OF CHICKEN,EwczGARgoVc,https://youtu.be/EwczGARgoVc?t=696,2026-02-21T15:59:05Z,00:11:36,00:17:50
(please)forgive,BUMP OF CHICKEN,EwczGARgoVc,https://youtu.be/EwczGARgoVc?t=1070,2026-02-21T15:59:05Z,00:17:50,00:24:09
心做し,蝶々P,EwczGARgoVc,https://youtu.be/EwczGARgoVc?t=1449,2026-02-21T15:59:05Z,00:24:09,00:29:42
裸の心,あいみょん,EwczGARgoVc,https://youtu.be/EwczGARgoVc?t=1782,2026-02-21T15:59:05Z,00:29:42,00:35:41
まちがいさがし,菅田将暉,EwczGARgoVc,https://youtu.be/EwczGARgoVc?t=2141,2026-02-21T15:59:05Z,00:35:41,00:41:15
ロビンソン,スピッツ,EwczGARgoVc,https://youtu.be/EwczGARgoVc?t=2475,2026-02-21T15:59:05Z,00:41:15,00:46:18
僕が死のうと思ったのは,amazarashi,EwczGARgoVc,https://youtu.be/EwczGARgoVc?t=2778,2026-02-21T15:59:05Z,00:46:18,00:55:08
ワンルーム叙事詩,amazarashi,EwczGARgoVc,https://youtu.be/EwczGARgoVc?t=3308,2026-02-21T15:59:05Z,00:55:08,01:04:10
雪の華,中島美嘉,EwczGARgoVc,https://youtu.be/EwczGARgoVc?t=3850,2026-02-21T15:59:05Z,01:04:10,01:10:33
結晶,ミナミイズミ,EwczGARgoVc,https://youtu.be/EwczGARgoVc?t=4233,2026-02-21T15:59:05Z,01:10:33,01:15:33
エンヴィキャットウォーク,トーマ,LAwZFzqB4Qk,https://youtu.be/LAwZFzqB4Qk?t=486,2026-02-22T14:27:17Z,00:08:06,00:11:57
ガラスのブルース,BUMP OF CHICKEN,LAwZFzqB4Qk,https://youtu.be/LAwZFzqB4Qk?t=717,2026-02-22T14:27:17Z,00:11:57,00:18:12
K,BUMP OF CHICKEN,LAwZFzqB4Qk,https://youtu.be/LAwZFzqB4Qk?t=1092,2026-02-22T14:27:17Z,00:18:12,00:22:13
サウダージ,ポルノグラフィティ,LAwZFzqB4Qk,https://youtu.be/LAwZFzqB4Qk?t=1333,2026-02-22T14:27:17Z,00:22:13,00:26:21
シルエット,KANA-BOON,LAwZFzqB4Qk,https://youtu.be/LAwZFzqB4Qk?t=1581,2026-02-22T14:27:17Z,00:26:21,00:30:29
ウィーアー！,きただにひろし,LAwZFzqB4Qk,https://youtu.be/LAwZFzqB4Qk?t=1829,2026-02-22T14:27:17Z,00:30:29,00:34:36
インフェルノ,Mrs. GREEN APPLE,LAwZFzqB4Qk,https://youtu.be/LAwZFzqB4Qk?t=2076,2026-02-22T14:27:17Z,00:34:36,00:38:19
IRIS OUT,米津玄師,LAwZFzqB4Qk,https://youtu.be/LAwZFzqB4Qk?t=2299,2026-02-22T14:27:17Z,00:38:19,00:40:57
アイデンティティ,サカナクション,LAwZFzqB4Qk,https://youtu.be/LAwZFzqB4Qk?t=2457,2026-02-22T14:27:17Z,00:40:57,00:45:17
シュガーソングとビターステップ,UNISON SQUARE GARDEN,LAwZFzqB4Qk,https://youtu.be/LAwZFzqB4Qk?t=2717,2026-02-22T14:27:17Z,00:45:17,00:50:17
手紙 ～拝啓 十五の君へ～,アンジェラ・アキ,O8yf9_l-Imc,https://youtu.be/O8yf9_l-Imc?t=1209,2026-02-26T14:40:16Z,00:20:09,00:26:30
欲望に満ちた青年団,ONE OK ROCK,O8yf9_l-Imc,https://youtu.be/O8yf9_l-Imc?t=1590,2026-02-26T14:40:16Z,00:26:30,00:31:04
Wherever you are,ONE OK ROCK,O8yf9_l-Imc,https://youtu.be/O8yf9_l-Imc?t=1864,2026-02-26T14:40:16Z,00:31:04,00:37:40
ノーザンクロス,シェリル・ノーム starring May'n,O8yf9_l-Imc,https://youtu.be/O8yf9_l-Imc?t=2260,2026-02-26T14:40:16Z,00:37:40,00:42:54
Believe,Folder5,O8yf9_l-Imc,https://youtu.be/O8yf9_l-Imc?t=2574,2026-02-26T14:40:16Z,00:42:54,00:47:24
さくらんぼ,大塚愛,O8yf9_l-Imc,https://youtu.be/O8yf9_l-Imc?t=2844,2026-02-26T14:40:16Z,00:47:24,00:52:45
アイロニー,ミナミイズミ,O8yf9_l-Imc,https://youtu.be/O8yf9_l-Imc?t=3165,2026-02-26T14:40:16Z,00:52:45,00:59:12
諦めることを諦めたい,ミナミイズミ,O8yf9_l-Imc,https://youtu.be/O8yf9_l-Imc?t=3552,2026-02-26T14:40:16Z,00:59:12,01:04:12
チワワになりたい,ミナミイズミ,zbP8snCZSd8,https://youtu.be/zbP8snCZSd8?t=1100,2026-03-03T15:18:44Z,00:18:20,00:28:24
美しくならないで,ミナミイズミ,zbP8snCZSd8,https://youtu.be/zbP8snCZSd8?t=1704,2026-03-03T15:18:44Z,00:28:24,00:45:43
心の残響,ミナミイズミ,zbP8snCZSd8,https://youtu.be/zbP8snCZSd8?t=2743,2026-03-03T15:18:44Z,00:45:43,01:00:54
もう一度ぼくは,ミナミイズミ,zbP8snCZSd8,https://youtu.be/zbP8snCZSd8?t=3654,2026-03-03T15:18:44Z,01:00:54,01:12:40
Break through,ミナミイズミ,zbP8snCZSd8,https://youtu.be/zbP8snCZSd8?t=4360,2026-03-03T15:18:44Z,01:12:40,01:18:33
※曲名内緒,ミナミイズミ,zbP8snCZSd8,https://youtu.be/zbP8snCZSd8?t=4713,2026-03-03T15:18:44Z,01:18:33,01:23:33
Break through,ミナミイズミ,rUkzHsloLVw,https://youtu.be/rUkzHsloLVw?t=1155,2026-03-05T15:59:32Z,00:19:15,00:23:21
アイロニー,ミナミイズミ,rUkzHsloLVw,https://youtu.be/rUkzHsloLVw?t=1401,2026-03-05T15:59:32Z,00:23:21,00:27:34
曇天,DOES,rUkzHsloLVw,https://youtu.be/rUkzHsloLVw?t=1654,2026-03-05T15:59:32Z,00:27:34,00:30:59
青のすみか,キタニタツヤ,rUkzHsloLVw,https://youtu.be/rUkzHsloLVw?t=1859,2026-03-05T15:59:32Z,00:30:59,00:34:37
おしゃかしゃま,RADWIMPS,rUkzHsloLVw,https://youtu.be/rUkzHsloLVw?t=2077,2026-03-05T15:59:32Z,00:34:37,00:38:24
天体観測,BUMP OF CHICKEN,rUkzHsloLVw,https://youtu.be/rUkzHsloLVw?t=2304,2026-03-05T15:59:32Z,00:38:24,00:43:54
プレゼント,BUMP OF CHICKEN,rUkzHsloLVw,https://youtu.be/rUkzHsloLVw?t=2634,2026-03-05T15:59:32Z,00:43:54,00:48:55
BABY STEP,LAMP IN TERREN,rUkzHsloLVw,https://youtu.be/rUkzHsloLVw?t=2935,2026-03-05T15:59:32Z,00:48:55,00:54:55
季節は次々死んでいく,amazarashi,rUkzHsloLVw,https://youtu.be/rUkzHsloLVw?t=3295,2026-03-05T15:59:32Z,00:54:55,01:02:15
心の残響,ミナミイズミ,rUkzHsloLVw,https://youtu.be/rUkzHsloLVw?t=3735,2026-03-05T15:59:32Z,01:02:15,01:08:13
ぐるぐる,ミナミイズミ,rUkzHsloLVw,https://youtu.be/rUkzHsloLVw?t=4093,2026-03-05T15:59:32Z,01:08:13,01:13:49
結晶,ミナミイズミ,rUkzHsloLVw,https://youtu.be/rUkzHsloLVw?t=4429,2026-03-05T15:59:32Z,01:13:49,01:18:16
諦めることを諦めたい,ミナミイズミ,rUkzHsloLVw,https://youtu.be/rUkzHsloLVw?t=4696,2026-03-05T15:59:32Z,01:18:16,01:23:24
海を進む,ミナミイズミ,rUkzHsloLVw,https://youtu.be/rUkzHsloLVw?t=5004,2026-03-05T15:59:32Z,01:23:24,01:28:24
天体観測,BUMP OF CHICKEN,aF2HEJaeEao,https://youtu.be/aF2HEJaeEao?t=305,2026-04-13T12:37:29Z,00:05:05,00:09:31
カルマ,BUMP OF CHICKEN,aF2HEJaeEao,https://youtu.be/aF2HEJaeEao?t=571,2026-04-13T12:37:29Z,00:09:31,00:13:04
"Mock,mock","ミナミイズミ, 朱名, メーメントヴァニタス",aF2HEJaeEao,https://youtu.be/aF2HEJaeEao?t=784,2026-04-13T12:37:29Z,00:13:04,00:16:20
空に歌えば,amazarashi,aF2HEJaeEao,https://youtu.be/aF2HEJaeEao?t=980,2026-04-13T12:37:29Z,00:16:20,00:20:17
千鳥,ヨルシカ,aF2HEJaeEao,https://youtu.be/aF2HEJaeEao?t=1217,2026-04-13T12:37:29Z,00:20:17,00:24:42
盛れ！ミ・アモーレ,Juice=Juice,aF2HEJaeEao,https://youtu.be/aF2HEJaeEao?t=1482,2026-04-13T12:37:29Z,00:24:42,00:28:43
花になって,緑黄色社会,aF2HEJaeEao,https://youtu.be/aF2HEJaeEao?t=1723,2026-04-13T12:37:29Z,00:28:43,00:32:34
花の塔,さユり,aF2HEJaeEao,https://youtu.be/aF2HEJaeEao?t=1954,2026-04-13T12:37:29Z,00:32:34,00:37:26
プラトー,サカナクション,aF2HEJaeEao,https://youtu.be/aF2HEJaeEao?t=2246,2026-04-13T12:37:29Z,00:37:26,00:41:55
新宝島,サカナクション,aF2HEJaeEao,https://youtu.be/aF2HEJaeEao?t=2515,2026-04-13T12:37:29Z,00:41:55,00:47:11
怪獣,サカナクション,aF2HEJaeEao,https://youtu.be/aF2HEJaeEao?t=2831,2026-04-13T12:37:29Z,00:47:11,00:54:08
Break through,ミナミイズミ,aF2HEJaeEao,https://youtu.be/aF2HEJaeEao?t=3248,2026-04-13T12:37:29Z,00:54:08,00:59:08
桜,コブクロ,NeNCArAsnR8,https://youtu.be/NeNCArAsnR8?t=576,2026-04-14T11:53:43Z,00:09:36,00:18:35
さくら (独唱),森山直太朗,NeNCArAsnR8,https://youtu.be/NeNCArAsnR8?t=1115,2026-04-14T11:53:43Z,00:18:35,00:24:42
春泥棒,ヨルシカ,NeNCArAsnR8,https://youtu.be/NeNCArAsnR8?t=1482,2026-04-14T11:53:43Z,00:24:42,00:32:30
CHE.R.RY,YUI,NeNCArAsnR8,https://youtu.be/NeNCArAsnR8?t=1950,2026-04-14T11:53:43Z,00:32:30,00:39:12
桜のあと(all quartets lead to the?),UNISON SQUARE GARDEN,NeNCArAsnR8,https://youtu.be/NeNCArAsnR8?t=2352,2026-04-14T11:53:43Z,00:39:12,00:47:49
春雷,米津玄師,NeNCArAsnR8,https://youtu.be/NeNCArAsnR8?t=2869,2026-04-14T11:53:43Z,00:47:49,00:54:24
ハナミズキ,一青窈,NeNCArAsnR8,https://youtu.be/NeNCArAsnR8?t=3264,2026-04-14T11:53:43Z,00:54:24,01:00:46
pinkie,BUMP OF CHICKEN,NeNCArAsnR8,https://youtu.be/NeNCArAsnR8?t=3646,2026-04-14T11:53:43Z,01:00:46,01:07:08
晴る,ヨルシカ,NeNCArAsnR8,https://youtu.be/NeNCArAsnR8?t=4028,2026-04-14T11:53:43Z,01:07:08,01:12:08
いらない,サカナクション,fVrbWFgUOiU,https://youtu.be/fVrbWFgUOiU?t=494,2026-04-16T13:50:21Z,00:08:14,00:13:13
忘れられないの,サカナクション,fVrbWFgUOiU,https://youtu.be/fVrbWFgUOiU?t=793,2026-04-16T13:50:21Z,00:13:13,00:19:00
アルクアラウンド,サカナクション,fVrbWFgUOiU,https://youtu.be/fVrbWFgUOiU?t=1140,2026-04-16T13:50:21Z,00:19:00,00:24:46
多分、風。,サカナクション,fVrbWFgUOiU,https://youtu.be/fVrbWFgUOiU?t=1486,2026-04-16T13:50:21Z,00:24:46,00:29:52
アイデンティティ,サカナクション,fVrbWFgUOiU,https://youtu.be/fVrbWFgUOiU?t=1792,2026-04-16T13:50:21Z,00:29:52,00:34:57
ミュージック,サカナクション,fVrbWFgUOiU,https://youtu.be/fVrbWFgUOiU?t=2097,2026-04-16T13:50:21Z,00:34:57,00:41:08
さよならはエモーション,サカナクション,fVrbWFgUOiU,https://youtu.be/fVrbWFgUOiU?t=2468,2026-04-16T13:50:21Z,00:41:08,00:46:34
ナイロンの糸,サカナクション,fVrbWFgUOiU,https://youtu.be/fVrbWFgUOiU?t=2794,2026-04-16T13:50:21Z,00:46:34,00:51:53
ボイル,サカナクション,fVrbWFgUOiU,https://youtu.be/fVrbWFgUOiU?t=3113,2026-04-16T13:50:21Z,00:51:53,00:56:28
グッドバイ,サカナクション,fVrbWFgUOiU,https://youtu.be/fVrbWFgUOiU?t=3388,2026-04-16T13:50:21Z,00:56:28,01:01:23
プラトー,サカナクション,fVrbWFgUOiU,https://youtu.be/fVrbWFgUOiU?t=3683,2026-04-16T13:50:21Z,01:01:23,01:06:09
怪獣,サカナクション,fVrbWFgUOiU,https://youtu.be/fVrbWFgUOiU?t=3969,2026-04-16T13:50:21Z,01:06:09,01:11:04
新宝島,サカナクション,fVrbWFgUOiU,https://youtu.be/fVrbWFgUOiU?t=4264,2026-04-16T13:50:21Z,01:11:04,01:16:04
マリーゴールド,あいみょん,xzRgpo6yxg0,https://youtu.be/xzRgpo6yxg0?t=284,2026-04-16T23:23:45Z,00:04:44,00:10:06
君はロックを聴かない,あいみょん,xzRgpo6yxg0,https://youtu.be/xzRgpo6yxg0?t=606,2026-04-16T23:23:45Z,00:10:06,00:14:41
愛を伝えたいだとか,あいみょん,xzRgpo6yxg0,https://youtu.be/xzRgpo6yxg0?t=881,2026-04-16T23:23:45Z,00:14:41,00:19:39
チェリー,スピッツ,xzRgpo6yxg0,https://youtu.be/xzRgpo6yxg0?t=1179,2026-04-16T23:23:45Z,00:19:39,00:25:34
恋,星野源,xzRgpo6yxg0,https://youtu.be/xzRgpo6yxg0?t=1534,2026-04-16T23:23:45Z,00:25:34,00:31:18
高嶺の花子さん,back number,xzRgpo6yxg0,https://youtu.be/xzRgpo6yxg0?t=1878,2026-04-16T23:23:45Z,00:31:18,00:36:45
タッチ,岩崎良美,xzRgpo6yxg0,https://youtu.be/xzRgpo6yxg0?t=2205,2026-04-16T23:23:45Z,00:36:45,00:42:42
めざせポケモンマスター,松本梨香,xzRgpo6yxg0,https://youtu.be/xzRgpo6yxg0?t=2562,2026-04-16T23:23:45Z,00:42:42,00:48:47
サマータイムレコード,じん,xzRgpo6yxg0,https://youtu.be/xzRgpo6yxg0?t=2927,2026-04-16T23:23:45Z,00:48:47,00:53:51
なないろ,BUMP OF CHICKEN,xzRgpo6yxg0,https://youtu.be/xzRgpo6yxg0?t=3231,2026-04-16T23:23:45Z,00:53:51,00:59:29
ヒッチコック,ヨルシカ,xzRgpo6yxg0,https://youtu.be/xzRgpo6yxg0?t=3569,2026-04-16T23:23:45Z,00:59:29,01:04:37
へび,ヨルシカ,xzRgpo6yxg0,https://youtu.be/xzRgpo6yxg0?t=3877,2026-04-16T23:23:45Z,01:04:37,01:09:34
ただ君に晴れ,ヨルシカ,xzRgpo6yxg0,https://youtu.be/xzRgpo6yxg0?t=4174,2026-04-16T23:23:45Z,01:09:34,01:14:34
流星,コブクロ,9VBAx7XduQw,https://youtu.be/9VBAx7XduQw?t=853,2026-04-18T18:37:25Z,00:14:13,00:22:54
ナモナキヒト,amazarashi,9VBAx7XduQw,https://youtu.be/9VBAx7XduQw?t=1374,2026-04-18T18:37:25Z,00:22:54,00:29:26
カタオモイ,Aimer,9VBAx7XduQw,https://youtu.be/9VBAx7XduQw?t=1766,2026-04-18T18:37:25Z,00:29:26,00:34:01
眠り姫,SEKAI NO OWARI,9VBAx7XduQw,https://youtu.be/9VBAx7XduQw?t=2041,2026-04-18T18:37:25Z,00:34:01,00:39:37
楓,スピッツ,9VBAx7XduQw,https://youtu.be/9VBAx7XduQw?t=2377,2026-04-18T18:37:25Z,00:39:37,00:46:34
天体観測,BUMP OF CHICKEN,9VBAx7XduQw,https://youtu.be/9VBAx7XduQw?t=2794,2026-04-18T18:37:25Z,00:46:34,00:52:02
青のすみか,キタニタツヤ,9VBAx7XduQw,https://youtu.be/9VBAx7XduQw?t=3122,2026-04-18T18:37:25Z,00:52:02,00:56:48
デマゴーグ,キタニタツヤ,9VBAx7XduQw,https://youtu.be/9VBAx7XduQw?t=3408,2026-04-18T18:37:25Z,00:56:48,01:05:50
だから僕は音楽を辞めた,ヨルシカ,9VBAx7XduQw,https://youtu.be/9VBAx7XduQw?t=3950,2026-04-18T18:37:25Z,01:05:50,01:11:14
花に亡霊,ヨルシカ,9VBAx7XduQw,https://youtu.be/9VBAx7XduQw?t=4274,2026-04-18T18:37:25Z,01:11:14,01:16:01
トレモロ,RADWIMPS,9VBAx7XduQw,https://youtu.be/9VBAx7XduQw?t=4561,2026-04-18T18:37:25Z,01:16:01,01:21:15
Aurora,BUMP OF CHICKEN,9VBAx7XduQw,https://youtu.be/9VBAx7XduQw?t=4875,2026-04-18T18:37:25Z,01:21:15,01:26:15
God knows...,涼宮ハルヒ(平野綾),xcmL_7PkEB0,https://youtu.be/xcmL_7PkEB0?t=620,2026-04-19T04:43:32Z,00:10:20,00:17:47
怪獣の花唄,Vaundy,xcmL_7PkEB0,https://youtu.be/xcmL_7PkEB0?t=1067,2026-04-19T04:43:32Z,00:17:47,00:21:37
シルエット,KANA-BOON,xcmL_7PkEB0,https://youtu.be/xcmL_7PkEB0?t=1297,2026-04-19T04:43:32Z,00:21:37,00:25:46
月虹,BUMP OF CHICKEN,xcmL_7PkEB0,https://youtu.be/xcmL_7PkEB0?t=1546,2026-04-19T04:43:32Z,00:25:46,00:31:34
Sorrows,King Gnu,xcmL_7PkEB0,https://youtu.be/xcmL_7PkEB0?t=1894,2026-04-19T04:43:32Z,00:31:34,00:35:23
おしゃかしゃま,RADWIMPS,xcmL_7PkEB0,https://youtu.be/xcmL_7PkEB0?t=2123,2026-04-19T04:43:32Z,00:35:23,00:39:35
曇天,DOES,xcmL_7PkEB0,https://youtu.be/xcmL_7PkEB0?t=2375,2026-04-19T04:43:32Z,00:39:35,00:42:48
季節は次々死んでいく,amazarashi,xcmL_7PkEB0,https://youtu.be/xcmL_7PkEB0?t=2568,2026-04-19T04:43:32Z,00:42:48,00:48:35
フィロソフィー,amazarashi,xcmL_7PkEB0,https://youtu.be/xcmL_7PkEB0?t=2915,2026-04-19T04:43:32Z,00:48:35,00:55:30
忘れられないの,サカナクション,xcmL_7PkEB0,https://youtu.be/xcmL_7PkEB0?t=3330,2026-04-19T04:43:32Z,00:55:30,00:59:36
いらない,サカナクション,xcmL_7PkEB0,https://youtu.be/xcmL_7PkEB0?t=3576,2026-04-19T04:43:32Z,00:59:36,01:03:39
新宝島,サカナクション,xcmL_7PkEB0,https://youtu.be/xcmL_7PkEB0?t=3819,2026-04-19T04:43:32Z,01:03:39,01:08:48
オンリー ロンリー グローリー,BUMP OF CHICKEN,xcmL_7PkEB0,https://youtu.be/xcmL_7PkEB0?t=4128,2026-04-19T04:43:32Z,01:08:48,01:13:48
にじいろ,絢香,h5KmETN2cgM,https://youtu.be/h5KmETN2cgM?t=613,2026-04-21T05:32:51Z,00:10:13,00:14:03
again,YUI,h5KmETN2cgM,https://youtu.be/h5KmETN2cgM?t=843,2026-04-21T05:32:51Z,00:14:03,00:18:23
ブルーバード,いきものがかり,h5KmETN2cgM,https://youtu.be/h5KmETN2cgM?t=1103,2026-04-21T05:32:51Z,00:18:23,00:22:09
気まぐれロマンティック,いきものがかり,h5KmETN2cgM,https://youtu.be/h5KmETN2cgM?t=1329,2026-04-21T05:32:51Z,00:22:09,00:26:21
雨とカプチーノ,ヨルシカ,h5KmETN2cgM,https://youtu.be/h5KmETN2cgM?t=1581,2026-04-21T05:32:51Z,00:26:21,00:31:02
満月の夜なら,あいみょん,h5KmETN2cgM,https://youtu.be/h5KmETN2cgM?t=1862,2026-04-21T05:32:51Z,00:31:02,00:34:36
瞬間センチメンタル,SCANDAL,h5KmETN2cgM,https://youtu.be/h5KmETN2cgM?t=2076,2026-04-21T05:32:51Z,00:34:36,00:38:27
微笑みの爆弾,馬渡松子,h5KmETN2cgM,https://youtu.be/h5KmETN2cgM?t=2307,2026-04-21T05:32:51Z,00:38:27,00:43:01
ミカヅキ,さユり,h5KmETN2cgM,https://youtu.be/h5KmETN2cgM?t=2581,2026-04-21T05:32:51Z,00:43:01,00:47:43
残酷な天使のテーゼ,高橋洋子,h5KmETN2cgM,https://youtu.be/h5KmETN2cgM?t=2863,2026-04-21T05:32:51Z,00:47:43,00:51:46
星間飛行,ランカ・リー＝中島愛,h5KmETN2cgM,https://youtu.be/h5KmETN2cgM?t=3106,2026-04-21T05:32:51Z,00:51:46,00:55:43
ノーザンクロス,シェリル・ノーム starring May'n,h5KmETN2cgM,https://youtu.be/h5KmETN2cgM?t=3343,2026-04-21T05:32:51Z,00:55:43,01:02:13
花になって,緑黄色社会,h5KmETN2cgM,https://youtu.be/h5KmETN2cgM?t=3733,2026-04-21T05:32:51Z,01:02:13,01:05:42
大声ダイヤモンド,AKB48,h5KmETN2cgM,https://youtu.be/h5KmETN2cgM?t=3942,2026-04-21T05:32:51Z,01:05:42,01:10:16
言い訳Maybe,AKB48,h5KmETN2cgM,https://youtu.be/h5KmETN2cgM?t=4216,2026-04-21T05:32:51Z,01:10:16,01:15:13
ポニーテールとシュシュ,AKB48,h5KmETN2cgM,https://youtu.be/h5KmETN2cgM?t=4513,2026-04-21T05:32:51Z,01:15:13,01:20:05
フライングゲット,AKB48,h5KmETN2cgM,https://youtu.be/h5KmETN2cgM?t=4805,2026-04-21T05:32:51Z,01:20:05,01:24:30
ヘビーローテーション,AKB48,h5KmETN2cgM,https://youtu.be/h5KmETN2cgM?t=5070,2026-04-21T05:32:51Z,01:24:30,01:29:30
水平線,back number,0yrvA1nPiOY,https://youtu.be/0yrvA1nPiOY?t=697,2026-04-22T00:10:14Z,00:11:37,00:17:09
夏色,ゆず,0yrvA1nPiOY,https://youtu.be/0yrvA1nPiOY?t=1029,2026-04-22T00:10:14Z,00:17:09,00:21:40
青い栞,Galileo Galilei,0yrvA1nPiOY,https://youtu.be/0yrvA1nPiOY?t=1300,2026-04-22T00:10:14Z,00:21:40,00:28:06
栞,クリープハイプ,0yrvA1nPiOY,https://youtu.be/0yrvA1nPiOY?t=1686,2026-04-22T00:10:14Z,00:28:06,00:34:14
車輪の唄,BUMP OF CHICKEN,0yrvA1nPiOY,https://youtu.be/0yrvA1nPiOY?t=2054,2026-04-22T00:10:14Z,00:34:14,00:40:42
美しい鰭,スピッツ,0yrvA1nPiOY,https://youtu.be/0yrvA1nPiOY?t=2442,2026-04-22T00:10:14Z,00:40:42,00:45:11
チェリー,スピッツ,0yrvA1nPiOY,https://youtu.be/0yrvA1nPiOY?t=2711,2026-04-22T00:10:14Z,00:45:11,00:51:00
トリノコシティ,40mP,0yrvA1nPiOY,https://youtu.be/0yrvA1nPiOY?t=3060,2026-04-22T00:10:14Z,00:51:00,00:55:44
アカシア,BUMP OF CHICKEN,0yrvA1nPiOY,https://youtu.be/0yrvA1nPiOY?t=3344,2026-04-22T00:10:14Z,00:55:44,01:03:30
オリオンをなぞる,UNISON SQUARE GARDEN,0yrvA1nPiOY,https://youtu.be/0yrvA1nPiOY?t=3810,2026-04-22T00:10:14Z,01:03:30,01:09:40
千本桜,黒うさP,0yrvA1nPiOY,https://youtu.be/0yrvA1nPiOY?t=4180,2026-04-22T00:10:14Z,01:09:40,01:15:25
アンパンマンのマーチ,ドリーミング,0yrvA1nPiOY,https://youtu.be/0yrvA1nPiOY?t=4525,2026-04-22T00:10:14Z,01:15:25,01:20:21
やさしさに包まれたなら,松任谷由実,0yrvA1nPiOY,https://youtu.be/0yrvA1nPiOY?t=4821,2026-04-22T00:10:14Z,01:20:21,01:28:10
ハロ／ハワユ,ナノウ,0yrvA1nPiOY,https://youtu.be/0yrvA1nPiOY?t=5290,2026-04-22T00:10:14Z,01:28:10,01:34:55
弱虫モンブラン,DECO*27,0yrvA1nPiOY,https://youtu.be/0yrvA1nPiOY?t=5695,2026-04-22T00:10:14Z,01:34:55,01:43:04
火星人,ヨルシカ,0yrvA1nPiOY,https://youtu.be/0yrvA1nPiOY?t=6184,2026-04-22T00:10:14Z,01:43:04,01:48:04
ひまわり,遊助,RAELgfeKs5c,https://youtu.be/RAELgfeKs5c?t=625,2026-04-23T00:06:23Z,00:10:25,00:15:44
Ginger,TOMOO,RAELgfeKs5c,https://youtu.be/RAELgfeKs5c?t=944,2026-04-23T00:06:23Z,00:15:44,00:19:52
ふわふわ時間,放課後ティータイム,RAELgfeKs5c,https://youtu.be/RAELgfeKs5c?t=1192,2026-04-23T00:06:23Z,00:19:52,00:24:13
プロミスザスター,BiSH,RAELgfeKs5c,https://youtu.be/RAELgfeKs5c?t=1453,2026-04-23T00:06:23Z,00:24:13,00:29:14
Believe,Folder5,RAELgfeKs5c,https://youtu.be/RAELgfeKs5c?t=1754,2026-04-23T00:06:23Z,00:29:14,00:33:09
ウィーアー！,きただにひろし,RAELgfeKs5c,https://youtu.be/RAELgfeKs5c?t=1989,2026-04-23T00:06:23Z,00:33:09,00:37:46
シュガーソングとビターステップ,UNISON SQUARE GARDEN,RAELgfeKs5c,https://youtu.be/RAELgfeKs5c?t=2266,2026-04-23T00:06:23Z,00:37:46,00:42:43
徹頭徹尾夜な夜なドライブ,UNISON SQUARE GARDEN,RAELgfeKs5c,https://youtu.be/RAELgfeKs5c?t=2563,2026-04-23T00:06:23Z,00:42:43,00:47:38
桜のあと(all quartets lead to the?),UNISON SQUARE GARDEN,RAELgfeKs5c,https://youtu.be/RAELgfeKs5c?t=2858,2026-04-23T00:06:23Z,00:47:38,00:56:06
アルエ,BUMP OF CHICKEN,RAELgfeKs5c,https://youtu.be/RAELgfeKs5c?t=3366,2026-04-23T00:06:23Z,00:56:06,01:02:16
かさぶたぶたぶ,BUMP OF CHICKEN,RAELgfeKs5c,https://youtu.be/RAELgfeKs5c?t=3736,2026-04-23T00:06:23Z,01:02:16,01:06:29
メーデー,BUMP OF CHICKEN,RAELgfeKs5c,https://youtu.be/RAELgfeKs5c?t=3989,2026-04-23T00:06:23Z,01:06:29,01:14:52
ラフ・メイカー,BUMP OF CHICKEN,RAELgfeKs5c,https://youtu.be/RAELgfeKs5c?t=4492,2026-04-23T00:06:23Z,01:14:52,01:25:55
fire sign,BUMP OF CHICKEN,RAELgfeKs5c,https://youtu.be/RAELgfeKs5c?t=5155,2026-04-23T00:06:23Z,01:25:55,01:30:55
アイネクライネ,米津玄師,zEcVhFnVfKg,https://youtu.be/zEcVhFnVfKg?t=1006,2026-04-25T16:21:46Z,00:16:46,00:23:08
花に嵐,米津玄師,zEcVhFnVfKg,https://youtu.be/zEcVhFnVfKg?t=1388,2026-04-25T16:21:46Z,00:23:08,00:31:17
Squall,04 Limited Sazabys,zEcVhFnVfKg,https://youtu.be/zEcVhFnVfKg?t=1877,2026-04-25T16:21:46Z,00:31:17,00:36:18
鱗（うろこ）,秦基博,zEcVhFnVfKg,https://youtu.be/zEcVhFnVfKg?t=2178,2026-04-25T16:21:46Z,00:36:18,00:42:53
ジュブナイル,amazarashi,zEcVhFnVfKg,https://youtu.be/zEcVhFnVfKg?t=2573,2026-04-25T16:21:46Z,00:42:53,00:52:20
風に流離い,amazarashi,zEcVhFnVfKg,https://youtu.be/zEcVhFnVfKg?t=3140,2026-04-25T16:21:46Z,00:52:20,01:02:31
悪魔の踊り方,キタニタツヤ,zEcVhFnVfKg,https://youtu.be/zEcVhFnVfKg?t=3751,2026-04-25T16:21:46Z,01:02:31,01:06:58
スカー,キタニタツヤ,zEcVhFnVfKg,https://youtu.be/zEcVhFnVfKg?t=4018,2026-04-25T16:21:46Z,01:06:58,01:11:26
青のすみか,キタニタツヤ,zEcVhFnVfKg,https://youtu.be/zEcVhFnVfKg?t=4286,2026-04-25T16:21:46Z,01:11:26,01:15:51
インフェルノ,Mrs. GREEN APPLE,zEcVhFnVfKg,https://youtu.be/zEcVhFnVfKg?t=4551,2026-04-25T16:21:46Z,01:15:51,01:20:27
さよならはエモーション,サカナクション,zEcVhFnVfKg,https://youtu.be/zEcVhFnVfKg?t=4827,2026-04-25T16:21:46Z,01:20:27,01:25:51
怪獣,サカナクション,zEcVhFnVfKg,https://youtu.be/zEcVhFnVfKg?t=5151,2026-04-25T16:21:46Z,01:25:51,01:34:26
悲しくなる前に,indigo la End,zEcVhFnVfKg,https://youtu.be/zEcVhFnVfKg?t=5666,2026-04-25T16:21:46Z,01:34:26,01:39:27
BABY STEP,LAMP IN TERREN,zEcVhFnVfKg,https://youtu.be/zEcVhFnVfKg?t=5967,2026-04-25T16:21:46Z,01:39:27,01:49:03
プレゼント,BUMP OF CHICKEN,zEcVhFnVfKg,https://youtu.be/zEcVhFnVfKg?t=6543,2026-04-25T16:21:46Z,01:49:03,01:57:10
涙のふるさと,BUMP OF CHICKEN,zEcVhFnVfKg,https://youtu.be/zEcVhFnVfKg?t=7030,2026-04-25T16:21:46Z,01:57:10,02:02:10
二十九、三十,クリープハイプ,n-9xtjCYge4,https://youtu.be/n-9xtjCYge4?t=389,2026-04-25T16:14:13Z,00:06:29,00:20:58
ドライフラワー,優里,n-9xtjCYge4,https://youtu.be/n-9xtjCYge4?t=1258,2026-04-25T16:14:13Z,00:20:58,00:27:02
最後の雨,中西保志,n-9xtjCYge4,https://youtu.be/n-9xtjCYge4?t=1622,2026-04-25T16:14:13Z,00:27:02,00:34:48
わたがし,back number,n-9xtjCYge4,https://youtu.be/n-9xtjCYge4?t=2088,2026-04-25T16:14:13Z,00:34:48,00:40:39
I LOVE YOU,尾崎豊,n-9xtjCYge4,https://youtu.be/n-9xtjCYge4?t=2439,2026-04-25T16:14:13Z,00:40:39,00:45:39
流れ星の正体,BUMP OF CHICKEN,juKrk_fK0a8,https://youtu.be/juKrk_fK0a8?t=728,2026-04-26T14:47:14Z,00:12:08,00:20:06
ラストワン,BUMP OF CHICKEN,juKrk_fK0a8,https://youtu.be/juKrk_fK0a8?t=1206,2026-04-26T14:47:14Z,00:20:06,00:27:04
アリア,BUMP OF CHICKEN,juKrk_fK0a8,https://youtu.be/juKrk_fK0a8?t=1624,2026-04-26T14:47:14Z,00:27:04,00:35:36
三ツ星カルテット,BUMP OF CHICKEN,juKrk_fK0a8,https://youtu.be/juKrk_fK0a8?t=2136,2026-04-26T14:47:14Z,00:35:36,00:39:57
リリィ,BUMP OF CHICKEN,juKrk_fK0a8,https://youtu.be/juKrk_fK0a8?t=2397,2026-04-26T14:47:14Z,00:39:57,00:47:50
友達の唄,BUMP OF CHICKEN,juKrk_fK0a8,https://youtu.be/juKrk_fK0a8?t=2870,2026-04-26T14:47:14Z,00:47:50,00:58:45
涙のふるさと,BUMP OF CHICKEN,juKrk_fK0a8,https://youtu.be/juKrk_fK0a8?t=3525,2026-04-26T14:47:14Z,00:58:45,01:06:21
アンサー,BUMP OF CHICKEN,juKrk_fK0a8,https://youtu.be/juKrk_fK0a8?t=3981,2026-04-26T14:47:14Z,01:06:21,01:13:36
ダイヤモンド,BUMP OF CHICKEN,juKrk_fK0a8,https://youtu.be/juKrk_fK0a8?t=4416,2026-04-26T14:47:14Z,01:13:36,01:21:03
夢の飼い主,BUMP OF CHICKEN,juKrk_fK0a8,https://youtu.be/juKrk_fK0a8?t=4863,2026-04-26T14:47:14Z,01:21:03,01:30:48
飴玉の唄,BUMP OF CHICKEN,juKrk_fK0a8,https://youtu.be/juKrk_fK0a8?t=5448,2026-04-26T14:47:14Z,01:30:48,01:38:23
ベストピクチャー,BUMP OF CHICKEN,juKrk_fK0a8,https://youtu.be/juKrk_fK0a8?t=5903,2026-04-26T14:47:14Z,01:38:23,01:44:46
シリウス,BUMP OF CHICKEN,juKrk_fK0a8,https://youtu.be/juKrk_fK0a8?t=6286,2026-04-26T14:47:14Z,01:44:46,01:51:01
新世界,BUMP OF CHICKEN,juKrk_fK0a8,https://youtu.be/juKrk_fK0a8?t=6661,2026-04-26T14:47:14Z,01:51:01,01:56:56
Aurora,BUMP OF CHICKEN,juKrk_fK0a8,https://youtu.be/juKrk_fK0a8?t=7016,2026-04-26T14:47:14Z,01:56:56,02:04:09
東京賛歌,BUMP OF CHICKEN,juKrk_fK0a8,https://youtu.be/juKrk_fK0a8?t=7449,2026-04-26T14:47:14Z,02:04:09,02:09:31
white note,BUMP OF CHICKEN,juKrk_fK0a8,https://youtu.be/juKrk_fK0a8?t=7771,2026-04-26T14:47:14Z,02:09:31,02:14:03
Merry Christmas,BUMP OF CHICKEN,juKrk_fK0a8,https://youtu.be/juKrk_fK0a8?t=8043,2026-04-26T14:47:14Z,02:14:03,02:23:14
話がしたいよ,BUMP OF CHICKEN,juKrk_fK0a8,https://youtu.be/juKrk_fK0a8?t=8594,2026-04-26T14:47:14Z,02:23:14,02:36:33
窓の中から,BUMP OF CHICKEN,juKrk_fK0a8,https://youtu.be/juKrk_fK0a8?t=9393,2026-04-26T14:47:14Z,02:36:33,02:49:03
彼女と星の椅子,BUMP OF CHICKEN,juKrk_fK0a8,https://youtu.be/juKrk_fK0a8?t=10143,2026-04-26T14:47:14Z,02:49:03,02:54:51
宝石になった日,BUMP OF CHICKEN,juKrk_fK0a8,https://youtu.be/juKrk_fK0a8?t=10491,2026-04-26T14:47:14Z,02:54:51,03:01:02
アカシア,BUMP OF CHICKEN,juKrk_fK0a8,https://youtu.be/juKrk_fK0a8?t=10862,2026-04-26T14:47:14Z,03:01:02,03:09:30
同じドアをくぐれたら,BUMP OF CHICKEN,juKrk_fK0a8,https://youtu.be/juKrk_fK0a8?t=11370,2026-04-26T14:47:14Z,03:09:30,03:14:30
相思相愛,aiko,WKLSkh3EOF4,https://youtu.be/WKLSkh3EOF4?t=521,2026-04-28T05:01:37Z,00:08:41,00:13:18
KissHug,aiko,WKLSkh3EOF4,https://youtu.be/WKLSkh3EOF4?t=798,2026-04-28T05:01:37Z,00:13:18,00:19:43
センチメンタルピリオド,UNISON SQUARE GARDEN,WKLSkh3EOF4,https://youtu.be/WKLSkh3EOF4?t=1183,2026-04-28T05:01:37Z,00:19:43,00:27:51
マーメイドスキャンダラス,UNISON SQUARE GARDEN,WKLSkh3EOF4,https://youtu.be/WKLSkh3EOF4?t=1671,2026-04-28T05:01:37Z,00:27:51,00:31:57
地獄でなぜ悪い,星野源,WKLSkh3EOF4,https://youtu.be/WKLSkh3EOF4?t=1917,2026-04-28T05:01:37Z,00:31:57,00:35:45
SUN,星野源,WKLSkh3EOF4,https://youtu.be/WKLSkh3EOF4?t=2145,2026-04-28T05:01:37Z,00:35:45,00:40:27
Week End,星野源,WKLSkh3EOF4,https://youtu.be/WKLSkh3EOF4?t=2427,2026-04-28T05:01:37Z,00:40:27,00:45:16
君になれ,コブクロ,WKLSkh3EOF4,https://youtu.be/WKLSkh3EOF4?t=2716,2026-04-28T05:01:37Z,00:45:16,00:53:07
盗作,ヨルシカ,WKLSkh3EOF4,https://youtu.be/WKLSkh3EOF4?t=3187,2026-04-28T05:01:37Z,00:53:07,00:57:59
レプリカント,ヨルシカ,WKLSkh3EOF4,https://youtu.be/WKLSkh3EOF4?t=3479,2026-04-28T05:01:37Z,00:57:59,01:01:45
負け犬にアンコールはいらない,ヨルシカ,WKLSkh3EOF4,https://youtu.be/WKLSkh3EOF4?t=3705,2026-04-28T05:01:37Z,01:01:45,01:06:30
ナイトルーティーン,キタニタツヤ,WKLSkh3EOF4,https://youtu.be/WKLSkh3EOF4?t=3990,2026-04-28T05:01:37Z,01:06:30,01:12:01
プラネテス,キタニタツヤ,WKLSkh3EOF4,https://youtu.be/WKLSkh3EOF4?t=4321,2026-04-28T05:01:37Z,01:12:01,01:17:02
冷たい渦,キタニタツヤ,WKLSkh3EOF4,https://youtu.be/WKLSkh3EOF4?t=4622,2026-04-28T05:01:37Z,01:17:02,01:20:54
PINK,キタニタツヤ,WKLSkh3EOF4,https://youtu.be/WKLSkh3EOF4?t=4854,2026-04-28T05:01:37Z,01:20:54,01:24:24
メランコリーキッチン,米津玄師,WKLSkh3EOF4,https://youtu.be/WKLSkh3EOF4?t=5064,2026-04-28T05:01:37Z,01:24:24,01:28:12
IRIS OUT,米津玄師,WKLSkh3EOF4,https://youtu.be/WKLSkh3EOF4?t=5292,2026-04-28T05:01:37Z,01:28:12,01:33:12
歩く,ヨルシカ,7xiImBdR5jM,https://youtu.be/7xiImBdR5jM?t=1524,2026-04-30T15:04:43Z,00:25:24,00:29:05
アルクアラウンド,サカナクション,7xiImBdR5jM,https://youtu.be/7xiImBdR5jM?t=1745,2026-04-30T15:04:43Z,00:29:05,00:33:44
歩く幽霊,BUMP OF CHICKEN,7xiImBdR5jM,https://youtu.be/7xiImBdR5jM?t=2024,2026-04-30T15:04:43Z,00:33:44,00:37:31
Sleep Walking Orchestra,BUMP OF CHICKEN,7xiImBdR5jM,https://youtu.be/7xiImBdR5jM?t=2251,2026-04-30T15:04:43Z,00:37:31,00:42:00
sailing day,BUMP OF CHICKEN,7xiImBdR5jM,https://youtu.be/7xiImBdR5jM?t=2520,2026-04-30T15:04:43Z,00:42:00,00:46:18
カルマ,BUMP OF CHICKEN,7xiImBdR5jM,https://youtu.be/7xiImBdR5jM?t=2778,2026-04-30T15:04:43Z,00:46:18,00:49:48
ダンデライオン,BUMP OF CHICKEN,7xiImBdR5jM,https://youtu.be/7xiImBdR5jM?t=2988,2026-04-30T15:04:43Z,00:49:48,00:52:56
天体観測,BUMP OF CHICKEN,7xiImBdR5jM,https://youtu.be/7xiImBdR5jM?t=3176,2026-04-30T15:04:43Z,00:52:56,00:57:56
タッチ,岩崎良美,Q_8mdspV2k0,https://youtu.be/Q_8mdspV2k0?t=866,2026-05-01T18:19:39Z,00:14:26,00:19:29
ムーンライト伝説,DALI,Q_8mdspV2k0,https://youtu.be/Q_8mdspV2k0?t=1169,2026-05-01T18:19:39Z,00:19:29,00:24:18
怪獣,サカナクション,Q_8mdspV2k0,https://youtu.be/Q_8mdspV2k0?t=1458,2026-05-01T18:19:39Z,00:24:18,00:31:57
memories,大槻マキ,Q_8mdspV2k0,https://youtu.be/Q_8mdspV2k0?t=1917,2026-05-01T18:19:39Z,00:31:57,00:38:18
ココロのちず,BOYSTYLE,Q_8mdspV2k0,https://youtu.be/Q_8mdspV2k0?t=2298,2026-05-01T18:19:39Z,00:38:18,00:43:50
ウィーアー！,きただにひろし,Q_8mdspV2k0,https://youtu.be/Q_8mdspV2k0?t=2630,2026-05-01T18:19:39Z,00:43:50,00:49:50
めざせポケモンマスター,松本梨香,Q_8mdspV2k0,https://youtu.be/Q_8mdspV2k0?t=2990,2026-05-01T18:19:39Z,00:49:50,00:55:24
紅蓮華,LiSA,Q_8mdspV2k0,https://youtu.be/Q_8mdspV2k0?t=3324,2026-05-01T18:19:39Z,00:55:24,01:01:04
炎,LiSA,Q_8mdspV2k0,https://youtu.be/Q_8mdspV2k0?t=3664,2026-05-01T18:19:39Z,01:01:04,01:07:42
God knows...,涼宮ハルヒ(平野綾),Q_8mdspV2k0,https://youtu.be/Q_8mdspV2k0?t=4062,2026-05-01T18:19:39Z,01:07:42,01:16:50
晴る,ヨルシカ,Q_8mdspV2k0,https://youtu.be/Q_8mdspV2k0?t=4610,2026-05-01T18:19:39Z,01:16:50,01:26:53
unravel,TK from 凛として時雨,Q_8mdspV2k0,https://youtu.be/Q_8mdspV2k0?t=5213,2026-05-01T18:19:39Z,01:26:53,01:33:27
季節は次々死んでいく,amazarashi,Q_8mdspV2k0,https://youtu.be/Q_8mdspV2k0?t=5607,2026-05-01T18:19:39Z,01:33:27,01:42:15
空に歌えば,amazarashi,Q_8mdspV2k0,https://youtu.be/Q_8mdspV2k0?t=6135,2026-05-01T18:19:39Z,01:42:15,01:48:59
I,BUMP OF CHICKEN,Q_8mdspV2k0,https://youtu.be/Q_8mdspV2k0?t=6539,2026-05-01T18:19:39Z,01:48:59,01:55:33
航海の唄,さユり,Q_8mdspV2k0,https://youtu.be/Q_8mdspV2k0?t=6933,2026-05-01T18:19:39Z,01:55:33,02:01:32
平行線,さユり,Q_8mdspV2k0,https://youtu.be/Q_8mdspV2k0?t=7292,2026-05-01T18:19:39Z,02:01:32,02:09:07
ブルーバード,いきものがかり,Q_8mdspV2k0,https://youtu.be/Q_8mdspV2k0?t=7747,2026-05-01T18:19:39Z,02:09:07,02:14:04
Diver,NICO Touches the Walls,Q_8mdspV2k0,https://youtu.be/Q_8mdspV2k0?t=8044,2026-05-01T18:19:39Z,02:14:04,02:20:06
アポリア,ヨルシカ,Q_8mdspV2k0,https://youtu.be/Q_8mdspV2k0?t=8406,2026-05-01T18:19:39Z,02:20:06,02:25:49
斜陽,ヨルシカ,Q_8mdspV2k0,https://youtu.be/Q_8mdspV2k0?t=8749,2026-05-01T18:19:39Z,02:25:49,02:31:24
サムライハート(Some Like It Hot!!),SPYAIR,Q_8mdspV2k0,https://youtu.be/Q_8mdspV2k0?t=9084,2026-05-01T18:19:39Z,02:31:24,02:37:05
シュガーソングとビターステップ,UNISON SQUARE GARDEN,Q_8mdspV2k0,https://youtu.be/Q_8mdspV2k0?t=9425,2026-05-01T18:19:39Z,02:37:05,02:43:38
"Hello,world!",BUMP OF CHICKEN,Q_8mdspV2k0,https://youtu.be/Q_8mdspV2k0?t=9818,2026-05-01T18:19:39Z,02:43:38,02:50:42
月虹,BUMP OF CHICKEN,Q_8mdspV2k0,https://youtu.be/Q_8mdspV2k0?t=10242,2026-05-01T18:19:39Z,02:50:42,03:04:16
曇天,DOES,Q_8mdspV2k0,https://youtu.be/Q_8mdspV2k0?t=11056,2026-05-01T18:19:39Z,03:04:16,03:17:16
君の知らない物語,supercell,Q_8mdspV2k0,https://youtu.be/Q_8mdspV2k0?t=11836,2026-05-01T18:19:39Z,03:17:16,03:24:05
again,YUI,Q_8mdspV2k0,https://youtu.be/Q_8mdspV2k0?t=12245,2026-05-01T18:19:39Z,03:24:05,03:29:44
花の塔,さユり,Q_8mdspV2k0,https://youtu.be/Q_8mdspV2k0?t=12584,2026-05-01T18:19:39Z,03:29:44,03:34:44
三日月,絢香,kR3Bf_tHRwA,https://youtu.be/kR3Bf_tHRwA?t=599,2026-05-02T17:21:44Z,00:09:59,00:17:02
別の人の彼女になったよ,wacci,kR3Bf_tHRwA,https://youtu.be/kR3Bf_tHRwA?t=1022,2026-05-02T17:21:44Z,00:17:02,00:22:58
グッドバイ,サカナクション,kR3Bf_tHRwA,https://youtu.be/kR3Bf_tHRwA?t=1378,2026-05-02T17:21:44Z,00:22:58,00:28:33
まちがいさがし,菅田将暉,kR3Bf_tHRwA,https://youtu.be/kR3Bf_tHRwA?t=1713,2026-05-02T17:21:44Z,00:28:33,00:33:31
僕だけの矛盾,レトロリロン,kR3Bf_tHRwA,https://youtu.be/kR3Bf_tHRwA?t=2011,2026-05-02T17:21:44Z,00:33:31,00:42:56
太陽,BUMP OF CHICKEN,kR3Bf_tHRwA,https://youtu.be/kR3Bf_tHRwA?t=2576,2026-05-02T17:21:44Z,00:42:56,00:48:56
またねがあれば,澤田空海理,kR3Bf_tHRwA,https://youtu.be/kR3Bf_tHRwA?t=2936,2026-05-02T17:21:44Z,00:48:56,00:55:35
えりあし,aiko,kR3Bf_tHRwA,https://youtu.be/kR3Bf_tHRwA?t=3335,2026-05-02T17:21:44Z,00:55:35,01:00:17
私の思春期へ,赤頬思春期,kR3Bf_tHRwA,https://youtu.be/kR3Bf_tHRwA?t=3617,2026-05-02T17:21:44Z,01:00:17,01:06:41
十億年,さユり,kR3Bf_tHRwA,https://youtu.be/kR3Bf_tHRwA?t=4001,2026-05-02T17:21:44Z,01:06:41,01:12:13
フラレガイガール,さユり,kR3Bf_tHRwA,https://youtu.be/kR3Bf_tHRwA?t=4333,2026-05-02T17:21:44Z,01:12:13,01:20:05
楓,スピッツ,kR3Bf_tHRwA,https://youtu.be/kR3Bf_tHRwA?t=4805,2026-05-02T17:21:44Z,01:20:05,01:26:36
美しい棘,GLIM SPANKY,kR3Bf_tHRwA,https://youtu.be/kR3Bf_tHRwA?t=5196,2026-05-02T17:21:44Z,01:26:36,01:32:29
恋愛スピリッツ,チャットモンチー,kR3Bf_tHRwA,https://youtu.be/kR3Bf_tHRwA?t=5549,2026-05-02T17:21:44Z,01:32:29,01:37:30
蝶々結び,Aimer,kR3Bf_tHRwA,https://youtu.be/kR3Bf_tHRwA?t=5850,2026-05-02T17:21:44Z,01:37:30,01:42:59
あなたと,絢香×コブクロ,kR3Bf_tHRwA,https://youtu.be/kR3Bf_tHRwA?t=6179,2026-05-02T17:21:44Z,01:42:59,01:49:04
人として,SUPER BEAVER,kR3Bf_tHRwA,https://youtu.be/kR3Bf_tHRwA?t=6544,2026-05-02T17:21:44Z,01:49:04,01:53:57
光と影,ハナレグミ,kR3Bf_tHRwA,https://youtu.be/kR3Bf_tHRwA?t=6837,2026-05-02T17:21:44Z,01:53:57,02:00:46
ナモナキヒト,amazarashi,kR3Bf_tHRwA,https://youtu.be/kR3Bf_tHRwA?t=7246,2026-05-02T17:21:44Z,02:00:46,02:06:18
美しき思い出,amazarashi,kR3Bf_tHRwA,https://youtu.be/kR3Bf_tHRwA?t=7578,2026-05-02T17:21:44Z,02:06:18,02:13:35
Spica,BUMP OF CHICKEN,kR3Bf_tHRwA,https://youtu.be/kR3Bf_tHRwA?t=8015,2026-05-02T17:21:44Z,02:13:35,02:24:50
ノーチラス,ヨルシカ,kR3Bf_tHRwA,https://youtu.be/kR3Bf_tHRwA?t=8690,2026-05-02T17:21:44Z,02:24:50,02:29:30
風を食む,ヨルシカ,kR3Bf_tHRwA,https://youtu.be/kR3Bf_tHRwA?t=8970,2026-05-02T17:21:44Z,02:29:30,02:34:08
夜行,ヨルシカ,kR3Bf_tHRwA,https://youtu.be/kR3Bf_tHRwA?t=9248,2026-05-02T17:21:44Z,02:34:08,02:39:08
Just Be Friends,Dixie Flatline,tfYdFIciQFw,https://youtu.be/tfYdFIciQFw?t=1237,2026-05-03T17:18:50Z,00:20:37,00:27:46
弱虫モンブラン,DECO*27,tfYdFIciQFw,https://youtu.be/tfYdFIciQFw?t=1666,2026-05-03T17:18:50Z,00:27:46,00:35:36
愛迷エレジー,DECO*27,tfYdFIciQFw,https://youtu.be/tfYdFIciQFw?t=2136,2026-05-03T17:18:50Z,00:35:36,00:39:32
モザイクロール,DECO*27,tfYdFIciQFw,https://youtu.be/tfYdFIciQFw?t=2372,2026-05-03T17:18:50Z,00:39:32,00:43:39
からくりピエロ,40mP,tfYdFIciQFw,https://youtu.be/tfYdFIciQFw?t=2619,2026-05-03T17:18:50Z,00:43:39,00:49:15
トリノコシティ,40mP,tfYdFIciQFw,https://youtu.be/tfYdFIciQFw?t=2955,2026-05-03T17:18:50Z,00:49:15,00:53:40
シリョクケンサ,40mP,tfYdFIciQFw,https://youtu.be/tfYdFIciQFw?t=3220,2026-05-03T17:18:50Z,00:53:40,01:00:16
サリシノハラ,みきとP,tfYdFIciQFw,https://youtu.be/tfYdFIciQFw?t=3616,2026-05-03T17:18:50Z,01:00:16,01:07:11
ヨンジュウナナ,みきとP,tfYdFIciQFw,https://youtu.be/tfYdFIciQFw?t=4031,2026-05-03T17:18:50Z,01:07:11,01:14:24
小夜子,みきとP,tfYdFIciQFw,https://youtu.be/tfYdFIciQFw?t=4464,2026-05-03T17:18:50Z,01:14:24,01:19:49
少女レイ,みきとP,tfYdFIciQFw,https://youtu.be/tfYdFIciQFw?t=4789,2026-05-03T17:18:50Z,01:19:49,01:25:41
千本桜,黒うさP,tfYdFIciQFw,https://youtu.be/tfYdFIciQFw?t=5141,2026-05-03T17:18:50Z,01:25:41,01:30:56
マトリョシカ,ハチ,tfYdFIciQFw,https://youtu.be/tfYdFIciQFw?t=5456,2026-05-03T17:18:50Z,01:30:56,01:35:17
砂の惑星,ハチ,tfYdFIciQFw,https://youtu.be/tfYdFIciQFw?t=5717,2026-05-03T17:18:50Z,01:35:17,01:40:30
ドーナツホール,ハチ,tfYdFIciQFw,https://youtu.be/tfYdFIciQFw?t=6030,2026-05-03T17:18:50Z,01:40:30,01:45:54
リンネ,ハチ,tfYdFIciQFw,https://youtu.be/tfYdFIciQFw?t=6354,2026-05-03T17:18:50Z,01:45:54,01:51:51
ロストワンの号哭,Neru,tfYdFIciQFw,https://youtu.be/tfYdFIciQFw?t=6711,2026-05-03T17:18:50Z,01:51:51,01:57:27
東京テディベア,Neru,tfYdFIciQFw,https://youtu.be/tfYdFIciQFw?t=7047,2026-05-03T17:18:50Z,01:57:27,02:03:39
ハウトゥー世界征服,Neru,tfYdFIciQFw,https://youtu.be/tfYdFIciQFw?t=7419,2026-05-03T17:18:50Z,02:03:39,02:08:35
再教育,Neru,tfYdFIciQFw,https://youtu.be/tfYdFIciQFw?t=7715,2026-05-03T17:18:50Z,02:08:35,02:13:32
天ノ弱,164,tfYdFIciQFw,https://youtu.be/tfYdFIciQFw?t=8012,2026-05-03T17:18:50Z,02:13:32,02:17:42
ハッピーシンセサイザ,EasyPop,tfYdFIciQFw,https://youtu.be/tfYdFIciQFw?t=8262,2026-05-03T17:18:50Z,02:17:42,02:22:33
Calc.,ジミーサムP,tfYdFIciQFw,https://youtu.be/tfYdFIciQFw?t=8553,2026-05-03T17:18:50Z,02:22:33,02:27:44
深海少女,ゆうゆ,tfYdFIciQFw,https://youtu.be/tfYdFIciQFw?t=8864,2026-05-03T17:18:50Z,02:27:44,02:34:02
夜明けと蛍,n-buna,tfYdFIciQFw,https://youtu.be/tfYdFIciQFw?t=9242,2026-05-03T17:18:50Z,02:34:02,02:40:01
ロミオとシンデレラ,doriko,tfYdFIciQFw,https://youtu.be/tfYdFIciQFw?t=9601,2026-05-03T17:18:50Z,02:40:01,02:46:15
ルカルカ★ナイトフィーバー,samfree,tfYdFIciQFw,https://youtu.be/tfYdFIciQFw?t=9975,2026-05-03T17:18:50Z,02:46:15,02:51:15
完全感覚Dreamer,ONE OK ROCK,yxZPnZfnXrc,https://youtu.be/yxZPnZfnXrc?t=770,2026-05-04T16:37:57Z,00:12:50,00:17:14
未完成交響曲,ONE OK ROCK,yxZPnZfnXrc,https://youtu.be/yxZPnZfnXrc?t=1034,2026-05-04T16:37:57Z,00:17:14,00:20:51
インフェルノ,Mrs. GREEN APPLE,yxZPnZfnXrc,https://youtu.be/yxZPnZfnXrc?t=1251,2026-05-04T16:37:57Z,00:20:51,00:24:37
StaRt,Mrs. GREEN APPLE,yxZPnZfnXrc,https://youtu.be/yxZPnZfnXrc?t=1477,2026-05-04T16:37:57Z,00:24:37,00:28:37
シルエット,KANA-BOON,yxZPnZfnXrc,https://youtu.be/yxZPnZfnXrc?t=1717,2026-05-04T16:37:57Z,00:28:37,00:32:44
フルドライブ,KANA-BOON,yxZPnZfnXrc,https://youtu.be/yxZPnZfnXrc?t=1964,2026-05-04T16:37:57Z,00:32:44,00:36:03
ないものねだり,KANA-BOON,yxZPnZfnXrc,https://youtu.be/yxZPnZfnXrc?t=2163,2026-05-04T16:37:57Z,00:36:03,00:40:38
猟奇的なキスを私にして,ゲスの極み乙女。,yxZPnZfnXrc,https://youtu.be/yxZPnZfnXrc?t=2438,2026-05-04T16:37:57Z,00:40:38,00:44:44
リライト,ASIAN KUNG-FU GENERATION,yxZPnZfnXrc,https://youtu.be/yxZPnZfnXrc?t=2684,2026-05-04T16:37:57Z,00:44:44,00:48:38
未来の破片,ASIAN KUNG-FU GENERATION,yxZPnZfnXrc,https://youtu.be/yxZPnZfnXrc?t=2918,2026-05-04T16:37:57Z,00:48:38,00:54:07
monolith,04 Limited Sazabys,yxZPnZfnXrc,https://youtu.be/yxZPnZfnXrc?t=3247,2026-05-04T16:37:57Z,00:54:07,00:57:21
さよならプリズナー,yonige,yxZPnZfnXrc,https://youtu.be/yxZPnZfnXrc?t=3441,2026-05-04T16:37:57Z,00:57:21,01:02:05
FLY HIGH!!,BURNOUT SYNDROMES,yxZPnZfnXrc,https://youtu.be/yxZPnZfnXrc?t=3725,2026-05-04T16:37:57Z,01:02:05,01:06:16
らしさ,Official髭男dism,yxZPnZfnXrc,https://youtu.be/yxZPnZfnXrc?t=3976,2026-05-04T16:37:57Z,01:06:16,01:11:54
innocence,LAMP IN TERREN,yxZPnZfnXrc,https://youtu.be/yxZPnZfnXrc?t=4314,2026-05-04T16:37:57Z,01:11:54,01:16:44
おしゃかしゃま,RADWIMPS,yxZPnZfnXrc,https://youtu.be/yxZPnZfnXrc?t=4604,2026-05-04T16:37:57Z,01:16:44,01:21:42
トレモロ,RADWIMPS,yxZPnZfnXrc,https://youtu.be/yxZPnZfnXrc?t=4902,2026-05-04T16:37:57Z,01:21:42,01:25:25
シュガーソングとビターステップ,UNISON SQUARE GARDEN,yxZPnZfnXrc,https://youtu.be/yxZPnZfnXrc?t=5125,2026-05-04T16:37:57Z,01:25:25,01:29:43
シャンデリア・ワルツ,UNISON SQUARE GARDEN,yxZPnZfnXrc,https://youtu.be/yxZPnZfnXrc?t=5383,2026-05-04T16:37:57Z,01:29:43,01:34:53
場違いハミングバード,UNISON SQUARE GARDEN,yxZPnZfnXrc,https://youtu.be/yxZPnZfnXrc?t=5693,2026-05-04T16:37:57Z,01:34:53,01:40:19
新宝島,サカナクション,yxZPnZfnXrc,https://youtu.be/yxZPnZfnXrc?t=6019,2026-05-04T16:37:57Z,01:40:19,01:45:28
アイデンティティ,サカナクション,yxZPnZfnXrc,https://youtu.be/yxZPnZfnXrc?t=6328,2026-05-04T16:37:57Z,01:45:28,01:50:12
花になって,緑黄色社会,yxZPnZfnXrc,https://youtu.be/yxZPnZfnXrc?t=6612,2026-05-04T16:37:57Z,01:50:12,01:53:52
Shout Baby,緑黄色社会,yxZPnZfnXrc,https://youtu.be/yxZPnZfnXrc?t=6832,2026-05-04T16:37:57Z,01:53:52,01:58:45
天体観測,BUMP OF CHICKEN,yxZPnZfnXrc,https://youtu.be/yxZPnZfnXrc?t=7125,2026-05-04T16:37:57Z,01:58:45,02:03:22
I,BUMP OF CHICKEN,yxZPnZfnXrc,https://youtu.be/yxZPnZfnXrc?t=7402,2026-05-04T16:37:57Z,02:03:22,02:08:22
Pretender,Official髭男dism,YZZJk5IxTVM,https://youtu.be/YZZJk5IxTVM?t=1151,2026-05-05T16:35:11Z,00:19:11,00:25:44
忘れられないの,サカナクション,YZZJk5IxTVM,https://youtu.be/YZZJk5IxTVM?t=1544,2026-05-05T16:35:11Z,00:25:44,00:30:49
水平線,back number,YZZJk5IxTVM,https://youtu.be/YZZJk5IxTVM?t=1849,2026-05-05T16:35:11Z,00:30:49,00:37:32
キセキ,GReeeeN,YZZJk5IxTVM,https://youtu.be/YZZJk5IxTVM?t=2252,2026-05-05T16:35:11Z,00:37:32,00:44:51
ありがとう,いきものがかり,YZZJk5IxTVM,https://youtu.be/YZZJk5IxTVM?t=2691,2026-05-05T16:35:11Z,00:44:51,00:58:49
飴玉の唄,BUMP OF CHICKEN,YZZJk5IxTVM,https://youtu.be/YZZJk5IxTVM?t=3529,2026-05-05T16:35:11Z,00:58:49,01:08:04
ヒッチコック,ヨルシカ,YZZJk5IxTVM,https://youtu.be/YZZJk5IxTVM?t=4084,2026-05-05T16:35:11Z,01:08:04,01:14:27
Dear…,西野カナ,YZZJk5IxTVM,https://youtu.be/YZZJk5IxTVM?t=4467,2026-05-05T16:35:11Z,01:14:27,01:22:37
アイネクライネ,米津玄師,YZZJk5IxTVM,https://youtu.be/YZZJk5IxTVM?t=4957,2026-05-05T16:35:11Z,01:22:37,01:28:58
チェリー,スピッツ,YZZJk5IxTVM,https://youtu.be/YZZJk5IxTVM?t=5338,2026-05-05T16:35:11Z,01:28:58,01:33:58
じょいふる,いきものがかり,bXSfUymBy0I,https://youtu.be/bXSfUymBy0I?t=300,2026-05-06T15:11:37Z,00:05:00,00:08:42
only my railgun,fripSide,bXSfUymBy0I,https://youtu.be/bXSfUymBy0I?t=522,2026-05-06T15:11:37Z,00:08:42,00:13:00
サウダージ,ポルノグラフィティ,bXSfUymBy0I,https://youtu.be/bXSfUymBy0I?t=780,2026-05-06T15:11:37Z,00:13:00,00:17:07
タッチ,岩崎良美,bXSfUymBy0I,https://youtu.be/bXSfUymBy0I?t=1027,2026-05-06T15:11:37Z,00:17:07,00:22:07
さくらんぼ,大塚愛,FtUj8mnqDFo,https://youtu.be/FtUj8mnqDFo?t=932,2026-05-07T14:16:17Z,00:15:32,00:21:18
NEW KAWAII,FRUITS ZIPPER,FtUj8mnqDFo,https://youtu.be/FtUj8mnqDFo?t=1278,2026-05-07T14:16:17Z,00:21:18,00:27:19
わたしの一番かわいいところ,FRUITS ZIPPER,FtUj8mnqDFo,https://youtu.be/FtUj8mnqDFo?t=1639,2026-05-07T14:16:17Z,00:27:19,00:33:14
最上級にかわいいの！,超ときめき♡宣伝部,FtUj8mnqDFo,https://youtu.be/FtUj8mnqDFo?t=1994,2026-05-07T14:16:17Z,00:33:14,00:37:46
盛れ！ミ・アモーレ,Juice=Juice,FtUj8mnqDFo,https://youtu.be/FtUj8mnqDFo?t=2266,2026-05-07T14:16:17Z,00:37:46,00:43:11
Everyday、カチューシャ,AKB48,FtUj8mnqDFo,https://youtu.be/FtUj8mnqDFo?t=2591,2026-05-07T14:16:17Z,00:43:11,00:48:58
ヘビーローテーション,AKB48,FtUj8mnqDFo,https://youtu.be/FtUj8mnqDFo?t=2938,2026-05-07T14:16:17Z,00:48:58,00:54:50
恋愛サーキュレーション,千石撫子(花澤香菜),FtUj8mnqDFo,https://youtu.be/FtUj8mnqDFo?t=3290,2026-05-07T14:16:17Z,00:54:50,01:01:43
好-じょし-,サカグチアミ,FtUj8mnqDFo,https://youtu.be/FtUj8mnqDFo?t=3703,2026-05-07T14:16:17Z,01:01:43,01:06:43
プリキュア5、フル・スロットル GO GO!,工藤真由,FtUj8mnqDFo,https://youtu.be/FtUj8mnqDFo?t=4003,2026-05-07T14:16:17Z,01:06:43,01:11:33
プリキュア5、スマイルgo go!,工藤真由,FtUj8mnqDFo,https://youtu.be/FtUj8mnqDFo?t=4293,2026-05-07T14:16:17Z,01:11:33,01:17:02
DANZEN!ふたりはプリキュア,五條真由美,FtUj8mnqDFo,https://youtu.be/FtUj8mnqDFo?t=4622,2026-05-07T14:16:17Z,01:17:02,01:21:39
気まぐれロマンティック,いきものがかり,FtUj8mnqDFo,https://youtu.be/FtUj8mnqDFo?t=4899,2026-05-07T14:16:17Z,01:21:39,01:26:39
雨とカプチーノ,ヨルシカ,V5MmUjG4HXI,https://youtu.be/V5MmUjG4HXI?t=825,2026-05-08T17:59:30Z,00:13:45,00:21:19
花に亡霊,ヨルシカ,V5MmUjG4HXI,https://youtu.be/V5MmUjG4HXI?t=1279,2026-05-08T17:59:30Z,00:21:19,00:26:43
なんでもないや,RADWIMPS,V5MmUjG4HXI,https://youtu.be/V5MmUjG4HXI?t=1603,2026-05-08T17:59:30Z,00:26:43,00:33:53
me me she,RADWIMPS,V5MmUjG4HXI,https://youtu.be/V5MmUjG4HXI?t=2033,2026-05-08T17:59:30Z,00:33:53,00:39:46
オリオンをなぞる,UNISON SQUARE GARDEN,V5MmUjG4HXI,https://youtu.be/V5MmUjG4HXI?t=2386,2026-05-08T17:59:30Z,00:39:46,00:45:22
プラネタリウム,BUMP OF CHICKEN,V5MmUjG4HXI,https://youtu.be/V5MmUjG4HXI?t=2722,2026-05-08T17:59:30Z,00:45:22,00:52:38
ギルド,BUMP OF CHICKEN,V5MmUjG4HXI,https://youtu.be/V5MmUjG4HXI?t=3158,2026-05-08T17:59:30Z,00:52:38,01:00:18
地獄でなぜ悪い,星野源,V5MmUjG4HXI,https://youtu.be/V5MmUjG4HXI?t=3618,2026-05-08T17:59:30Z,01:00:18,01:06:08
くだらないの中に,星野源,V5MmUjG4HXI,https://youtu.be/V5MmUjG4HXI?t=3968,2026-05-08T17:59:30Z,01:06:08,01:16:14
Wherever you are,ONE OK ROCK,V5MmUjG4HXI,https://youtu.be/V5MmUjG4HXI?t=4574,2026-05-08T17:59:30Z,01:16:14,01:22:08
Heartache,ONE OK ROCK,V5MmUjG4HXI,https://youtu.be/V5MmUjG4HXI?t=4928,2026-05-08T17:59:30Z,01:22:08,01:27:44
幸せ,back number,V5MmUjG4HXI,https://youtu.be/V5MmUjG4HXI?t=5264,2026-05-08T17:59:30Z,01:27:44,01:35:03
Lemon,米津玄師,V5MmUjG4HXI,https://youtu.be/V5MmUjG4HXI?t=5703,2026-05-08T17:59:30Z,01:35:03,01:41:31
vivi,米津玄師,V5MmUjG4HXI,https://youtu.be/V5MmUjG4HXI?t=6091,2026-05-08T17:59:30Z,01:41:31,01:47:06
アイネクライネ,米津玄師,V5MmUjG4HXI,https://youtu.be/V5MmUjG4HXI?t=6426,2026-05-08T17:59:30Z,01:47:06,01:53:28
レム,BUMP OF CHICKEN,V5MmUjG4HXI,https://youtu.be/V5MmUjG4HXI?t=6808,2026-05-08T17:59:30Z,01:53:28,01:58:37
車輪の唄,BUMP OF CHICKEN,V5MmUjG4HXI,https://youtu.be/V5MmUjG4HXI?t=7117,2026-05-08T17:59:30Z,01:58:37,02:06:06
へび,ヨルシカ,V5MmUjG4HXI,https://youtu.be/V5MmUjG4HXI?t=7566,2026-05-08T17:59:30Z,02:06:06,02:13:53
思想犯,ヨルシカ,V5MmUjG4HXI,https://youtu.be/V5MmUjG4HXI?t=8033,2026-05-08T17:59:30Z,02:13:53,02:22:00
心做し,蝶々P,V5MmUjG4HXI,https://youtu.be/V5MmUjG4HXI?t=8520,2026-05-08T17:59:30Z,02:22:00,02:30:05
サマータイムレコード,じん,V5MmUjG4HXI,https://youtu.be/V5MmUjG4HXI?t=9005,2026-05-08T17:59:30Z,02:30:05,02:50:14
アイロニ,すこっぷ,V5MmUjG4HXI,https://youtu.be/V5MmUjG4HXI?t=10214,2026-05-08T17:59:30Z,02:50:14,02:58:18
晩餐歌,tuki.,V5MmUjG4HXI,https://youtu.be/V5MmUjG4HXI?t=10698,2026-05-08T17:59:30Z,02:58:18,03:03:12
ドライフラワー,優里,V5MmUjG4HXI,https://youtu.be/V5MmUjG4HXI?t=10992,2026-05-08T17:59:30Z,03:03:12,03:09:39
ミカヅキ,さユり,V5MmUjG4HXI,https://youtu.be/V5MmUjG4HXI?t=11379,2026-05-08T17:59:30Z,03:09:39,03:16:06
結晶,ミナミイズミ,V5MmUjG4HXI,https://youtu.be/V5MmUjG4HXI?t=11766,2026-05-08T17:59:30Z,03:16:06,03:24:44
ぐるぐる,ミナミイズミ,V5MmUjG4HXI,https://youtu.be/V5MmUjG4HXI?t=12284,2026-05-08T17:59:30Z,03:24:44,03:30:37
Break through,ミナミイズミ,V5MmUjG4HXI,https://youtu.be/V5MmUjG4HXI?t=12637,2026-05-08T17:59:30Z,03:30:37,03:35:37
daze,じん,8FUsXqaLIag,https://youtu.be/8FUsXqaLIag?t=856,2026-05-09T16:12:46Z,00:14:16,00:18:18
六兆年と一夜物語,kemu,8FUsXqaLIag,https://youtu.be/8FUsXqaLIag?t=1098,2026-05-09T16:12:46Z,00:18:18,00:22:09
パンダヒーロー,ハチ,8FUsXqaLIag,https://youtu.be/8FUsXqaLIag?t=1329,2026-05-09T16:12:46Z,00:22:09,00:25:58
ライオン,"シェリル・ノーム starring May'n,ランカ・リー=中島愛",8FUsXqaLIag,https://youtu.be/8FUsXqaLIag?t=1558,2026-05-09T16:12:46Z,00:25:58,00:31:03
創聖のアクエリオン,AKINO,8FUsXqaLIag,https://youtu.be/8FUsXqaLIag?t=1863,2026-05-09T16:12:46Z,00:31:03,00:35:51
青のすみか,キタニタツヤ,8FUsXqaLIag,https://youtu.be/8FUsXqaLIag?t=2151,2026-05-09T16:12:46Z,00:35:51,00:39:17
サムライハート(Some Like It Hot!!),SPYAIR,8FUsXqaLIag,https://youtu.be/8FUsXqaLIag?t=2357,2026-05-09T16:12:46Z,00:39:17,00:42:39
勘冴えて悔しいわ,ずっと真夜中でいいのに。,8FUsXqaLIag,https://youtu.be/8FUsXqaLIag?t=2559,2026-05-09T16:12:46Z,00:42:39,00:46:46
秒針を噛む,ずっと真夜中でいいのに。,8FUsXqaLIag,https://youtu.be/8FUsXqaLIag?t=2806,2026-05-09T16:12:46Z,00:46:46,00:51:19
ただ君に晴れ,ヨルシカ,8FUsXqaLIag,https://youtu.be/8FUsXqaLIag?t=3079,2026-05-09T16:12:46Z,00:51:19,00:54:53
八月、某、月明かり,ヨルシカ,8FUsXqaLIag,https://youtu.be/8FUsXqaLIag?t=3293,2026-05-09T16:12:46Z,00:54:53,00:59:37
夕凪、某、花惑い,ヨルシカ,8FUsXqaLIag,https://youtu.be/8FUsXqaLIag?t=3577,2026-05-09T16:12:46Z,00:59:37,01:03:10
レプリカント,ヨルシカ,8FUsXqaLIag,https://youtu.be/8FUsXqaLIag?t=3790,2026-05-09T16:12:46Z,01:03:10,01:07:02
だから僕は音楽を辞めた,ヨルシカ,8FUsXqaLIag,https://youtu.be/8FUsXqaLIag?t=4022,2026-05-09T16:12:46Z,01:07:02,01:11:59
乗車権,BUMP OF CHICKEN,8FUsXqaLIag,https://youtu.be/8FUsXqaLIag?t=4319,2026-05-09T16:12:46Z,01:11:59,01:15:33
才悩人応援歌,BUMP OF CHICKEN,8FUsXqaLIag,https://youtu.be/8FUsXqaLIag?t=4533,2026-05-09T16:12:46Z,01:15:33,01:19:58
ハルジオン,BUMP OF CHICKEN,8FUsXqaLIag,https://youtu.be/8FUsXqaLIag?t=4798,2026-05-09T16:12:46Z,01:19:58,01:29:46
Butterfly,BUMP OF CHICKEN,8FUsXqaLIag,https://youtu.be/8FUsXqaLIag?t=5386,2026-05-09T16:12:46Z,01:29:46,01:34:46
アイロニー,ミナミイズミ,lZNAzPJnrCM,https://youtu.be/lZNAzPJnrCM?t=696,2026-05-10T16:20:27Z,00:11:36,00:17:34
Break through,ミナミイズミ,lZNAzPJnrCM,https://youtu.be/lZNAzPJnrCM?t=1054,2026-05-10T16:20:27Z,00:17:34,00:24:09
諦めることを諦めたい,ミナミイズミ,lZNAzPJnrCM,https://youtu.be/lZNAzPJnrCM?t=1449,2026-05-10T16:20:27Z,00:24:09,00:29:28
ぐるぐる,ミナミイズミ,lZNAzPJnrCM,https://youtu.be/lZNAzPJnrCM?t=1768,2026-05-10T16:20:27Z,00:29:28,00:36:09
心の残響,ミナミイズミ,lZNAzPJnrCM,https://youtu.be/lZNAzPJnrCM?t=2169,2026-05-10T16:20:27Z,00:36:09,00:43:27
結晶,ミナミイズミ,lZNAzPJnrCM,https://youtu.be/lZNAzPJnrCM?t=2607,2026-05-10T16:20:27Z,00:43:27,00:55:11
海を進む,ミナミイズミ,lZNAzPJnrCM,https://youtu.be/lZNAzPJnrCM?t=3311,2026-05-10T16:20:27Z,00:55:11,01:02:37
※曲名内緒,ミナミイズミ,lZNAzPJnrCM,https://youtu.be/lZNAzPJnrCM?t=3757,2026-05-10T16:20:27Z,01:02:37,01:09:24
チワワになりたい,ミナミイズミ,lZNAzPJnrCM,https://youtu.be/lZNAzPJnrCM?t=4164,2026-05-10T16:20:27Z,01:09:24,01:14:24
裏表ラバーズ,wowaka,Dr0J0e5jDa8,https://youtu.be/Dr0J0e5jDa8?t=808,2026-05-12T16:40:55Z,00:13:28,00:16:43
ロミオとシンデレラ,doriko,Dr0J0e5jDa8,https://youtu.be/Dr0J0e5jDa8?t=1003,2026-05-12T16:40:55Z,00:16:43,00:21:42
藍二乗,ヨルシカ,Dr0J0e5jDa8,https://youtu.be/Dr0J0e5jDa8?t=1302,2026-05-12T16:40:55Z,00:21:42,00:26:40
心に穴が空いた,ヨルシカ,Dr0J0e5jDa8,https://youtu.be/Dr0J0e5jDa8?t=1600,2026-05-12T16:40:55Z,00:26:40,00:31:25
怪獣の花唄,Vaundy,Dr0J0e5jDa8,https://youtu.be/Dr0J0e5jDa8?t=1885,2026-05-12T16:40:55Z,00:31:25,00:36:47
アイデンティティ,サカナクション,Dr0J0e5jDa8,https://youtu.be/Dr0J0e5jDa8?t=2207,2026-05-12T16:40:55Z,00:36:47,00:41:14
新宝島,サカナクション,Dr0J0e5jDa8,https://youtu.be/Dr0J0e5jDa8?t=2474,2026-05-12T16:40:55Z,00:41:14,00:46:23
ハレンチ,ちゃんみな,Dr0J0e5jDa8,https://youtu.be/Dr0J0e5jDa8?t=2783,2026-05-12T16:40:55Z,00:46:23,00:50:10
青のすみか,キタニタツヤ,Dr0J0e5jDa8,https://youtu.be/Dr0J0e5jDa8?t=3010,2026-05-12T16:40:55Z,00:50:10,00:53:52
IRIS OUT,米津玄師,Dr0J0e5jDa8,https://youtu.be/Dr0J0e5jDa8?t=3232,2026-05-12T16:40:55Z,00:53:52,00:56:50
残酷な天使のテーゼ,高橋洋子,Dr0J0e5jDa8,https://youtu.be/Dr0J0e5jDa8?t=3410,2026-05-12T16:40:55Z,00:56:50,01:01:12
晴る,ヨルシカ,Dr0J0e5jDa8,https://youtu.be/Dr0J0e5jDa8?t=3672,2026-05-12T16:40:55Z,01:01:12,01:05:55
紅蓮華,LiSA,Dr0J0e5jDa8,https://youtu.be/Dr0J0e5jDa8?t=3955,2026-05-12T16:40:55Z,01:05:55,01:10:18
シルエット,KANA-BOON,Dr0J0e5jDa8,https://youtu.be/Dr0J0e5jDa8?t=4218,2026-05-12T16:40:55Z,01:10:18,01:16:51
アイドル,YOASOBI,Dr0J0e5jDa8,https://youtu.be/Dr0J0e5jDa8?t=4611,2026-05-12T16:40:55Z,01:16:51,01:21:51
心の残響,ミナミイズミ,aRcjvZURWeA,https://youtu.be/aRcjvZURWeA?t=180,2026-05-13T13:25:35Z,00:03:00,00:06:56
夜咄ディセイブ,じん,aRcjvZURWeA,https://youtu.be/aRcjvZURWeA?t=416,2026-05-13T13:25:35Z,00:06:56,00:19:43
Break through,ミナミイズミ,aRcjvZURWeA,https://youtu.be/aRcjvZURWeA?t=1183,2026-05-13T13:25:35Z,00:19:43,00:23:59
僕が死のうと思ったのは,amazarashi,aRcjvZURWeA,https://youtu.be/aRcjvZURWeA?t=1439,2026-05-13T13:25:35Z,00:23:59,00:30:10
結晶,ミナミイズミ,aRcjvZURWeA,https://youtu.be/aRcjvZURWeA?t=1810,2026-05-13T13:25:35Z,00:30:10,00:39:47
諦めることを諦めたい,ミナミイズミ,aRcjvZURWeA,https://youtu.be/aRcjvZURWeA?t=2387,2026-05-13T13:25:35Z,00:39:47,00:43:15
ray,BUMP OF CHICKEN,aRcjvZURWeA,https://youtu.be/aRcjvZURWeA?t=2595,2026-05-13T13:25:35Z,00:43:15,00:48:21
アカシア,BUMP OF CHICKEN,aRcjvZURWeA,https://youtu.be/aRcjvZURWeA?t=2901,2026-05-13T13:25:35Z,00:48:21,00:53:21
ワンルーム叙事詩,amazarashi,POIx9DHjVxg,https://youtu.be/POIx9DHjVxg?t=893,2026-05-16T15:26:39Z,00:14:53,00:20:55
ロストマン,BUMP OF CHICKEN,POIx9DHjVxg,https://youtu.be/POIx9DHjVxg?t=1255,2026-05-16T15:26:39Z,00:20:55,00:28:48
HANABI,いきものがかり,POIx9DHjVxg,https://youtu.be/POIx9DHjVxg?t=1728,2026-05-16T15:26:39Z,00:28:48,00:34:46
ありがとう,いきものがかり,POIx9DHjVxg,https://youtu.be/POIx9DHjVxg?t=2086,2026-05-16T15:26:39Z,00:34:46,00:42:54
KissHug,aiko,POIx9DHjVxg,https://youtu.be/POIx9DHjVxg?t=2574,2026-05-16T15:26:39Z,00:42:54,00:50:00
エンドレスロール,hockrockb,POIx9DHjVxg,https://youtu.be/POIx9DHjVxg?t=3000,2026-05-16T15:26:39Z,00:50:00,00:55:10
怪獣,サカナクション,POIx9DHjVxg,https://youtu.be/POIx9DHjVxg?t=3310,2026-05-16T15:26:39Z,00:55:10,01:02:21
グッドバイ,サカナクション,POIx9DHjVxg,https://youtu.be/POIx9DHjVxg?t=3741,2026-05-16T15:26:39Z,01:02:21,01:08:02
オッドアイ,さユり,POIx9DHjVxg,https://youtu.be/POIx9DHjVxg?t=4082,2026-05-16T15:26:39Z,01:08:02,01:16:37
銀河鉄道,BUMP OF CHICKEN,POIx9DHjVxg,https://youtu.be/POIx9DHjVxg?t=4597,2026-05-16T15:26:39Z,01:16:37,01:26:24
(please)forgive,BUMP OF CHICKEN,POIx9DHjVxg,https://youtu.be/POIx9DHjVxg?t=5184,2026-05-16T15:26:39Z,01:26:24,01:31:24
WINDING ROAD,絢香×コブクロ,EyqQjzAH2OA,https://youtu.be/EyqQjzAH2OA?t=297,2026-05-18T13:58:18Z,00:04:57,00:15:12
おしゃかしゃま,RADWIMPS,EyqQjzAH2OA,https://youtu.be/EyqQjzAH2OA?t=912,2026-05-18T13:58:18Z,00:15:12,00:19:09
青のすみか,キタニタツヤ,EyqQjzAH2OA,https://youtu.be/EyqQjzAH2OA?t=1149,2026-05-18T13:58:18Z,00:19:09,00:28:21
SOUVENIR,BUMP OF CHICKEN,EyqQjzAH2OA,https://youtu.be/EyqQjzAH2OA?t=1701,2026-05-18T13:58:18Z,00:28:21,00:33:01
Blue Jeans,HANA,EyqQjzAH2OA,https://youtu.be/EyqQjzAH2OA?t=1981,2026-05-18T13:58:18Z,00:33:01,00:36:36
コイスルオトメ,いきものがかり,EyqQjzAH2OA,https://youtu.be/EyqQjzAH2OA?t=2196,2026-05-18T13:58:18Z,00:36:36,00:52:27
赤い糸,コブクロ,EyqQjzAH2OA,https://youtu.be/EyqQjzAH2OA?t=3147,2026-05-18T13:58:18Z,00:52:27,00:59:33
点描の唄,Mrs. GREEN APPLE,EyqQjzAH2OA,https://youtu.be/EyqQjzAH2OA?t=3573,2026-05-18T13:58:18Z,00:59:33,01:11:36
諦めることを諦めたい,ミナミイズミ,EyqQjzAH2OA,https://youtu.be/EyqQjzAH2OA?t=4296,2026-05-18T13:58:18Z,01:11:36,01:18:45
ぐうたらいふ,松永依織,EyqQjzAH2OA,https://youtu.be/EyqQjzAH2OA?t=4725,2026-05-18T13:58:18Z,01:18:45,01:23:45
幻の命,SEKAI NO OWARI,F-_nvv2nyFk,https://youtu.be/F-_nvv2nyFk?t=649,2026-05-21T07:02:04Z,00:10:49,00:16:08
眠り姫,SEKAI NO OWARI,F-_nvv2nyFk,https://youtu.be/F-_nvv2nyFk?t=968,2026-05-21T07:02:04Z,00:16:08,00:22:02
美しい鰭,スピッツ,F-_nvv2nyFk,https://youtu.be/F-_nvv2nyFk?t=1322,2026-05-21T07:02:04Z,00:22:02,00:25:58
化物,星野源,F-_nvv2nyFk,https://youtu.be/F-_nvv2nyFk?t=1558,2026-05-21T07:02:04Z,00:25:58,00:29:07
奏,スキマスイッチ,F-_nvv2nyFk,https://youtu.be/F-_nvv2nyFk?t=1747,2026-05-21T07:02:04Z,00:29:07,00:37:02
春雷,米津玄師,F-_nvv2nyFk,https://youtu.be/F-_nvv2nyFk?t=2222,2026-05-21T07:02:04Z,00:37:02,00:43:48
MAD HEAD LOVE,米津玄師,F-_nvv2nyFk,https://youtu.be/F-_nvv2nyFk?t=2628,2026-05-21T07:02:04Z,00:43:48,00:47:43
星間飛行,ランカ・リー＝中島愛,F-_nvv2nyFk,https://youtu.be/F-_nvv2nyFk?t=2863,2026-05-21T07:02:04Z,00:47:43,00:51:56
Stage of the ground,BUMP OF CHICKEN,F-_nvv2nyFk,https://youtu.be/F-_nvv2nyFk?t=3116,2026-05-21T07:02:04Z,00:51:56,00:58:29
ハンマーソングと痛みの塔,BUMP OF CHICKEN,F-_nvv2nyFk,https://youtu.be/F-_nvv2nyFk?t=3509,2026-05-21T07:02:04Z,00:58:29,01:03:27
K,BUMP OF CHICKEN,F-_nvv2nyFk,https://youtu.be/F-_nvv2nyFk?t=3807,2026-05-21T07:02:04Z,01:03:27,01:08:22
ray 超かぐや姫！Version,かぐや(cv.夏吉ゆうこ)、月見ヤチヨ(cv.早見沙織),F-_nvv2nyFk,https://youtu.be/F-_nvv2nyFk?t=4102,2026-05-21T07:02:04Z,01:08:22,01:17:33
ナチュラルに恋して,Perfume,F-_nvv2nyFk,https://youtu.be/F-_nvv2nyFk?t=4653,2026-05-21T07:02:04Z,01:17:33,01:21:04
VOICE,Perfume,F-_nvv2nyFk,https://youtu.be/F-_nvv2nyFk?t=4864,2026-05-21T07:02:04Z,01:21:04,01:26:04
じょいふる,いきものがかり,J9m7T-tzqM8,https://youtu.be/J9m7T-tzqM8?t=669,2026-05-22T15:33:32Z,00:11:09,00:14:55
気まぐれロマンティック,いきものがかり,J9m7T-tzqM8,https://youtu.be/J9m7T-tzqM8?t=895,2026-05-22T15:33:32Z,00:14:55,00:20:04
ふわふわ時間,放課後ティータイム,J9m7T-tzqM8,https://youtu.be/J9m7T-tzqM8?t=1204,2026-05-22T15:33:32Z,00:20:04,00:25:38
なないろ,BUMP OF CHICKEN,J9m7T-tzqM8,https://youtu.be/J9m7T-tzqM8?t=1538,2026-05-22T15:33:32Z,00:25:38,00:33:28
東京賛歌,BUMP OF CHICKEN,J9m7T-tzqM8,https://youtu.be/J9m7T-tzqM8?t=2008,2026-05-22T15:33:32Z,00:33:28,00:42:57
夜咄ディセイブ,じん,J9m7T-tzqM8,https://youtu.be/J9m7T-tzqM8?t=2577,2026-05-22T15:33:32Z,00:42:57,00:48:08
ドーナツホール,ハチ,J9m7T-tzqM8,https://youtu.be/J9m7T-tzqM8?t=2888,2026-05-22T15:33:32Z,00:48:08,00:54:36
ココロのちず,BOYSTYLE,J9m7T-tzqM8,https://youtu.be/J9m7T-tzqM8?t=3276,2026-05-22T15:33:32Z,00:54:36,00:59:42
ウィーアー！,きただにひろし,J9m7T-tzqM8,https://youtu.be/J9m7T-tzqM8?t=3582,2026-05-22T15:33:32Z,00:59:42,01:05:19
シュガーソングとビターステップ,UNISON SQUARE GARDEN,J9m7T-tzqM8,https://youtu.be/J9m7T-tzqM8?t=3919,2026-05-22T15:33:32Z,01:05:19,01:09:46
オリオンをなぞる,UNISON SQUARE GARDEN,J9m7T-tzqM8,https://youtu.be/J9m7T-tzqM8?t=4186,2026-05-22T15:33:32Z,01:09:46,01:15:23
アイデンティティ,サカナクション,J9m7T-tzqM8,https://youtu.be/J9m7T-tzqM8?t=4523,2026-05-22T15:33:32Z,01:15:23,01:21:01
新宝島,サカナクション,J9m7T-tzqM8,https://youtu.be/J9m7T-tzqM8?t=4861,2026-05-22T15:33:32Z,01:21:01,01:26:23
恋,星野源,J9m7T-tzqM8,https://youtu.be/J9m7T-tzqM8?t=5183,2026-05-22T15:33:32Z,01:26:23,01:33:44
虹を待つ人,BUMP OF CHICKEN,J9m7T-tzqM8,https://youtu.be/J9m7T-tzqM8?t=5624,2026-05-22T15:33:32Z,01:33:44,01:41:33
ぐるぐる,ミナミイズミ,J9m7T-tzqM8,https://youtu.be/J9m7T-tzqM8?t=6093,2026-05-22T15:33:32Z,01:41:33,01:46:07
チワワになりたい,ミナミイズミ,J9m7T-tzqM8,https://youtu.be/J9m7T-tzqM8?t=6367,2026-05-22T15:33:32Z,01:46:07,01:56:46
Break through,ミナミイズミ,J9m7T-tzqM8,https://youtu.be/J9m7T-tzqM8?t=7006,2026-05-22T15:33:32Z,01:56:46,02:01:46
瞳に映らない,indigo la End,Z95uauKGkgw,https://youtu.be/Z95uauKGkgw?t=899,2026-05-23T15:12:30Z,00:14:59,00:20:38
鱗（うろこ）,秦基博,Z95uauKGkgw,https://youtu.be/Z95uauKGkgw?t=1238,2026-05-23T15:12:30Z,00:20:38,00:30:37
純情スカート,40mP,Z95uauKGkgw,https://youtu.be/Z95uauKGkgw?t=1837,2026-05-23T15:12:30Z,00:30:37,00:36:55
変わらないもの,奥華子,Z95uauKGkgw,https://youtu.be/Z95uauKGkgw?t=2215,2026-05-23T15:12:30Z,00:36:55,00:42:58
さよならアイデンティティー,yonige,Z95uauKGkgw,https://youtu.be/Z95uauKGkgw?t=2578,2026-05-23T15:12:30Z,00:42:58,00:49:54
inside you,milet,Z95uauKGkgw,https://youtu.be/Z95uauKGkgw?t=2994,2026-05-23T15:12:30Z,00:49:54,01:07:13
桜,コブクロ,Z95uauKGkgw,https://youtu.be/Z95uauKGkgw?t=4033,2026-05-23T15:12:30Z,01:07:13,01:14:10
花鳥風月,SEKAI NO OWARI,Z95uauKGkgw,https://youtu.be/Z95uauKGkgw?t=4450,2026-05-23T15:12:30Z,01:14:10,01:30:07
人として,SUPER BEAVER,Z95uauKGkgw,https://youtu.be/Z95uauKGkgw?t=5407,2026-05-23T15:12:30Z,01:30:07,01:42:09
beautiful glider,BUMP OF CHICKEN,Z95uauKGkgw,https://youtu.be/Z95uauKGkgw?t=6129,2026-05-23T15:12:30Z,01:42:09,01:47:09
アイデンティティ,サカナクション,mO7dObtPOZI,https://youtu.be/mO7dObtPOZI?t=45,2026-05-26T11:23:55Z,00:00:45,00:05:07
花の塔,さユり,mO7dObtPOZI,https://youtu.be/mO7dObtPOZI?t=307,2026-05-26T11:23:55Z,00:05:07,00:11:08
Awaken Now,松永依織,mO7dObtPOZI,https://youtu.be/mO7dObtPOZI?t=668,2026-05-26T11:23:55Z,00:11:08,00:11:42
セントエルモの火,皇美緒奈,mO7dObtPOZI,https://youtu.be/mO7dObtPOZI?t=702,2026-05-26T11:23:55Z,00:11:42,00:12:22
走り出したら,朝倉杏子,mO7dObtPOZI,https://youtu.be/mO7dObtPOZI?t=742,2026-05-26T11:23:55Z,00:12:22,00:12:53
水色ファンファーレ,白河しらせ,mO7dObtPOZI,https://youtu.be/mO7dObtPOZI?t=773,2026-05-26T11:23:55Z,00:12:53,00:13:28
レトロスペクティカ,伊月知世,mO7dObtPOZI,https://youtu.be/mO7dObtPOZI?t=808,2026-05-26T11:23:55Z,00:13:28,00:14:13
ひだまりのよる,時庭らんぜ,mO7dObtPOZI,https://youtu.be/mO7dObtPOZI?t=853,2026-05-26T11:23:55Z,00:14:13,00:14:43
朱月の季節,朱名,mO7dObtPOZI,https://youtu.be/mO7dObtPOZI?t=883,2026-05-26T11:23:55Z,00:14:43,00:15:19
ひかげぼっこ,メーメントヴァニタス,mO7dObtPOZI,https://youtu.be/mO7dObtPOZI?t=919,2026-05-26T11:23:55Z,00:15:19,00:16:08
ぐるぐる,ミナミイズミ,mO7dObtPOZI,https://youtu.be/mO7dObtPOZI?t=968,2026-05-26T11:23:55Z,00:16:08,00:21:08
世界に一つだけの花,SMAP,c8ulVzUelFU,https://youtu.be/c8ulVzUelFU?t=733,2026-05-28T23:51:11Z,00:12:13,00:17:27
やさしさに包まれたなら,松任谷由実,c8ulVzUelFU,https://youtu.be/c8ulVzUelFU?t=1047,2026-05-28T23:51:11Z,00:17:27,00:22:42
なないろ,BUMP OF CHICKEN,c8ulVzUelFU,https://youtu.be/c8ulVzUelFU?t=1362,2026-05-28T23:51:11Z,00:22:42,00:28:38
怪獣の花唄,Vaundy,c8ulVzUelFU,https://youtu.be/c8ulVzUelFU?t=1718,2026-05-28T23:51:11Z,00:28:38,00:33:53
夏色,ゆず,c8ulVzUelFU,https://youtu.be/c8ulVzUelFU?t=2033,2026-05-28T23:51:11Z,00:33:53,00:39:15
マリーゴールド,あいみょん,c8ulVzUelFU,https://youtu.be/c8ulVzUelFU?t=2355,2026-05-28T23:51:11Z,00:39:15,00:44:53
君はロックを聴かない,あいみょん,c8ulVzUelFU,https://youtu.be/c8ulVzUelFU?t=2693,2026-05-28T23:51:11Z,00:44:53,00:50:36
アンパンマンのマーチ,ドリーミング,c8ulVzUelFU,https://youtu.be/c8ulVzUelFU?t=3036,2026-05-28T23:51:11Z,00:50:36,00:59:01
サウダージ,ポルノグラフィティ,c8ulVzUelFU,https://youtu.be/c8ulVzUelFU?t=3541,2026-05-28T23:51:11Z,00:59:01,01:04:25
ぐるぐる,ミナミイズミ,c8ulVzUelFU,https://youtu.be/c8ulVzUelFU?t=3865,2026-05-28T23:51:11Z,01:04:25,01:09:25
水平線,back number,oQe4hlof8ME,https://youtu.be/oQe4hlof8ME?t=940,2026-05-30T16:33:26Z,00:15:40,00:20:29
幸せ,back number,oQe4hlof8ME,https://youtu.be/oQe4hlof8ME?t=1229,2026-05-30T16:33:26Z,00:20:29,00:29:34
BABY STEP,LAMP IN TERREN,oQe4hlof8ME,https://youtu.be/oQe4hlof8ME?t=1774,2026-05-30T16:33:26Z,00:29:34,00:36:13
secret base〜君がくれたもの〜,ZONE,oQe4hlof8ME,https://youtu.be/oQe4hlof8ME?t=2173,2026-05-30T16:33:26Z,00:36:13,00:43:45
靴の花火,ヨルシカ,oQe4hlof8ME,https://youtu.be/oQe4hlof8ME?t=2625,2026-05-30T16:33:26Z,00:43:45,00:49:19
花に亡霊,ヨルシカ,oQe4hlof8ME,https://youtu.be/oQe4hlof8ME?t=2959,2026-05-30T16:33:26Z,00:49:19,00:54:12
忘れてください,ヨルシカ,oQe4hlof8ME,https://youtu.be/oQe4hlof8ME?t=3252,2026-05-30T16:33:26Z,00:54:12,00:59:29
風を食む,ヨルシカ,oQe4hlof8ME,https://youtu.be/oQe4hlof8ME?t=3569,2026-05-30T16:33:26Z,00:59:29,01:09:29
花人局,ヨルシカ,oQe4hlof8ME,https://youtu.be/oQe4hlof8ME?t=4169,2026-05-30T16:33:26Z,01:09:29,01:16:37
夜明けと蛍,n-buna,oQe4hlof8ME,https://youtu.be/oQe4hlof8ME?t=4597,2026-05-30T16:33:26Z,01:16:37,01:23:29
天ノ弱,164,oQe4hlof8ME,https://youtu.be/oQe4hlof8ME?t=5009,2026-05-30T16:33:26Z,01:23:29,01:27:51
からくりピエロ,40mP,oQe4hlof8ME,https://youtu.be/oQe4hlof8ME?t=5271,2026-05-30T16:33:26Z,01:27:51,01:33:30
トリノコシティ,40mP,oQe4hlof8ME,https://youtu.be/oQe4hlof8ME?t=5610,2026-05-30T16:33:26Z,01:33:30,01:38:23
シリョクケンサ,40mP,oQe4hlof8ME,https://youtu.be/oQe4hlof8ME?t=5903,2026-05-30T16:33:26Z,01:38:23,01:44:16
ロミオとシンデレラ,doriko,oQe4hlof8ME,https://youtu.be/oQe4hlof8ME?t=6256,2026-05-30T16:33:26Z,01:44:16,01:52:22
magnet,minato,oQe4hlof8ME,https://youtu.be/oQe4hlof8ME?t=6742,2026-05-30T16:33:26Z,01:52:22,01:59:25
ミカヅキ,さユり,oQe4hlof8ME,https://youtu.be/oQe4hlof8ME?t=7165,2026-05-30T16:33:26Z,01:59:25,02:05:16
フラレガイガール,さユり,oQe4hlof8ME,https://youtu.be/oQe4hlof8ME?t=7516,2026-05-30T16:33:26Z,02:05:16,02:13:19
トレモロ,RADWIMPS,oQe4hlof8ME,https://youtu.be/oQe4hlof8ME?t=7999,2026-05-30T16:33:26Z,02:13:19,02:24:39
炎,LiSA,oQe4hlof8ME,https://youtu.be/oQe4hlof8ME?t=8679,2026-05-30T16:33:26Z,02:24:39,02:30:10
若者のすべて,フジファブリック,oQe4hlof8ME,https://youtu.be/oQe4hlof8ME?t=9010,2026-05-30T16:33:26Z,02:30:10,02:43:09
心の残響,ミナミイズミ,oQe4hlof8ME,https://youtu.be/oQe4hlof8ME?t=9789,2026-05-30T16:33:26Z,02:43:09,02:48:09
流星,コブクロ,w64LliYM8zg,https://youtu.be/w64LliYM8zg?t=925,2026-06-02T15:20:49Z,00:15:25,00:21:15
おやすみ泣き声、さよなら歌姫,クリープハイプ,w64LliYM8zg,https://youtu.be/w64LliYM8zg?t=1275,2026-06-02T15:20:49Z,00:21:15,00:25:41
宝石になった日,BUMP OF CHICKEN,w64LliYM8zg,https://youtu.be/w64LliYM8zg?t=1541,2026-06-02T15:20:49Z,00:25:41,00:30:44
ラフ・メイカー,BUMP OF CHICKEN,w64LliYM8zg,https://youtu.be/w64LliYM8zg?t=1844,2026-06-02T15:20:49Z,00:30:44,00:34:51
アカシア,BUMP OF CHICKEN,w64LliYM8zg,https://youtu.be/w64LliYM8zg?t=2091,2026-06-02T15:20:49Z,00:34:51,00:39:32
天体観測,BUMP OF CHICKEN,w64LliYM8zg,https://youtu.be/w64LliYM8zg?t=2372,2026-06-02T15:20:49Z,00:39:32,00:44:51
66号線,BUMP OF CHICKEN,w64LliYM8zg,https://youtu.be/w64LliYM8zg?t=2691,2026-06-02T15:20:49Z,00:44:51,00:52:41
Rising Hope,LiSA,w64LliYM8zg,https://youtu.be/w64LliYM8zg?t=3161,2026-06-02T15:20:49Z,00:52:41,00:57:24
紅蓮華,LiSA,w64LliYM8zg,https://youtu.be/w64LliYM8zg?t=3444,2026-06-02T15:20:49Z,00:57:24,01:01:49
unravel,TK from 凛として時雨,w64LliYM8zg,https://youtu.be/w64LliYM8zg?t=3709,2026-06-02T15:20:49Z,01:01:49,01:06:00
季節は次々死んでいく,amazarashi,w64LliYM8zg,https://youtu.be/w64LliYM8zg?t=3960,2026-06-02T15:20:49Z,01:06:00,01:12:02
空に歌えば,amazarashi,w64LliYM8zg,https://youtu.be/w64LliYM8zg?t=4322,2026-06-02T15:20:49Z,01:12:02,01:15:55
境界線,amazarashi,w64LliYM8zg,https://youtu.be/w64LliYM8zg?t=4555,2026-06-02T15:20:49Z,01:15:55,01:21:49
青のすみか,キタニタツヤ,w64LliYM8zg,https://youtu.be/w64LliYM8zg?t=4909,2026-06-02T15:20:49Z,01:21:49,01:25:28
スカー,キタニタツヤ,w64LliYM8zg,https://youtu.be/w64LliYM8zg?t=5128,2026-06-02T15:20:49Z,01:25:28,01:30:29
いらない,サカナクション,w64LliYM8zg,https://youtu.be/w64LliYM8zg?t=5429,2026-06-02T15:20:49Z,01:30:29,01:34:28
怪獣,サカナクション,w64LliYM8zg,https://youtu.be/w64LliYM8zg?t=5668,2026-06-02T15:20:49Z,01:34:28,01:39:12
夜の踊り子,サカナクション,w64LliYM8zg,https://youtu.be/w64LliYM8zg?t=5952,2026-06-02T15:20:49Z,01:39:12,01:44:27
アイデンティティ,サカナクション,w64LliYM8zg,https://youtu.be/w64LliYM8zg?t=6267,2026-06-02T15:20:49Z,01:44:27,01:50:32
千鳥,ヨルシカ,w64LliYM8zg,https://youtu.be/w64LliYM8zg?t=6632,2026-06-02T15:20:49Z,01:50:32,01:55:02
八月、某、月明かり,ヨルシカ,w64LliYM8zg,https://youtu.be/w64LliYM8zg?t=6902,2026-06-02T15:20:49Z,01:55:02,02:08:23
夕凪、某、花惑い,ヨルシカ,w64LliYM8zg,https://youtu.be/w64LliYM8zg?t=7703,2026-06-02T15:20:49Z,02:08:23,02:12:17
夜紛い,ヨルシカ,w64LliYM8zg,https://youtu.be/w64LliYM8zg?t=7937,2026-06-02T15:20:49Z,02:12:17,02:16:06
言って。,ヨルシカ,w64LliYM8zg,https://youtu.be/w64LliYM8zg?t=8166,2026-06-02T15:20:49Z,02:16:06,02:20:17
晴る,ヨルシカ,w64LliYM8zg,https://youtu.be/w64LliYM8zg?t=8417,2026-06-02T15:20:49Z,02:20:17,02:25:17
性善説,amazarashi,90JhkzD6LP4,https://youtu.be/90JhkzD6LP4?t=1675,2026-06-03T17:32:38Z,00:27:55,00:34:14
ワンルーム叙事詩,amazarashi,90JhkzD6LP4,https://youtu.be/90JhkzD6LP4?t=2054,2026-06-03T17:32:38Z,00:34:14,00:39:31
とどめを刺して,amazarashi,90JhkzD6LP4,https://youtu.be/90JhkzD6LP4?t=2371,2026-06-03T17:32:38Z,00:39:31,00:44:00
スターライト,amazarashi,90JhkzD6LP4,https://youtu.be/90JhkzD6LP4?t=2640,2026-06-03T17:32:38Z,00:44:00,00:57:11
アルクアラウンド,サカナクション,90JhkzD6LP4,https://youtu.be/90JhkzD6LP4?t=3431,2026-06-03T17:32:38Z,00:57:11,01:01:58
さよならはエモーション,サカナクション,90JhkzD6LP4,https://youtu.be/90JhkzD6LP4?t=3718,2026-06-03T17:32:38Z,01:01:58,01:06:27
プラトー,サカナクション,90JhkzD6LP4,https://youtu.be/90JhkzD6LP4?t=3987,2026-06-03T17:32:38Z,01:06:27,01:11:10
ボイル,サカナクション,90JhkzD6LP4,https://youtu.be/90JhkzD6LP4?t=4270,2026-06-03T17:32:38Z,01:11:10,01:24:49
サザンクロス,BUMP OF CHICKEN,90JhkzD6LP4,https://youtu.be/90JhkzD6LP4?t=5089,2026-06-03T17:32:38Z,01:24:49,01:29:38
ゼロ,BUMP OF CHICKEN,90JhkzD6LP4,https://youtu.be/90JhkzD6LP4?t=5378,2026-06-03T17:32:38Z,01:29:38,01:34:38
雨とカプチーノ,ヨルシカ,6gvuD-R1WxM,https://youtu.be/6gvuD-R1WxM?t=190,2026-06-04T11:35:48Z,00:03:10,00:08:14
怪獣,サカナクション,6gvuD-R1WxM,https://youtu.be/6gvuD-R1WxM?t=494,2026-06-04T11:35:48Z,00:08:14,00:12:54
ミカヅキ,さユり,6gvuD-R1WxM,https://youtu.be/6gvuD-R1WxM?t=774,2026-06-04T11:35:48Z,00:12:54,00:17:33
ray,BUMP OF CHICKEN,6gvuD-R1WxM,https://youtu.be/6gvuD-R1WxM?t=1053,2026-06-04T11:35:48Z,00:17:33,00:22:56
"Mock,mock","ミナミイズミ, 朱名, メーメントヴァニタス",6gvuD-R1WxM,https://youtu.be/6gvuD-R1WxM?t=1376,2026-06-04T11:35:48Z,00:22:56,00:27:21
ぐるぐる,ミナミイズミ,6gvuD-R1WxM,https://youtu.be/6gvuD-R1WxM?t=1641,2026-06-04T11:35:48Z,00:27:21,00:32:21
カタオモイ,Aimer,SJULeBm8fbM,https://youtu.be/SJULeBm8fbM?t=923,2026-06-05T16:14:53Z,00:15:23,00:20:23
エンドレスロール,hockrockb,SJULeBm8fbM,https://youtu.be/SJULeBm8fbM?t=1223,2026-06-05T16:14:53Z,00:20:23,00:24:50
高嶺の花子さん,back number,SJULeBm8fbM,https://youtu.be/SJULeBm8fbM?t=1490,2026-06-05T16:14:53Z,00:24:50,00:30:22
わたがし,back number,SJULeBm8fbM,https://youtu.be/SJULeBm8fbM?t=1822,2026-06-05T16:14:53Z,00:30:22,00:36:46
ヒロイン,back number,SJULeBm8fbM,https://youtu.be/SJULeBm8fbM?t=2206,2026-06-05T16:14:53Z,00:36:46,00:42:43
やさしいキスをして,DREAMS COME TRUE,SJULeBm8fbM,https://youtu.be/SJULeBm8fbM?t=2563,2026-06-05T16:14:53Z,00:42:43,00:47:48
点描の唄,Mrs. GREEN APPLE,SJULeBm8fbM,https://youtu.be/SJULeBm8fbM?t=2868,2026-06-05T16:14:53Z,00:47:48,00:54:56
Pretender,Official髭男dism,SJULeBm8fbM,https://youtu.be/SJULeBm8fbM?t=3296,2026-06-05T16:14:53Z,00:54:56,01:00:51
Subtitle,Official髭男dism,SJULeBm8fbM,https://youtu.be/SJULeBm8fbM?t=3651,2026-06-05T16:14:53Z,01:00:51,01:10:15
Wherever you are,ONE OK ROCK,SJULeBm8fbM,https://youtu.be/SJULeBm8fbM?t=4215,2026-06-05T16:14:53Z,01:10:15,01:16:55
Heartache,ONE OK ROCK,SJULeBm8fbM,https://youtu.be/SJULeBm8fbM?t=4615,2026-06-05T16:14:53Z,01:16:55,01:27:57
Lemon,米津玄師,SJULeBm8fbM,https://youtu.be/SJULeBm8fbM?t=5277,2026-06-05T16:14:53Z,01:27:57,01:32:48
ドライフラワー,優里,SJULeBm8fbM,https://youtu.be/SJULeBm8fbM?t=5568,2026-06-05T16:14:53Z,01:32:48,01:38:29
Dear…,西野カナ,SJULeBm8fbM,https://youtu.be/SJULeBm8fbM?t=5909,2026-06-05T16:14:53Z,01:38:29,01:45:11
会いたくて 会いたくて,西野カナ,SJULeBm8fbM,https://youtu.be/SJULeBm8fbM?t=6311,2026-06-05T16:14:53Z,01:45:11,01:52:09
君の知らない物語,supercell,SJULeBm8fbM,https://youtu.be/SJULeBm8fbM?t=6729,2026-06-05T16:14:53Z,01:52:09,02:00:25
三日月,絢香,SJULeBm8fbM,https://youtu.be/SJULeBm8fbM?t=7225,2026-06-05T16:14:53Z,02:00:25,02:06:11
W/X/Y,Tani Yuuki,SJULeBm8fbM,https://youtu.be/SJULeBm8fbM?t=7571,2026-06-05T16:14:53Z,02:06:11,02:12:13
春泥棒,ヨルシカ,SJULeBm8fbM,https://youtu.be/SJULeBm8fbM?t=7933,2026-06-05T16:14:53Z,02:12:13,02:17:53
気まぐれロマンティック,いきものがかり,SJULeBm8fbM,https://youtu.be/SJULeBm8fbM?t=8273,2026-06-05T16:14:53Z,02:17:53,02:22:53
ソラニン,ASIAN KUNG-FU GENERATION,-UJcLiwd43I,https://youtu.be/-UJcLiwd43I?t=708,2026-06-06T17:09:49Z,00:11:48,00:21:13
美しい棘,GLIM SPANKY,-UJcLiwd43I,https://youtu.be/-UJcLiwd43I?t=1273,2026-06-06T17:09:49Z,00:21:13,00:28:38
美しい鰭,スピッツ,-UJcLiwd43I,https://youtu.be/-UJcLiwd43I?t=1718,2026-06-06T17:09:49Z,00:28:38,00:32:39
ロビンソン,スピッツ,-UJcLiwd43I,https://youtu.be/-UJcLiwd43I?t=1959,2026-06-06T17:09:49Z,00:32:39,00:39:15
スノースマイル,BUMP OF CHICKEN,-UJcLiwd43I,https://youtu.be/-UJcLiwd43I?t=2355,2026-06-06T17:09:49Z,00:39:15,00:45:33
花の名,BUMP OF CHICKEN,-UJcLiwd43I,https://youtu.be/-UJcLiwd43I?t=2733,2026-06-06T17:09:49Z,00:45:33,00:56:18
トレモロ,RADWIMPS,-UJcLiwd43I,https://youtu.be/-UJcLiwd43I?t=3378,2026-06-06T17:09:49Z,00:56:18,01:00:52
晩餐歌,tuki.,-UJcLiwd43I,https://youtu.be/-UJcLiwd43I?t=3652,2026-06-06T17:09:49Z,01:00:52,01:07:07
未来の破片,ASIAN KUNG-FU GENERATION,-UJcLiwd43I,https://youtu.be/-UJcLiwd43I?t=4027,2026-06-06T17:09:49Z,01:07:07,01:13:20
ゼロ,BUMP OF CHICKEN,-UJcLiwd43I,https://youtu.be/-UJcLiwd43I?t=4400,2026-06-06T17:09:49Z,01:13:20,01:22:46
夜の踊り子,サカナクション,-UJcLiwd43I,https://youtu.be/-UJcLiwd43I?t=4966,2026-06-06T17:09:49Z,01:22:46,01:29:50
アルクアラウンド,サカナクション,-UJcLiwd43I,https://youtu.be/-UJcLiwd43I?t=5390,2026-06-06T17:09:49Z,01:29:50,01:34:32
アイデンティティ,サカナクション,-UJcLiwd43I,https://youtu.be/-UJcLiwd43I?t=5672,2026-06-06T17:09:49Z,01:34:32,01:39:50
ガラスのブルース,BUMP OF CHICKEN,-UJcLiwd43I,https://youtu.be/-UJcLiwd43I?t=5990,2026-06-06T17:09:49Z,01:39:50,01:46:33
ray,BUMP OF CHICKEN,-UJcLiwd43I,https://youtu.be/-UJcLiwd43I?t=6393,2026-06-06T17:09:49Z,01:46:33,01:52:58
なないろ,BUMP OF CHICKEN,-UJcLiwd43I,https://youtu.be/-UJcLiwd43I?t=6778,2026-06-06T17:09:49Z,01:52:58,02:00:03
最後の雨,中西保志,-UJcLiwd43I,https://youtu.be/-UJcLiwd43I?t=7203,2026-06-06T17:09:49Z,02:00:03,02:09:58
ハナミズキ,一青窈,-UJcLiwd43I,https://youtu.be/-UJcLiwd43I?t=7798,2026-06-06T17:09:49Z,02:09:58,02:28:47
Gravity,BUMP OF CHICKEN,-UJcLiwd43I,https://youtu.be/-UJcLiwd43I?t=8927,2026-06-06T17:09:49Z,02:28:47,02:36:38
涙のふるさと,BUMP OF CHICKEN,-UJcLiwd43I,https://youtu.be/-UJcLiwd43I?t=9398,2026-06-06T17:09:49Z,02:36:38,02:42:59
strawberry,BUMP OF CHICKEN,-UJcLiwd43I,https://youtu.be/-UJcLiwd43I?t=9779,2026-06-06T17:09:49Z,02:42:59,02:55:27
友達の唄,BUMP OF CHICKEN,-UJcLiwd43I,https://youtu.be/-UJcLiwd43I?t=10527,2026-06-06T17:09:49Z,02:55:27,03:03:11
雨とカプチーノ,ヨルシカ,-UJcLiwd43I,https://youtu.be/-UJcLiwd43I?t=10991,2026-06-06T17:09:49Z,03:03:11,03:08:33
ほんとのほんと,BUMP OF CHICKEN,-UJcLiwd43I,https://youtu.be/-UJcLiwd43I?t=11313,2026-06-06T17:09:49Z,03:08:33,03:16:40
結晶,ミナミイズミ,-UJcLiwd43I,https://youtu.be/-UJcLiwd43I?t=11800,2026-06-06T17:09:49Z,03:16:40,03:21:40
ナイトメア,amazarashi,LXUSMKxKrkc,https://youtu.be/LXUSMKxKrkc?t=606,2026-06-07T16:42:27Z,00:10:06,00:15:43
季節は次々死んでいく,amazarashi,LXUSMKxKrkc,https://youtu.be/LXUSMKxKrkc?t=943,2026-06-07T16:42:27Z,00:15:43,00:22:57
どうなったって,amazarashi,LXUSMKxKrkc,https://youtu.be/LXUSMKxKrkc?t=1377,2026-06-07T16:42:27Z,00:22:57,00:30:21
痛覚,amazarashi,LXUSMKxKrkc,https://youtu.be/LXUSMKxKrkc?t=1821,2026-06-07T16:42:27Z,00:30:21,00:37:18
空に歌えば,amazarashi,LXUSMKxKrkc,https://youtu.be/LXUSMKxKrkc?t=2238,2026-06-07T16:42:27Z,00:37:18,00:43:13
空洞空洞,amazarashi,LXUSMKxKrkc,https://youtu.be/LXUSMKxKrkc?t=2593,2026-06-07T16:42:27Z,00:43:13,00:49:01
さよならごっこ,amazarashi,LXUSMKxKrkc,https://youtu.be/LXUSMKxKrkc?t=2941,2026-06-07T16:42:27Z,00:49:01,00:54:41
僕が死のうと思ったのは,amazarashi,LXUSMKxKrkc,https://youtu.be/LXUSMKxKrkc?t=3281,2026-06-07T16:42:27Z,00:54:41,01:01:51
1.0,amazarashi,LXUSMKxKrkc,https://youtu.be/LXUSMKxKrkc?t=3711,2026-06-07T16:42:27Z,01:01:51,01:09:24
アンチノミー,amazarashi,LXUSMKxKrkc,https://youtu.be/LXUSMKxKrkc?t=4164,2026-06-07T16:42:27Z,01:09:24,01:16:31
命にふさわしい,amazarashi,LXUSMKxKrkc,https://youtu.be/LXUSMKxKrkc?t=4591,2026-06-07T16:42:27Z,01:16:31,01:24:27
自虐家のアリー,amazarashi,LXUSMKxKrkc,https://youtu.be/LXUSMKxKrkc?t=5067,2026-06-07T16:42:27Z,01:24:27,01:30:00
ワンルーム叙事詩,amazarashi,LXUSMKxKrkc,https://youtu.be/LXUSMKxKrkc?t=5400,2026-06-07T16:42:27Z,01:30:00,01:36:00
月曜日,amazarashi,LXUSMKxKrkc,https://youtu.be/LXUSMKxKrkc?t=5760,2026-06-07T16:42:27Z,01:36:00,01:42:07
爆弾の作り方,amazarashi,LXUSMKxKrkc,https://youtu.be/LXUSMKxKrkc?t=6127,2026-06-07T16:42:27Z,01:42:07,01:47:38
もう一度,amazarashi,LXUSMKxKrkc,https://youtu.be/LXUSMKxKrkc?t=6458,2026-06-07T16:42:27Z,01:47:38,01:53:12
ジュブナイル,amazarashi,LXUSMKxKrkc,https://youtu.be/LXUSMKxKrkc?t=6792,2026-06-07T16:42:27Z,01:53:12,01:59:28
空っぽの空に潰される,amazarashi,LXUSMKxKrkc,https://youtu.be/LXUSMKxKrkc?t=7168,2026-06-07T16:42:27Z,01:59:28,02:05:48
多数決,amazarashi,LXUSMKxKrkc,https://youtu.be/LXUSMKxKrkc?t=7548,2026-06-07T16:42:27Z,02:05:48,02:11:58
とどめを刺して,amazarashi,LXUSMKxKrkc,https://youtu.be/LXUSMKxKrkc?t=7918,2026-06-07T16:42:27Z,02:11:58,02:16:46
フィロソフィー,amazarashi,LXUSMKxKrkc,https://youtu.be/LXUSMKxKrkc?t=8206,2026-06-07T16:42:27Z,02:16:46,02:23:20
アンアライブ,amazarashi,LXUSMKxKrkc,https://youtu.be/LXUSMKxKrkc?t=8600,2026-06-07T16:42:27Z,02:23:20,02:28:01
逃避行,amazarashi,LXUSMKxKrkc,https://youtu.be/LXUSMKxKrkc?t=8881,2026-06-07T16:42:27Z,02:28:01,02:33:33
美しき思い出,amazarashi,LXUSMKxKrkc,https://youtu.be/LXUSMKxKrkc?t=9213,2026-06-07T16:42:27Z,02:33:33,02:40:03
風に流離い,amazarashi,LXUSMKxKrkc,https://youtu.be/LXUSMKxKrkc?t=9603,2026-06-07T16:42:27Z,02:40:03,02:46:12
ヨクト,amazarashi,LXUSMKxKrkc,https://youtu.be/LXUSMKxKrkc?t=9972,2026-06-07T16:42:27Z,02:46:12,02:51:56
アダプテッド,amazarashi,LXUSMKxKrkc,https://youtu.be/LXUSMKxKrkc?t=10316,2026-06-07T16:42:27Z,02:51:56,02:57:38
ナモナキヒト,amazarashi,LXUSMKxKrkc,https://youtu.be/LXUSMKxKrkc?t=10658,2026-06-07T16:42:27Z,02:57:38,03:03:21
性善説,amazarashi,LXUSMKxKrkc,https://youtu.be/LXUSMKxKrkc?t=11001,2026-06-07T16:42:27Z,03:03:21,03:09:49
境界線,amazarashi,LXUSMKxKrkc,https://youtu.be/LXUSMKxKrkc?t=11389,2026-06-07T16:42:27Z,03:09:49,03:15:44
スターライト,amazarashi,LXUSMKxKrkc,https://youtu.be/LXUSMKxKrkc?t=11744,2026-06-07T16:42:27Z,03:15:44,03:20:44
ヴィラン,てにをは,7Xs6MGo2zw0,https://youtu.be/7Xs6MGo2zw0?t=694,2026-06-09T13:46:44Z,00:11:34,00:15:54
ハウトゥー世界征服,Neru,7Xs6MGo2zw0,https://youtu.be/7Xs6MGo2zw0?t=954,2026-06-09T13:46:44Z,00:15:54,00:20:26
再教育,Neru,7Xs6MGo2zw0,https://youtu.be/7Xs6MGo2zw0?t=1226,2026-06-09T13:46:44Z,00:20:26,00:25:10
東京テディベア,Neru,7Xs6MGo2zw0,https://youtu.be/7Xs6MGo2zw0?t=1510,2026-06-09T13:46:44Z,00:25:10,00:29:48
ロストワンの号哭,Neru,7Xs6MGo2zw0,https://youtu.be/7Xs6MGo2zw0?t=1788,2026-06-09T13:46:44Z,00:29:48,00:34:14
天ノ弱,164,7Xs6MGo2zw0,https://youtu.be/7Xs6MGo2zw0?t=2054,2026-06-09T13:46:44Z,00:34:14,00:38:04
千本桜,黒うさP,7Xs6MGo2zw0,https://youtu.be/7Xs6MGo2zw0?t=2284,2026-06-09T13:46:44Z,00:38:04,00:43:04
夜咄ディセイブ,じん,7Xs6MGo2zw0,https://youtu.be/7Xs6MGo2zw0?t=2584,2026-06-09T13:46:44Z,00:43:04,00:46:51
サマータイムレコード,じん,7Xs6MGo2zw0,https://youtu.be/7Xs6MGo2zw0?t=2811,2026-06-09T13:46:44Z,00:46:51,00:52:02
六兆年と一夜物語,kemu,7Xs6MGo2zw0,https://youtu.be/7Xs6MGo2zw0?t=3122,2026-06-09T13:46:44Z,00:52:02,00:57:21
モザイクロール,DECO*27,7Xs6MGo2zw0,https://youtu.be/7Xs6MGo2zw0?t=3441,2026-06-09T13:46:44Z,00:57:21,01:01:26
リンネ,ハチ,7Xs6MGo2zw0,https://youtu.be/7Xs6MGo2zw0?t=3686,2026-06-09T13:46:44Z,01:01:26,01:06:21
ドーナツホール,ハチ,7Xs6MGo2zw0,https://youtu.be/7Xs6MGo2zw0?t=3981,2026-06-09T13:46:44Z,01:06:21,01:11:03
ロミオとシンデレラ,doriko,7Xs6MGo2zw0,https://youtu.be/7Xs6MGo2zw0?t=4263,2026-06-09T13:46:44Z,01:11:03,01:16:52
サリシノハラ,みきとP,7Xs6MGo2zw0,https://youtu.be/7Xs6MGo2zw0?t=4612,2026-06-09T13:46:44Z,01:16:52,01:22:38
からくりピエロ,40mP,7Xs6MGo2zw0,https://youtu.be/7Xs6MGo2zw0?t=4958,2026-06-09T13:46:44Z,01:22:38,01:27:53
弱虫モンブラン,DECO*27,7Xs6MGo2zw0,https://youtu.be/7Xs6MGo2zw0?t=5273,2026-06-09T13:46:44Z,01:27:53,01:33:07
心拍数♯0822,蝶々P,7Xs6MGo2zw0,https://youtu.be/7Xs6MGo2zw0?t=5587,2026-06-09T13:46:44Z,01:33:07,01:39:10
夜明けと蛍,n-buna,7Xs6MGo2zw0,https://youtu.be/7Xs6MGo2zw0?t=5950,2026-06-09T13:46:44Z,01:39:10,01:44:10
会心の一撃,RADWIMPS,ARwT7-rdU1w,https://youtu.be/ARwT7-rdU1w?t=446,2026-06-10T13:25:40Z,00:07:26,00:12:15
前前前世,RADWIMPS,ARwT7-rdU1w,https://youtu.be/ARwT7-rdU1w?t=735,2026-06-10T13:25:40Z,00:12:15,00:17:02
君と羊と青,RADWIMPS,ARwT7-rdU1w,https://youtu.be/ARwT7-rdU1w?t=1022,2026-06-10T13:25:40Z,00:17:02,00:19:50
フルカラープログラム,UNISON SQUARE GARDEN,ARwT7-rdU1w,https://youtu.be/ARwT7-rdU1w?t=1190,2026-06-10T13:25:40Z,00:19:50,00:24:26
マーメイドスキャンダラス,UNISON SQUARE GARDEN,ARwT7-rdU1w,https://youtu.be/ARwT7-rdU1w?t=1466,2026-06-10T13:25:40Z,00:24:26,00:27:54
シュガーソングとビターステップ,UNISON SQUARE GARDEN,ARwT7-rdU1w,https://youtu.be/ARwT7-rdU1w?t=1674,2026-06-10T13:25:40Z,00:27:54,00:32:21
only my railgun,fripSide,ARwT7-rdU1w,https://youtu.be/ARwT7-rdU1w?t=1941,2026-06-10T13:25:40Z,00:32:21,00:36:50
るーららるーらーるららるーらー,さユり,ARwT7-rdU1w,https://youtu.be/ARwT7-rdU1w?t=2210,2026-06-10T13:25:40Z,00:36:50,00:40:19
花の塔,さユり,ARwT7-rdU1w,https://youtu.be/ARwT7-rdU1w?t=2419,2026-06-10T13:25:40Z,00:40:19,00:45:15
Catch the Moment,LiSA,ARwT7-rdU1w,https://youtu.be/ARwT7-rdU1w?t=2715,2026-06-10T13:25:40Z,00:45:15,00:50:08
ココロのちず,BOYSTYLE,ARwT7-rdU1w,https://youtu.be/ARwT7-rdU1w?t=3008,2026-06-10T13:25:40Z,00:50:08,00:54:46
again,YUI,ARwT7-rdU1w,https://youtu.be/ARwT7-rdU1w?t=3286,2026-06-10T13:25:40Z,00:54:46,00:59:23
ノーダウト,Official髭男dism,ARwT7-rdU1w,https://youtu.be/ARwT7-rdU1w?t=3563,2026-06-10T13:25:40Z,00:59:23,01:02:49
CORE PRIDE,UVERworld,ARwT7-rdU1w,https://youtu.be/ARwT7-rdU1w?t=3769,2026-06-10T13:25:40Z,01:02:49,01:07:13
曇天,DOES,ARwT7-rdU1w,https://youtu.be/ARwT7-rdU1w?t=4033,2026-06-10T13:25:40Z,01:07:13,01:10:28
daze,じん,ARwT7-rdU1w,https://youtu.be/ARwT7-rdU1w?t=4228,2026-06-10T13:25:40Z,01:10:28,01:14:35
I,BUMP OF CHICKEN,ARwT7-rdU1w,https://youtu.be/ARwT7-rdU1w?t=4475,2026-06-10T13:25:40Z,01:14:35,01:18:51
K,BUMP OF CHICKEN,ARwT7-rdU1w,https://youtu.be/ARwT7-rdU1w?t=4731,2026-06-10T13:25:40Z,01:18:51,01:22:52
グングニル,BUMP OF CHICKEN,ARwT7-rdU1w,https://youtu.be/ARwT7-rdU1w?t=4972,2026-06-10T13:25:40Z,01:22:52,01:27:08
新世界,BUMP OF CHICKEN,ARwT7-rdU1w,https://youtu.be/ARwT7-rdU1w?t=5228,2026-06-10T13:25:40Z,01:27:08,01:31:00
sailing day,BUMP OF CHICKEN,ARwT7-rdU1w,https://youtu.be/ARwT7-rdU1w?t=5460,2026-06-10T13:25:40Z,01:31:00,01:35:08
天体観測,BUMP OF CHICKEN,ARwT7-rdU1w,https://youtu.be/ARwT7-rdU1w?t=5708,2026-06-10T13:25:40Z,01:35:08,01:40:08
波に名前をつけること、僕らの呼吸に終わりがあること。,キタニタツヤ(こんにちは谷田さん),GvSZW9B7r9M,https://youtu.be/GvSZW9B7r9M?t=860,2026-06-12T16:57:37Z,00:14:20,00:30:51
奏,スキマスイッチ,GvSZW9B7r9M,https://youtu.be/GvSZW9B7r9M?t=1851,2026-06-12T16:57:37Z,00:30:51,00:37:35
光と影,ハナレグミ,GvSZW9B7r9M,https://youtu.be/GvSZW9B7r9M?t=2255,2026-06-12T16:57:37Z,00:37:35,00:45:44
BABY STEP,LAMP IN TERREN,GvSZW9B7r9M,https://youtu.be/GvSZW9B7r9M?t=2744,2026-06-12T16:57:37Z,00:45:44,00:51:38
へび,ヨルシカ,GvSZW9B7r9M,https://youtu.be/GvSZW9B7r9M?t=3098,2026-06-12T16:57:37Z,00:51:38,00:57:22
アポリア,ヨルシカ,GvSZW9B7r9M,https://youtu.be/GvSZW9B7r9M?t=3442,2026-06-12T16:57:37Z,00:57:22,01:02:24
風を食む,ヨルシカ,GvSZW9B7r9M,https://youtu.be/GvSZW9B7r9M?t=3744,2026-06-12T16:57:37Z,01:02:24,01:08:31
打上花火,DAOKO×米津玄師,GvSZW9B7r9M,https://youtu.be/GvSZW9B7r9M?t=4111,2026-06-12T16:57:37Z,01:08:31,01:14:17
Lemon,米津玄師,GvSZW9B7r9M,https://youtu.be/GvSZW9B7r9M?t=4457,2026-06-12T16:57:37Z,01:14:17,01:19:15
vivi,米津玄師,GvSZW9B7r9M,https://youtu.be/GvSZW9B7r9M?t=4755,2026-06-12T16:57:37Z,01:19:15,01:24:08
アイネクライネ,米津玄師,GvSZW9B7r9M,https://youtu.be/GvSZW9B7r9M?t=5048,2026-06-12T16:57:37Z,01:24:08,01:33:23
ダイヤモンド,BUMP OF CHICKEN,GvSZW9B7r9M,https://youtu.be/GvSZW9B7r9M?t=5603,2026-06-12T16:57:37Z,01:33:23,01:39:17
メロディーフラッグ,BUMP OF CHICKEN,GvSZW9B7r9M,https://youtu.be/GvSZW9B7r9M?t=5957,2026-06-12T16:57:37Z,01:39:17,01:45:57
66号線,BUMP OF CHICKEN,GvSZW9B7r9M,https://youtu.be/GvSZW9B7r9M?t=6357,2026-06-12T16:57:37Z,01:45:57,01:54:21
青の朔日,BUMP OF CHICKEN,GvSZW9B7r9M,https://youtu.be/GvSZW9B7r9M?t=6861,2026-06-12T16:57:37Z,01:54:21,02:02:38
ディアマン,BUMP OF CHICKEN,GvSZW9B7r9M,https://youtu.be/GvSZW9B7r9M?t=7358,2026-06-12T16:57:37Z,02:02:38,02:07:38
有心論,RADWIMPS,uhCPtw29ay4,https://youtu.be/uhCPtw29ay4?t=634,2026-06-13T17:25:07Z,00:10:34,00:18:07
鱗（うろこ）,秦基博,uhCPtw29ay4,https://youtu.be/uhCPtw29ay4?t=1087,2026-06-13T17:25:07Z,00:18:07,00:24:37
ひまわりの約束,秦基博,uhCPtw29ay4,https://youtu.be/uhCPtw29ay4?t=1477,2026-06-13T17:25:07Z,00:24:37,00:30:42
good friends,BUMP OF CHICKEN,uhCPtw29ay4,https://youtu.be/uhCPtw29ay4?t=1842,2026-06-13T17:25:07Z,00:30:42,00:35:42
栞,クリープハイプ,uhCPtw29ay4,https://youtu.be/uhCPtw29ay4?t=2142,2026-06-13T17:25:07Z,00:35:42,00:41:20
おやすみ泣き声、さよなら歌姫,クリープハイプ,uhCPtw29ay4,https://youtu.be/uhCPtw29ay4?t=2480,2026-06-13T17:25:07Z,00:41:20,00:48:27
憂、燦々,クリープハイプ,uhCPtw29ay4,https://youtu.be/uhCPtw29ay4?t=2907,2026-06-13T17:25:07Z,00:48:27,00:57:18
愛を伝えたいだとか,あいみょん,uhCPtw29ay4,https://youtu.be/uhCPtw29ay4?t=3438,2026-06-13T17:25:07Z,00:57:18,01:01:41
今夜このまま,あいみょん,uhCPtw29ay4,https://youtu.be/uhCPtw29ay4?t=3701,2026-06-13T17:25:07Z,01:01:41,01:14:21
世界に一つだけの花,SMAP,uhCPtw29ay4,https://youtu.be/uhCPtw29ay4?t=4461,2026-06-13T17:25:07Z,01:14:21,01:19:06
夜空ノムコウ,SMAP,uhCPtw29ay4,https://youtu.be/uhCPtw29ay4?t=4746,2026-06-13T17:25:07Z,01:19:06,01:24:53
真赤,My Hair is Bad,uhCPtw29ay4,https://youtu.be/uhCPtw29ay4?t=5093,2026-06-13T17:25:07Z,01:24:53,01:29:04
ミカヅキ,さユり,uhCPtw29ay4,https://youtu.be/uhCPtw29ay4?t=5344,2026-06-13T17:25:07Z,01:29:04,01:34:29
来世で会おう,さユり,uhCPtw29ay4,https://youtu.be/uhCPtw29ay4?t=5669,2026-06-13T17:25:07Z,01:34:29,01:39:52
フラレガイガール,さユり,uhCPtw29ay4,https://youtu.be/uhCPtw29ay4?t=5992,2026-06-13T17:25:07Z,01:39:52,01:48:40
酸欠少女,さユり,uhCPtw29ay4,https://youtu.be/uhCPtw29ay4?t=6520,2026-06-13T17:25:07Z,01:48:40,01:56:23
夜明けの詩,さユり,uhCPtw29ay4,https://youtu.be/uhCPtw29ay4?t=6983,2026-06-13T17:25:07Z,01:56:23,02:02:39
トレモロ,RADWIMPS,uhCPtw29ay4,https://youtu.be/uhCPtw29ay4?t=7359,2026-06-13T17:25:07Z,02:02:39,02:10:26
今宵の月のように,エレファントカシマシ,uhCPtw29ay4,https://youtu.be/uhCPtw29ay4?t=7826,2026-06-13T17:25:07Z,02:10:26,02:15:21
タッチ,岩崎良美,uhCPtw29ay4,https://youtu.be/uhCPtw29ay4?t=8121,2026-06-13T17:25:07Z,02:15:21,02:20:01
366日,HY,uhCPtw29ay4,https://youtu.be/uhCPtw29ay4?t=8401,2026-06-13T17:25:07Z,02:20:01,02:28:40
粉雪,レミオロメン,uhCPtw29ay4,https://youtu.be/uhCPtw29ay4?t=8920,2026-06-13T17:25:07Z,02:28:40,02:34:34
丸の内サディスティック,椎名林檎,uhCPtw29ay4,https://youtu.be/uhCPtw29ay4?t=9274,2026-06-13T17:25:07Z,02:34:34,02:44:16
again,YUI,uhCPtw29ay4,https://youtu.be/uhCPtw29ay4?t=9856,2026-06-13T17:25:07Z,02:44:16,02:49:49
CHE.R.RY,YUI,uhCPtw29ay4,https://youtu.be/uhCPtw29ay4?t=10189,2026-06-13T17:25:07Z,02:49:49,02:56:40
だから僕は音楽を辞めた,ヨルシカ,uhCPtw29ay4,https://youtu.be/uhCPtw29ay4?t=10600,2026-06-13T17:25:07Z,02:56:40,03:01:37
靴の花火,ヨルシカ,uhCPtw29ay4,https://youtu.be/uhCPtw29ay4?t=10897,2026-06-13T17:25:07Z,03:01:37,03:08:53
又三郎,ヨルシカ,uhCPtw29ay4,https://youtu.be/uhCPtw29ay4?t=11333,2026-06-13T17:25:07Z,03:08:53,03:16:55
Break through,ミナミイズミ,uhCPtw29ay4,https://youtu.be/uhCPtw29ay4?t=11815,2026-06-13T17:25:07Z,03:16:55,03:25:37
チワワになりたい,ミナミイズミ,uhCPtw29ay4,https://youtu.be/uhCPtw29ay4?t=12337,2026-06-13T17:25:07Z,03:25:37,03:32:28
諦めることを諦めたい,ミナミイズミ,uhCPtw29ay4,https://youtu.be/uhCPtw29ay4?t=12748,2026-06-13T17:25:07Z,03:32:28,03:37:57
ぐるぐる,ミナミイズミ,uhCPtw29ay4,https://youtu.be/uhCPtw29ay4?t=13077,2026-06-13T17:25:07Z,03:37:57,03:44:25
"Mock,mock","ミナミイズミ, 朱名, メーメントヴァニタス",uhCPtw29ay4,https://youtu.be/uhCPtw29ay4?t=13465,2026-06-13T17:25:07Z,03:44:25,03:49:25
ヒカリヘ,miwa,bLtpm5KNVo0,https://youtu.be/bLtpm5KNVo0?t=509,2026-06-14T07:50:06Z,00:08:29,00:13:58
多分、風。,サカナクション,bLtpm5KNVo0,https://youtu.be/bLtpm5KNVo0?t=838,2026-06-14T07:50:06Z,00:13:58,00:19:05
ナイロンの糸,サカナクション,bLtpm5KNVo0,https://youtu.be/bLtpm5KNVo0?t=1145,2026-06-14T07:50:06Z,00:19:05,00:24:15
夜の踊り子,サカナクション,bLtpm5KNVo0,https://youtu.be/bLtpm5KNVo0?t=1455,2026-06-14T07:50:06Z,00:24:15,00:29:30
ミュージック,サカナクション,bLtpm5KNVo0,https://youtu.be/bLtpm5KNVo0?t=1770,2026-06-14T07:50:06Z,00:29:30,00:35:12
アルクアラウンド,サカナクション,bLtpm5KNVo0,https://youtu.be/bLtpm5KNVo0?t=2112,2026-06-14T07:50:06Z,00:35:12,00:40:34
窓の中から,BUMP OF CHICKEN,bLtpm5KNVo0,https://youtu.be/bLtpm5KNVo0?t=2434,2026-06-14T07:50:06Z,00:40:34,00:47:42
ウェザーリポート,BUMP OF CHICKEN,bLtpm5KNVo0,https://youtu.be/bLtpm5KNVo0?t=2862,2026-06-14T07:50:06Z,00:47:42,00:52:07
HAPPY,BUMP OF CHICKEN,bLtpm5KNVo0,https://youtu.be/bLtpm5KNVo0?t=3127,2026-06-14T07:50:06Z,00:52:07,00:59:01
セントエルモの火,BUMP OF CHICKEN,bLtpm5KNVo0,https://youtu.be/bLtpm5KNVo0?t=3541,2026-06-14T07:50:06Z,00:59:01,01:05:16
セントエルモの火,皇美緒奈,bLtpm5KNVo0,https://youtu.be/bLtpm5KNVo0?t=3916,2026-06-14T07:50:06Z,01:05:16,01:11:51
点描の唄,Mrs. GREEN APPLE,bLtpm5KNVo0,https://youtu.be/bLtpm5KNVo0?t=4311,2026-06-14T07:50:06Z,01:11:51,01:17:25
雨とカプチーノ,ヨルシカ,bLtpm5KNVo0,https://youtu.be/bLtpm5KNVo0?t=4645,2026-06-14T07:50:06Z,01:17:25,01:22:06
ただ君に晴れ,ヨルシカ,bLtpm5KNVo0,https://youtu.be/bLtpm5KNVo0?t=4926,2026-06-14T07:50:06Z,01:22:06,01:25:36
月に吠える,ヨルシカ,bLtpm5KNVo0,https://youtu.be/bLtpm5KNVo0?t=5136,2026-06-14T07:50:06Z,01:25:36,01:30:33
準透明少年,ヨルシカ,bLtpm5KNVo0,https://youtu.be/bLtpm5KNVo0?t=5433,2026-06-14T07:50:06Z,01:30:33,01:35:24
強盗と花束,ヨルシカ,bLtpm5KNVo0,https://youtu.be/bLtpm5KNVo0?t=5724,2026-06-14T07:50:06Z,01:35:24,01:39:15
言って。,ヨルシカ,bLtpm5KNVo0,https://youtu.be/bLtpm5KNVo0?t=5955,2026-06-14T07:50:06Z,01:39:15,01:44:05
花になって,緑黄色社会,bLtpm5KNVo0,https://youtu.be/bLtpm5KNVo0?t=6245,2026-06-14T07:50:06Z,01:44:05,01:48:04
ワールド・ランプシェード,buzzG,bLtpm5KNVo0,https://youtu.be/bLtpm5KNVo0?t=6484,2026-06-14T07:50:06Z,01:48:04,01:53:51
ヴィラン,てにをは,bLtpm5KNVo0,https://youtu.be/bLtpm5KNVo0?t=6831,2026-06-14T07:50:06Z,01:53:51,01:57:37
再教育,Neru,bLtpm5KNVo0,https://youtu.be/bLtpm5KNVo0?t=7057,2026-06-14T07:50:06Z,01:57:37,02:01:50
ハウトゥー世界征服,Neru,bLtpm5KNVo0,https://youtu.be/bLtpm5KNVo0?t=7310,2026-06-14T07:50:06Z,02:01:50,02:06:23
千本桜,黒うさP,bLtpm5KNVo0,https://youtu.be/bLtpm5KNVo0?t=7583,2026-06-14T07:50:06Z,02:06:23,02:11:23
